edition,discipline,sex,round,title,publisher,url,archived,survey,held,reason
diamond-league/2016-07-15-monaco,1500m,men,final,1500m Men,SportResult,http://static.sportresult.com/sports/at/data/2016/monaco/are0130040.pdf,20160805180935,race,dl-2016-monaco/1500m-men/final,
diamond-league/2016-07-15-monaco,3000m,women,final,3000m Women,SportResult,http://static.sportresult.com/sports/at/data/2016/monaco/are1160040.pdf,20160805171113,race,dl-2016-monaco/3000m-women/final,
diamond-league/2016-07-15-monaco,3000msc,men,final,3000m Steeplechase Men,SportResult,http://static.sportresult.com/sports/at/data/2016/monaco/are0290040.pdf,20160805171101,race,,"timed at laps to go, which the analysis does not place in metres (the steeplechase lap depends on the track)"
diamond-league/2016-07-15-monaco,800m,men,final,800m Men,SportResult,http://static.sportresult.com/sports/at/data/2016/monaco/are4110040.pdf,20160805171117,race,dl-2016-monaco/800m-men/final,
diamond-league/2016-07-15-monaco,800m,women,final,800m Women,SportResult,http://static.sportresult.com/sports/at/data/2016/monaco/are1110040.pdf,20160805171107,race,dl-2016-monaco/800m-women/final,
diamond-league/2016-08-31-zurich,1500m,women,final,1500m Women,SportResult,http://static.sportresult.com/sports/at/data/2016/zurich/are1130040.pdf,20160909171626,race,dl-2016-zurich/1500m-women/final,
diamond-league/2016-08-31-zurich,3000msc,women,final,3000m Steeplechase Women,SportResult,http://static.sportresult.com/sports/at/data/2016/zurich/are1290040.pdf,20160909171631,race,,"timed at laps to go, which the analysis does not place in metres (the steeplechase lap depends on the track)"
diamond-league/2016-08-31-zurich,5000m,men,final,5000m Men,SportResult,http://static.sportresult.com/sports/at/data/2016/zurich/are0170040.pdf,20160909173705,race,dl-2016-zurich/5000m-men/final,
diamond-league/2016-08-31-zurich,800m,men,final,800m Men - Young Diamonds Challenge,SportResult,http://static.sportresult.com/sports/at/data/2016/zurich/are4110040.pdf,20160909171637,undercard,,an age-group race
diamond-league/2016-08-31-zurich,800m,women,final,800m Women,SportResult,http://static.sportresult.com/sports/at/data/2016/zurich/are1110040.pdf,20160909173711,race,dl-2016-zurich/800m-women/final,
diamond-league/2017-05-05-doha,1500m,men,final,1500m Men,SportResult,http://static.sportresult.com/sports/at/data/2017/doha/are0130040.pdf,20190227123707,race,dl-2017-doha/1500m-men/final,
diamond-league/2017-05-05-doha,3000m,men,final,3000m Men,SportResult,http://static.sportresult.com/sports/at/data/2017/doha/are0160040.pdf,20190227125707,race,dl-2017-doha/3000m-men/final,
diamond-league/2017-05-05-doha,3000msc,women,final,3000m Steeplechase Women,SportResult,http://static.sportresult.com/sports/at/data/2017/doha/are1290040.pdf,20190227133005,race,,"timed at laps to go, which the analysis does not place in metres (the steeplechase lap depends on the track)"
diamond-league/2017-05-05-doha,800m,men,final,800m Men - Regional,SportResult,http://static.sportresult.com/sports/at/data/2017/doha/are4110040.pdf,20190227134416,race,,"a national or regional race, so named"
diamond-league/2017-05-05-doha,800m,women,final,800m Women,SportResult,http://static.sportresult.com/sports/at/data/2017/doha/are1110040.pdf,20190227104717,race,dl-2017-doha/800m-women/final,
diamond-league/2017-05-26-eugene,3000msc,women,final,Women's 3000M Steeplechase,Flash Results,https://www.flashresults.com/2017_Meets/Outdoor/05-26_PrefontaineClassic/006-1-01.htm,,race,,"its splits are labelled as on the flat track (200m, 600m ...), not where the steeplechase's laps end"
diamond-league/2017-05-26-eugene,mile,men,final,Bowerman Mile,Flash Results,https://www.flashresults.com/2017_Meets/Outdoor/05-26_PrefontaineClassic/024-1-01.htm,,race,dl-2017-eugene/mile-men/final,
diamond-league/2017-05-26-eugene,mile,men,final,International Men's Mile,Flash Results,https://www.flashresults.com/2017_Meets/Outdoor/05-26_PrefontaineClassic/018-1-01.htm,,race,dl-2017-eugene/mile-men/b-race,
diamond-league/2017-06-08-roma,1500m,women,final,1500m Women,SportResult,http://static.sportresult.com/sports/at/data/2017/rome/are1130040.pdf,20190425004555,race,dl-2017-rome/1500m-women/final,
diamond-league/2017-06-08-roma,3000msc,men,final,3000m Steeplechase Men,SportResult,http://static.sportresult.com/sports/at/data/2017/rome/are0290040.pdf,20190424222339,race,,"timed at laps to go, which the analysis does not place in metres (the steeplechase lap depends on the track)"
diamond-league/2017-06-08-roma,5000m,women,final,5000m Women,SportResult,http://static.sportresult.com/sports/at/data/2017/rome/are1170040.pdf,20190425013926,race,dl-2017-rome/5000m-women/final,
diamond-league/2017-06-08-roma,800m,men,final,800m Men,SportResult,http://static.sportresult.com/sports/at/data/2017/rome/are0110040.pdf,20190425044631,race,dl-2017-rome/800m-men/final,
diamond-league/2017-07-06-lausanne,1500m,men,final,1500m Men,SportResult,http://static.sportresult.com/sports/at/data/2017/lausanne/are0130040.pdf,20190514063418,race,dl-2017-lausanne/1500m-men/final,
diamond-league/2017-07-06-lausanne,1500m,men,,1500m Men - U18 Swiss Athletics Cross-Cup,SportResult,http://static.sportresult.com/sports/at/data/2017/lausanne/are6130040.pdf,20190514164211,unmatched,,an age-group race
diamond-league/2017-07-06-lausanne,1500m,women,,1500m Women - U18 Swiss Athletics Cross-Cup,SportResult,http://static.sportresult.com/sports/at/data/2017/lausanne/are9130040.pdf,20190514152919,unmatched,,an age-group race
diamond-league/2017-07-06-lausanne,1500m,women,,1500m Women - U20,SportResult,http://static.sportresult.com/sports/at/data/2017/lausanne/are7130040.pdf,20190515081255,unmatched,,an age-group race
diamond-league/2017-07-06-lausanne,5000m,men,final,5000m Men,SportResult,http://static.sportresult.com/sports/at/data/2017/lausanne/are0170040.pdf,20190515115309,race,dl-2017-lausanne/5000m-men/final,
diamond-league/2017-07-06-lausanne,800m,men,final,800m Men - B,SportResult,http://static.sportresult.com/sports/at/data/2017/lausanne/are6110040.pdf,20190514085730,undercard,,a national field (92% of it from the host country)
diamond-league/2017-07-06-lausanne,800m,women,final,800m Women,SportResult,http://static.sportresult.com/sports/at/data/2017/lausanne/are1110040.pdf,20190515052322,race,dl-2017-lausanne/800m-women/final,
diamond-league/2017-07-06-lausanne,mile,women,final,1 Mile Women,SportResult,http://static.sportresult.com/sports/at/data/2017/lausanne/are5140040.pdf,20190514063537,race,dl-2017-lausanne/mile-women/final,
diamond-league/2017-07-09-london,1500m,men,final,1500m Men,SportResult,http://static.sportresult.com/sports/at/data/2017/london/are4130040.pdf,20190516175919,race,dl-2017-london/1500m-men/final,
diamond-league/2017-07-09-london,3000m,men,final,3000m Men,SportResult,http://static.sportresult.com/sports/at/data/2017/london/are4160040.pdf,20190516174817,race,dl-2017-london/3000m-men/final,
diamond-league/2017-07-09-london,800m,men,final,800m Men,SportResult,http://static.sportresult.com/sports/at/data/2017/london/are0110040.pdf,20190516175325,race,dl-2017-london/800m-men/final,
diamond-league/2017-07-09-london,800m,women,final,800m Women,SportResult,http://static.sportresult.com/sports/at/data/2017/london/are5110040.pdf,20190516182607,race,dl-2017-london/800m-women/final,
diamond-league/2017-07-09-london,mile,women,final,1 Mile Women,SportResult,http://static.sportresult.com/sports/at/data/2017/london/are1140040.pdf,20190516175937,race,dl-2017-london/mile-women/final,
diamond-league/2017-07-16-rabat,1500m,men,final,1500m Men,SportResult,http://static.sportresult.com/sports/at/data/2017/rabat/are4130040.pdf,20190522071741,race,dl-2017-rabat/1500m-men/final,
diamond-league/2017-07-16-rabat,1500m,women,final,1500m Women,SportResult,http://static.sportresult.com/sports/at/data/2017/rabat/are1130040.pdf,20190522073307,race,dl-2017-rabat/1500m-women/final,
diamond-league/2017-07-16-rabat,3000m,men,final,3000m Men,SportResult,http://static.sportresult.com/sports/at/data/2017/rabat/are4160040.pdf,20190522072504,race,dl-2017-rabat/3000m-men/final,
diamond-league/2017-07-16-rabat,3000msc,men,final,3000m Steeplechase Men,SportResult,http://static.sportresult.com/sports/at/data/2017/rabat/are0290040.pdf,20190522072711,race,,"timed at laps to go, which the analysis does not place in metres (the steeplechase lap depends on the track)"
diamond-league/2017-07-16-rabat,3000msc,women,final,3000m Steeplechase Women,SportResult,http://static.sportresult.com/sports/at/data/2017/rabat/are1290040.pdf,20190522073227,race,,"timed at laps to go, which the analysis does not place in metres (the steeplechase lap depends on the track)"
diamond-league/2017-07-16-rabat,800m,men,final,800m Men,SportResult,http://static.sportresult.com/sports/at/data/2017/rabat/are0110040.pdf,20190522072434,race,dl-2017-rabat/800m-men/final,
diamond-league/2017-07-21-monaco,1500m,men,final,1500m Men,SportResult,http://static.sportresult.com/sports/at/data/2017/monaco/are0130040.pdf,20190522075746,race,dl-2017-monaco/1500m-men/final,
diamond-league/2017-07-21-monaco,3000m,women,final,3000m Women,SportResult,http://static.sportresult.com/sports/at/data/2017/monaco/are1160040.pdf,20190522082144,race,dl-2017-monaco/3000m-women/final,
diamond-league/2017-07-21-monaco,3000msc,men,final,3000m Steeplechase Men,SportResult,http://static.sportresult.com/sports/at/data/2017/monaco/are0290040.pdf,20190522082644,race,,"timed at laps to go, which the analysis does not place in metres (the steeplechase lap depends on the track)"
diamond-league/2017-07-21-monaco,800m,men,final,800m Men,SportResult,http://static.sportresult.com/sports/at/data/2017/monaco/are4110040.pdf,20190522082107,race,dl-2017-monaco/800m-men/final,
diamond-league/2017-07-21-monaco,800m,women,final,800m Women,SportResult,http://static.sportresult.com/sports/at/data/2017/monaco/are1110040.pdf,20190522083034,race,dl-2017-monaco/800m-women/final,
diamond-league/2017-08-20-birmingham,1500m,women,final,1500m Women,SportResult,http://static.sportresult.com/sports/at/data/2017/birmingham/are1130040.pdf,20190522082429,race,dl-2017-birmingham/1500m-women/final,
diamond-league/2017-08-20-birmingham,3000m,men,final,3000m Men,SportResult,http://static.sportresult.com/sports/at/data/2017/birmingham/are4160040.pdf,20190522090757,race,dl-2017-birmingham/3000m-men/final,
diamond-league/2017-08-20-birmingham,3000m,women,final,3000m Women,SportResult,http://static.sportresult.com/sports/at/data/2017/birmingham/are1160040.pdf,20190522081710,race,dl-2017-birmingham/3000m-women/final,
diamond-league/2017-08-20-birmingham,800m,men,final,800m Men,SportResult,http://static.sportresult.com/sports/at/data/2017/birmingham/are0110040.pdf,20190522084905,race,dl-2017-birmingham/800m-men/final,
diamond-league/2017-08-20-birmingham,800m,women,final,800m Women,SportResult,http://static.sportresult.com/sports/at/data/2017/birmingham/are5110040.pdf,20190522075838,race,dl-2017-birmingham/800m-women/final,
diamond-league/2017-08-20-birmingham,mile,men,final,1 Mile Men - Emsley Carr Mile,SportResult,http://static.sportresult.com/sports/at/data/2017/birmingham/are4140040.pdf,20190522082345,race,dl-2017-birmingham/mile-men/final,
diamond-league/2018-05-25-eugene,1500m,women,final,Women 1500 M,Flash Results,https://www.flashresults.com/2018_Meets/Outdoor/05-25_PrefontaineClassic/016-1-01.htm,,race,dl-2018-eugene/1500m-women/final,
diamond-league/2018-05-25-eugene,1500m,women,final,Women 1500 M USATF HP,Flash Results,https://www.flashresults.com/2018_Meets/Outdoor/05-25_PrefontaineClassic/004-1-01.htm,,undercard,,a national field (93% of it from the host country)
diamond-league/2018-05-25-eugene,2-miles,men,final,Men 2 Mile,Flash Results,https://www.flashresults.com/2018_Meets/Outdoor/05-25_PrefontaineClassic/006-1-01.htm,,race,dl-2018-eugene/2-miles-men/final,
diamond-league/2018-05-25-eugene,3000msc,men,final,Men 3000 M Steeplechase,Flash Results,https://www.flashresults.com/2018_Meets/Outdoor/05-25_PrefontaineClassic/014-1-01.htm,,race,,"its splits are labelled as on the flat track (200m, 600m ...), not where the steeplechase's laps end"
diamond-league/2018-05-25-eugene,5000m,women,final,Women 5000 M,Flash Results,https://www.flashresults.com/2018_Meets/Outdoor/05-25_PrefontaineClassic/019-1-01.htm,,race,dl-2018-eugene/5000m-women/final,
diamond-league/2018-05-25-eugene,800m,men,final,Men 800 M,Flash Results,https://www.flashresults.com/2018_Meets/Outdoor/05-25_PrefontaineClassic/005-1-01.htm,,race,dl-2018-eugene/800m-men/final,
diamond-league/2018-05-25-eugene,800m,women,final,Women 800 M,Flash Results,https://www.flashresults.com/2018_Meets/Outdoor/05-25_PrefontaineClassic/012-1-01.htm,,race,dl-2018-eugene/800m-women/final,
diamond-league/2018-05-25-eugene,800m,women,final,Women 800 M USATF HP,Flash Results,https://www.flashresults.com/2018_Meets/Outdoor/05-25_PrefontaineClassic/003-1-01.htm,,race,dl-2018-eugene/800m-women/b-race,
diamond-league/2018-05-25-eugene,mile,men,final,Men 1 Mile Run Int'l,Flash Results,https://www.flashresults.com/2018_Meets/Outdoor/05-25_PrefontaineClassic/009-1-01.htm,,race,dl-2018-eugene/mile-men/b-race,
diamond-league/2018-05-25-eugene,mile,men,final,Men Bowerman Mile,Flash Results,https://www.flashresults.com/2018_Meets/Outdoor/05-25_PrefontaineClassic/022-1-01.htm,,race,dl-2018-eugene/mile-men/final,
diamond-league/2018-06-30-paris,1500m,men,final,1500m Men,SportResult,http://static.sportresult.com/sports/at/data/2018/paris/are0130040.pdf,20190825094229,race,dl-2018-paris/1500m-men/final,
diamond-league/2018-06-30-paris,1500m,women,final,1500m Women - Regional,SportResult,http://static.sportresult.com/sports/at/data/2018/paris/are7130040.pdf,20190825094226,undercard,,a national field (100% of it from the host country)
diamond-league/2018-06-30-paris,3000msc,women,final,3000m Steeplechase Women,SportResult,http://static.sportresult.com/sports/at/data/2018/paris/are1290040.pdf,20190825094221,race,dl-2018-paris/3000msc-women/final,
diamond-league/2018-06-30-paris,400m,women,final,400m Women,SportResult,http://static.sportresult.com/sports/at/data/2018/paris/are1040040.pdf,20190825094213,race,dl-2018-paris/400m-women/final,
diamond-league/2018-06-30-paris,400mh,men,final,400m Hurdles Men,SportResult,http://static.sportresult.com/sports/at/data/2018/paris/are0270040.pdf,20190825094242,race,dl-2018-paris/400mh-men/final,
diamond-league/2018-06-30-paris,800m,men,final,800m Men,SportResult,http://static.sportresult.com/sports/at/data/2018/paris/are4110040.pdf,20190825094233,race,dl-2018-paris/800m-men/final,
diamond-league/2018-06-30-paris,800m,men,,800m Men - Masters,SportResult,http://static.sportresult.com/sports/at/data/2018/paris/are8110040.pdf,20190825094220,unmatched,,an age-group race
diamond-league/2018-06-30-paris,800m,men,final,800m Men - Regional,SportResult,http://static.sportresult.com/sports/at/data/2018/paris/are6110040.pdf,20190825094236,undercard,,a national field (100% of it from the host country)
diamond-league/2018-06-30-paris,800m,women,final,800m Women,SportResult,http://static.sportresult.com/sports/at/data/2018/paris/are1110040.pdf,20190825094235,race,dl-2018-paris/800m-women/final,
diamond-league/2019-05-18-shanghai,1500m,women,final,1500m Women,SportResult,http://static.sportresult.com/sports/at/data/2019/shanghai/are1130040.pdf,20190527131140,race,dl-2019-shanghai/1500m-women/final,
diamond-league/2019-05-18-shanghai,3000msc,women,final,3000m Steeplechase Women,SportResult,http://static.sportresult.com/sports/at/data/2019/shanghai/are1290040.pdf,20190523182445,race,dl-2019-shanghai/3000msc-women/final,
diamond-league/2019-05-18-shanghai,400m,men,final,400m Men,SportResult,http://static.sportresult.com/sports/at/data/2019/shanghai/are0040040.pdf,20190523174742,race,dl-2019-shanghai/400m-men/final,
diamond-league/2019-05-18-shanghai,400m,women,final,400m Women,SportResult,http://static.sportresult.com/sports/at/data/2019/shanghai/are1040040.pdf,20190523155945,race,dl-2019-shanghai/400m-women/final,
diamond-league/2019-05-18-shanghai,400mh,men,final,400m Hurdles Men,SportResult,http://static.sportresult.com/sports/at/data/2019/shanghai/are0270040.pdf,20190522192627,race,dl-2019-shanghai/400mh-men/final,
diamond-league/2019-05-18-shanghai,5000m,men,final,5000m Men,SportResult,http://static.sportresult.com/sports/at/data/2019/shanghai/are0170040.pdf,20190525003711,race,dl-2019-shanghai/5000m-men/final,
diamond-league/2019-05-30-stockholm,10000m,men,final,10000m Men,SportResult,http://static.sportresult.com/sports/at/data/2019/stockholm/are4180040.pdf,20190923165208,race,dl-2019-stockholm/10000m-men/final,
diamond-league/2019-05-30-stockholm,1500m,men,final,1500m Men,SportResult,http://static.sportresult.com/sports/at/data/2019/stockholm/are0130040.pdf,20190923165135,race,dl-2019-stockholm/1500m-men/final,
diamond-league/2019-05-30-stockholm,400m,men,final,400m Men,SportResult,http://static.sportresult.com/sports/at/data/2019/stockholm/are0040040.pdf,20190923165314,race,dl-2019-stockholm/400m-men/final,
diamond-league/2019-05-30-stockholm,400mh,men,final,400m Hurdles Men,SportResult,http://static.sportresult.com/sports/at/data/2019/stockholm/are0270040.pdf,20190923165102,race,dl-2019-stockholm/400mh-men/final,
diamond-league/2019-05-30-stockholm,5000m,women,final,5000m Women,SportResult,http://static.sportresult.com/sports/at/data/2019/stockholm/are1170040.pdf,20190923165348,race,dl-2019-stockholm/5000m-women/final,
diamond-league/2019-05-30-stockholm,800m,men,final,800m Men,SportResult,http://static.sportresult.com/sports/at/data/2019/stockholm/are4110040.pdf,20190923165345,race,dl-2019-stockholm/800m-men/final,
diamond-league/2019-05-30-stockholm,800m,women,final,800m Women,SportResult,http://static.sportresult.com/sports/at/data/2019/stockholm/are1110040.pdf,20190923165813,race,dl-2019-stockholm/800m-women/final,
diamond-league/2019-06-06-roma,1500m,women,final,1500m Women,SportResult,http://static.sportresult.com/sports/at/data/2019/rome/are1130040.pdf,20190713073054,race,dl-2019-rome/1500m-women/final,
diamond-league/2019-06-06-roma,3000msc,men,final,3000m Steeplechase Men,SportResult,http://static.sportresult.com/sports/at/data/2019/rome/are4290040.pdf,20190713073134,race,dl-2019-rome/3000msc-men/final,
diamond-league/2019-06-06-roma,400m,women,final,400m Women,SportResult,http://static.sportresult.com/sports/at/data/2019/rome/are1040040.pdf,20190713072742,race,dl-2019-rome/400m-women/final,
diamond-league/2019-06-13-oslo,1500m,men,final,1500m Men - National,SportResult,http://static.sportresult.com/sports/at/data/2019/oslo/are6130040.pdf,20190923204542,undercard,,a national field (81% of it from the host country)
diamond-league/2019-06-13-oslo,1500m,women,final,1500m Women - National,SportResult,http://static.sportresult.com/sports/at/data/2019/oslo/are7130040.pdf,20190923204607,undercard,,a national field (100% of it from the host country)
diamond-league/2019-06-13-oslo,3000m,men,final,3000m Men,SportResult,http://static.sportresult.com/sports/at/data/2019/oslo/are0160040.pdf,20190923204355,race,dl-2019-oslo/3000m-men/final,
diamond-league/2019-06-13-oslo,3000msc,women,final,3000m Steeplechase Women,SportResult,http://static.sportresult.com/sports/at/data/2019/oslo/are1290040.pdf,20190923204612,race,dl-2019-oslo/3000msc-women/final,
diamond-league/2019-06-13-oslo,400m,men,final,400m Men - National,SportResult,http://static.sportresult.com/sports/at/data/2019/oslo/are6040040.pdf,20190923204253,race,,"a national or regional race, so named"
diamond-league/2019-06-13-oslo,400m,women,final,400m Women - National,SportResult,http://static.sportresult.com/sports/at/data/2019/oslo/are7040040.pdf,20190923204333,undercard,,a national field (88% of it from the host country)
diamond-league/2019-06-13-oslo,400mh,men,final,400m Hurdles Men,SportResult,http://static.sportresult.com/sports/at/data/2019/oslo/are0270040.pdf,20190923205019,race,dl-2019-oslo/400mh-men/final,
diamond-league/2019-06-13-oslo,400mh,women,final,400m Hurdles Women,SportResult,http://static.sportresult.com/sports/at/data/2019/oslo/are1270040.pdf,20190923204155,race,dl-2019-oslo/400mh-women/final,
diamond-league/2019-06-13-oslo,400mh,women,final,400m Hurdles Women - National,SportResult,http://static.sportresult.com/sports/at/data/2019/oslo/are7270040.pdf,20200407142702,race,,"a national or regional race, so named"
diamond-league/2019-06-13-oslo,800m,men,final,800m Men,SportResult,http://static.sportresult.com/sports/at/data/2019/oslo/are4110040.pdf,20190923204907,race,dl-2019-oslo/800m-men/final,
diamond-league/2019-06-13-oslo,800m,women,final,800m Women,SportResult,http://static.sportresult.com/sports/at/data/2019/oslo/are5110040.pdf,20190923204946,race,dl-2019-oslo/800m-women/final,
diamond-league/2019-06-16-rabat,1500m,men,final,1500m Men,SportResult,http://static.sportresult.com/sports/at/data/2019/rabat/are4130040.pdf,20190923165131,race,dl-2019-rabat/1500m-men/final,
diamond-league/2019-06-16-rabat,1500m,women,final,1500m Women,SportResult,http://static.sportresult.com/sports/at/data/2019/rabat/are1130040.pdf,20190922090854,race,dl-2019-rabat/1500m-women/final,
diamond-league/2019-06-16-rabat,3000msc,men,final,3000m Steeplechase Men,SportResult,http://static.sportresult.com/sports/at/data/2019/rabat/are0290040.pdf,20190923165305,race,dl-2019-rabat/3000msc-men/final,
diamond-league/2019-06-16-rabat,400m,women,final,400m Women,SportResult,http://static.sportresult.com/sports/at/data/2019/rabat/are1040040.pdf,20190923164902,race,dl-2019-rabat/400m-women/final,
diamond-league/2019-06-16-rabat,5000m,men,final,5000m Men,SportResult,http://static.sportresult.com/sports/at/data/2019/rabat/are4170040.pdf,20190922091145,race,dl-2019-rabat/5000m-men/final,
diamond-league/2019-06-16-rabat,800m,men,final,800m Men,SportResult,http://static.sportresult.com/sports/at/data/2019/rabat/are0110040.pdf,20190923165850,race,dl-2019-rabat/800m-men/final,
diamond-league/2019-06-30-palo-alto,1500m,women,final,Women 1500 M,Flash Results,https://www.flashresults.com/2019_Meets/Outdoor/06-30_PreClassic/016-1-01.htm,,race,dl-2019-stanford/1500m-women/final,
diamond-league/2019-06-30-palo-alto,2-miles,men,final,Men 2 Mile,Flash Results,https://www.flashresults.com/2019_Meets/Outdoor/06-30_PreClassic/009-1-01.htm,,race,dl-2019-stanford/2-miles-men/final,
diamond-league/2019-06-30-palo-alto,3000m,women,final,Women 3000 M,Flash Results,https://www.flashresults.com/2019_Meets/Outdoor/06-30_PreClassic/013-1-01.htm,,race,dl-2019-stanford/3000m-women/final,
diamond-league/2019-06-30-palo-alto,3000msc,women,final,Women 3000 M Steeplechase,Flash Results,https://www.flashresults.com/2019_Meets/Outdoor/06-30_PreClassic/007-1-01.htm,,race,,"its splits are labelled as on the flat track (200m, 600m ...), not where the steeplechase's laps end"
diamond-league/2019-06-30-palo-alto,800m,women,final,Women 800 M,Flash Results,https://www.flashresults.com/2019_Meets/Outdoor/06-30_PreClassic/010-1-01.htm,,race,dl-2019-stanford/800m-women/final,
diamond-league/2019-06-30-palo-alto,mile,men,final,Men Bowerman Mile,Flash Results,https://www.flashresults.com/2019_Meets/Outdoor/06-30_PreClassic/018-1-01.htm,,race,dl-2019-stanford/mile-men/final,
diamond-league/2019-07-04-lausanne,100m,men,final,100m Men,SportResult,http://static.sportresult.com/sports/at/data/2019/lausanne/are4010040.pdf,20190923164938,race,dl-2019-lausanne/100m-men/final,
diamond-league/2019-07-04-lausanne,100m,women,final,100m Women,SportResult,http://static.sportresult.com/sports/at/data/2019/lausanne/are1010040.pdf,20190923165120,race,dl-2019-lausanne/100m-women/final,
diamond-league/2019-07-04-lausanne,110mh,men,final,110m Hurdles Men,SportResult,http://static.sportresult.com/sports/at/data/2019/lausanne/are0260040.pdf,20190923165659,race,dl-2019-lausanne/110mh-men/final,
diamond-league/2019-07-04-lausanne,1500m,men,final,1500m Men,SportResult,http://static.sportresult.com/sports/at/data/2019/lausanne/are0130040.pdf,20190923165333,race,dl-2019-lausanne/1500m-men/final,
diamond-league/2019-07-04-lausanne,200m,men,final,200m Men,SportResult,http://static.sportresult.com/sports/at/data/2019/lausanne/are0020040.pdf,20190923165505,race,dl-2019-lausanne/200m-men/final,
diamond-league/2019-07-04-lausanne,200m,women,final,200m Women,SportResult,http://static.sportresult.com/sports/at/data/2019/lausanne/are5020040.pdf,20190923165244,race,dl-2019-lausanne/200m-women/final,
diamond-league/2019-07-04-lausanne,400m,women,final,400m Women,SportResult,http://static.sportresult.com/sports/at/data/2019/lausanne/are1040040.pdf,20190923164958,race,dl-2019-lausanne/400m-women/final,
diamond-league/2019-07-04-lausanne,400mh,women,final,400m Hurdles Women,SportResult,http://static.sportresult.com/sports/at/data/2019/lausanne/are1270040.pdf,20190923164906,race,dl-2019-lausanne/400mh-women/final,
diamond-league/2019-07-04-lausanne,5000m,men,final,5000m Men,SportResult,http://static.sportresult.com/sports/at/data/2019/lausanne/are0170040.pdf,20190923165516,race,dl-2019-lausanne/5000m-men/final,
diamond-league/2019-07-04-lausanne,800m,men,final,800m Men,SportResult,http://static.sportresult.com/sports/at/data/2019/lausanne/are0110040.pdf,20190923165655,race,dl-2019-lausanne/800m-men/final,
diamond-league/2019-07-11-monaco,100m,men,final,100m Men,SportResult,http://static.sportresult.com/sports/at/data/2019/monaco/are0010040.pdf,20190922151153,race,dl-2019-monaco/100m-men/final,
diamond-league/2019-07-11-monaco,100mh,women,final,100m Hurdles Women,SportResult,http://static.sportresult.com/sports/at/data/2019/monaco/are1250040.pdf,20190922151759,race,dl-2019-monaco/100mh-women/final,
diamond-league/2019-07-11-monaco,1500m,men,final,1500m Men,SportResult,http://static.sportresult.com/sports/at/data/2019/monaco/are4130040.pdf,20190922151513,race,dl-2019-monaco/1500m-men/final,
diamond-league/2019-07-11-monaco,200m,women,final,200m Women,SportResult,http://static.sportresult.com/sports/at/data/2019/monaco/are1020040.pdf,20190922151754,race,dl-2019-monaco/200m-women/final,
diamond-league/2019-07-11-monaco,3000msc,men,final,3000m Steeplechase Men,SportResult,http://static.sportresult.com/sports/at/data/2019/monaco/are0290040.pdf,20190922151838,race,dl-2019-monaco/3000msc-men/final,
diamond-league/2019-07-11-monaco,400m,men,final,400m Men,SportResult,http://static.sportresult.com/sports/at/data/2019/monaco/are0040040.pdf,20190922151036,race,dl-2019-monaco/400m-men/final,
diamond-league/2019-07-11-monaco,400mh,women,final,400m Hurdles Women,SportResult,http://static.sportresult.com/sports/at/data/2019/monaco/are1270040.pdf,20190922151701,race,dl-2019-monaco/400mh-women/final,
diamond-league/2019-07-11-monaco,800m,men,final,800m Men,SportResult,http://static.sportresult.com/sports/at/data/2019/monaco/are0110040.pdf,20190922151643,race,dl-2019-monaco/800m-men/final,
diamond-league/2019-07-11-monaco,800m,women,final,800m Women,SportResult,http://static.sportresult.com/sports/at/data/2019/monaco/are5110040.pdf,20190922151343,race,dl-2019-monaco/800m-women/final,
diamond-league/2019-07-20-london,1500m,women,final,1500m Women,SportResult,http://static.sportresult.com/sports/at/data/2019/london/are1130040.pdf,20190811210923,race,dl-2019-london/1500m-women/final,
diamond-league/2019-07-20-london,400m,men,final,400m Men,SportResult,http://static.sportresult.com/sports/at/data/2019/london/are0040040.pdf,20190811210944,race,dl-2019-london/400m-men/final,
diamond-league/2019-07-20-london,400mh,men,final,400m Hurdles Men,SportResult,http://static.sportresult.com/sports/at/data/2019/london/are4270040.pdf,20190811210915,race,dl-2019-london/400mh-men/final,
diamond-league/2019-07-20-london,5000m,men,final,5000m Men,SportResult,http://static.sportresult.com/sports/at/data/2019/london/are4170040.pdf,20190811211009,race,dl-2019-london/5000m-men/final,
diamond-league/2019-07-20-london,5000m,women,final,5000m Women,SportResult,http://static.sportresult.com/sports/at/data/2019/london/are1170040.pdf,20190811210951,race,dl-2019-london/5000m-women/final,
diamond-league/2019-07-20-london,800m,men,final,800m Men,SportResult,http://static.sportresult.com/sports/at/data/2019/london/are0110040.pdf,20190811210910,race,dl-2019-london/800m-men/final,
diamond-league/2019-07-20-london,800m,women,final,800m Women,SportResult,http://static.sportresult.com/sports/at/data/2019/london/are5110040.pdf,20190811210910,race,dl-2019-london/800m-women/final,
diamond-league/2019-07-20-london,mile,men,final,1 Mile Men - Emsley Carr,SportResult,http://static.sportresult.com/sports/at/data/2019/london/are4140040.pdf,20190811210956,race,dl-2019-london/mile-men/final,
diamond-league/2019-08-18-birmingham,100m,men,final,100m Men - Final,SportResult,http://static.sportresult.com/sports/at/data/2019/birmingham/are0010040.pdf,20190923204234,race,dl-2019-birmingham/100m-men/final,
diamond-league/2019-08-18-birmingham,100m,men,heat,100m Men - Round 1 Heat 1,SportResult,http://static.sportresult.com/sports/at/data/2019/birmingham/are0010001.pdf,20190923204226,race,dl-2019-birmingham/100m-men/heat-1,
diamond-league/2019-08-18-birmingham,100m,men,heat,100m Men - Round 1 Heat 2,SportResult,http://static.sportresult.com/sports/at/data/2019/birmingham/are0010002.pdf,20190923205024,race,dl-2019-birmingham/100m-men/heat-2,
diamond-league/2019-08-18-birmingham,100mh,women,final,100m Hurdles Women - Final,SportResult,http://static.sportresult.com/sports/at/data/2019/birmingham/are1250040.pdf,20190923204734,race,dl-2019-birmingham/100mh-women/final,
diamond-league/2019-08-18-birmingham,100mh,women,heat,100m Hurdles Women - Round 1 Heat 2,SportResult,http://static.sportresult.com/sports/at/data/2019/birmingham/are1250002.pdf,20190923204649,race,dl-2019-birmingham/100mh-women/heat-2,
diamond-league/2019-08-18-birmingham,200m,women,final,200m Women,SportResult,http://static.sportresult.com/sports/at/data/2019/birmingham/are1020040.pdf,20190923204427,race,dl-2019-birmingham/200m-women/final,
diamond-league/2019-08-18-birmingham,400m,men,final,400m Men,SportResult,http://static.sportresult.com/sports/at/data/2019/birmingham/are0040040.pdf,20190923204739,race,dl-2019-birmingham/400m-men/final,
diamond-league/2019-08-18-birmingham,400mh,men,final,400m Hurdles Men,SportResult,http://static.sportresult.com/sports/at/data/2019/birmingham/are0270040.pdf,20190923204217,race,dl-2019-birmingham/400mh-men/final,
diamond-league/2019-08-18-birmingham,800m,men,final,800m Men,SportResult,http://static.sportresult.com/sports/at/data/2019/birmingham/are4110040.pdf,20190923204802,race,dl-2019-birmingham/800m-men/final,
diamond-league/2019-08-18-birmingham,800m,women,final,800m Women,SportResult,http://static.sportresult.com/sports/at/data/2019/birmingham/are1110040.pdf,20190923204851,race,dl-2019-birmingham/800m-women/final,
diamond-league/2019-08-18-birmingham,mile,women,final,1 Mile Women - Millicent Fawcett,SportResult,http://static.sportresult.com/sports/at/data/2019/birmingham/are1140040.pdf,20190923204523,race,dl-2019-birmingham/mile-women/final,
diamond-league/2019-08-24-paris,100m,women,final,100m Women,SportResult,http://static.sportresult.com/sports/at/data/2019/paris/are1010040.pdf,20190922130521,race,dl-2019-paris/100m-women/final,
diamond-league/2019-08-24-paris,110mh,men,final,110m Hurdles Men,SportResult,http://static.sportresult.com/sports/at/data/2019/paris/are0260040.pdf,20190922130905,race,dl-2019-paris/110mh-men/final,
diamond-league/2019-08-24-paris,110mh,men,final,110m Hurdles Men - B Race,SportResult,http://static.sportresult.com/sports/at/data/2019/paris/are4260040.pdf,20190922091231,race,dl-2019-paris/110mh-men/b-race,
diamond-league/2019-08-24-paris,1500m,men,final,1500m Men,SportResult,http://static.sportresult.com/sports/at/data/2019/paris/are0130040.pdf,20190922090821,race,dl-2019-paris/1500m-men/final,
diamond-league/2019-08-24-paris,200m,men,final,200m Men,SportResult,http://static.sportresult.com/sports/at/data/2019/paris/are0020040.pdf,20190922151633,race,dl-2019-paris/200m-men/final,
diamond-league/2019-08-24-paris,3000msc,men,final,3000m Steeplechase Men,SportResult,http://static.sportresult.com/sports/at/data/2019/paris/are0290040.pdf,20190922090939,race,dl-2019-paris/3000msc-men/final,
diamond-league/2019-08-24-paris,400m,women,final,400m Women,SportResult,http://static.sportresult.com/sports/at/data/2019/paris/are1040040.pdf,20190922151816,race,dl-2019-paris/400m-women/final,
diamond-league/2019-08-24-paris,400mh,men,final,400m Hurdles Men,SportResult,http://static.sportresult.com/sports/at/data/2019/paris/are0270040.pdf,20190922090837,race,dl-2019-paris/400mh-men/final,
diamond-league/2019-08-24-paris,800m,men,final,800m Men,SportResult,http://static.sportresult.com/sports/at/data/2019/paris/are4110040.pdf,20190922151005,race,dl-2019-paris/800m-men/final,
diamond-league/2019-08-24-paris,800m,men,,800m Men - Masters,SportResult,http://static.sportresult.com/sports/at/data/2019/paris/are6110040.pdf,20191018080136,unmatched,,an age-group race
diamond-league/2019-08-24-paris,800m,women,final,800m Women,SportResult,http://static.sportresult.com/sports/at/data/2019/paris/are1110040.pdf,20190922151812,race,dl-2019-paris/800m-women/final,
diamond-league/2019-08-28-zurich,100m,men,final,100m Men,SportResult,http://static.sportresult.com/sports/at/data/2019/zurich/are0010040.pdf,20190922131017,race,dl-2019-zurich/100m-men/final,
diamond-league/2019-08-28-zurich,110mh,men,final,110m Hurdles Men,SportResult,http://static.sportresult.com/sports/at/data/2019/zurich/are6260040.pdf,20190922131235,race,,"a Pre-Programme race, outside the meeting's programme (World Athletics' results)"
diamond-league/2019-08-28-zurich,200m,women,final,200m Women,SportResult,http://static.sportresult.com/sports/at/data/2019/zurich/are1020040.pdf,20190922130741,race,dl-2019-zurich/200m-women/final,
diamond-league/2019-08-28-zurich,3000msc,women,final,3000m Steeplechase Women,SportResult,http://static.sportresult.com/sports/at/data/2019/zurich/are1290040.pdf,20190922130501,race,dl-2019-zurich/3000msc-women/final,
diamond-league/2019-08-28-zurich,400m,women,final,400m Women,SportResult,http://static.sportresult.com/sports/at/data/2019/zurich/are1040040.pdf,20190922130626,race,dl-2019-zurich/400m-women/final,
diamond-league/2019-08-28-zurich,400mh,men,final,400m Hurdles Men,SportResult,http://static.sportresult.com/sports/at/data/2019/zurich/are0270040.pdf,20190922130923,race,dl-2019-zurich/400mh-men/final,
diamond-league/2019-08-28-zurich,400mh,women,final,400m Hurdles Women,SportResult,http://static.sportresult.com/sports/at/data/2019/zurich/are1270040.pdf,20190922130635,race,dl-2019-zurich/400mh-women/final,
diamond-league/2019-08-28-zurich,5000m,men,final,5000m Men,SportResult,http://static.sportresult.com/sports/at/data/2019/zurich/are0170040.pdf,20190922131240,race,dl-2019-zurich/5000m-men/final,
diamond-league/2019-08-28-zurich,800m,men,final,800m Men,SportResult,http://static.sportresult.com/sports/at/data/2019/zurich/are0110040.pdf,20190922130612,race,dl-2019-zurich/800m-men/final,
diamond-league/2019-08-28-zurich,800m,women,final,800m Women,SportResult,http://static.sportresult.com/sports/at/data/2019/zurich/are7110040.pdf,20191018080401,race,,"a Pre-Programme race, outside the meeting's programme (World Athletics' results)"
diamond-league/2019-09-05-bruxelles,100m,women,final,100m Women,SportResult,http://static.sportresult.com/sports/at/data/2019/brussels/are1010040.pdf,20190922131155,race,dl-2019-brussels/100m-women/final,
diamond-league/2019-09-05-bruxelles,100mh,women,final,100m Hurdles Women,SportResult,http://static.sportresult.com/sports/at/data/2019/brussels/are1250040.pdf,20190922130412,race,dl-2019-brussels/100mh-women/final,
diamond-league/2019-09-05-bruxelles,110mh,men,final,110m Hurdles Men,SportResult,http://static.sportresult.com/sports/at/data/2019/brussels/are0260040.pdf,20190922130804,race,dl-2019-brussels/110mh-men/final,
diamond-league/2019-09-05-bruxelles,1500m,men,final,1500m Men,SportResult,http://static.sportresult.com/sports/at/data/2019/brussels/are0130040.pdf,20190922130351,race,dl-2019-brussels/1500m-men/final,
diamond-league/2019-09-05-bruxelles,200m,men,final,200m Men,SportResult,http://static.sportresult.com/sports/at/data/2019/brussels/are0020040.pdf,20190922130541,race,dl-2019-brussels/200m-men/final,
diamond-league/2019-09-05-bruxelles,3000msc,men,final,3000m Steeplechase Men,SportResult,http://static.sportresult.com/sports/at/data/2019/brussels/are0290040.pdf,20190922130724,race,dl-2019-brussels/3000msc-men/final,
diamond-league/2019-09-05-bruxelles,400m,men,final,400m Men,SportResult,http://static.sportresult.com/sports/at/data/2019/brussels/are0040040.pdf,20190922131133,race,dl-2019-brussels/400m-men/final,
diamond-league/2019-09-05-bruxelles,400m,men,final,400m Men - National,SportResult,http://static.sportresult.com/sports/at/data/2019/brussels/are6040040.pdf,20190922130918,race,,"a national or regional race, so named"
diamond-league/2019-09-05-bruxelles,400m,women,final,400m Women - National,SportResult,http://static.sportresult.com/sports/at/data/2019/brussels/are7040040.pdf,20200221015522,race,,"a national or regional race, so named"
diamond-league/2019-09-05-bruxelles,400mh,women,final,400m Hurdles Women,SportResult,http://static.sportresult.com/sports/at/data/2019/brussels/are5270040.pdf,20190922130845,race,dl-2019-brussels/400mh-women/final,
diamond-league/2019-09-05-bruxelles,5000m,women,final,5000m Women,SportResult,http://static.sportresult.com/sports/at/data/2019/brussels/are1170040.pdf,20190922130512,race,dl-2019-brussels/5000m-women/final,
diamond-league/2020-08-23-stockholm,100m,women,final,100m Women,SportResult,http://static.sportresult.com/sports/at/data/2020/stockholm/are1010040.pdf,20200920150714,race,dl-2020-stockholm/100m-women/final,
diamond-league/2020-08-23-stockholm,100mh,women,final,100m Hurdles Women,SportResult,http://static.sportresult.com/sports/at/data/2020/stockholm/are1250040.pdf,20200920131712,race,dl-2020-stockholm/100mh-women/final,
diamond-league/2020-08-23-stockholm,1500m,men,final,1500m Men,SportResult,http://static.sportresult.com/sports/at/data/2020/stockholm/are0130040.pdf,20200920141153,race,dl-2020-stockholm/1500m-men/final,
diamond-league/2020-08-23-stockholm,1500m,women,final,1500m Women,SportResult,http://static.sportresult.com/sports/at/data/2020/stockholm/are1130040.pdf,20200920152722,race,dl-2020-stockholm/1500m-women/final,
diamond-league/2020-08-23-stockholm,200m,men,final,200m Men,SportResult,http://static.sportresult.com/sports/at/data/2020/stockholm/are0020040.pdf,20200920145433,race,dl-2020-stockholm/200m-men/final,
diamond-league/2020-08-23-stockholm,400m,men,final,400m Men,SportResult,http://static.sportresult.com/sports/at/data/2020/stockholm/are0040040.pdf,20200920142840,race,dl-2020-stockholm/400m-men/final,
diamond-league/2020-08-23-stockholm,400m,women,final,400m Women,SportResult,http://static.sportresult.com/sports/at/data/2020/stockholm/are1040040.pdf,20200920130858,race,dl-2020-stockholm/400m-women/final,
diamond-league/2020-08-23-stockholm,400mh,men,final,400m Hurdles Men,SportResult,http://static.sportresult.com/sports/at/data/2020/stockholm/are0270040.pdf,20200920140552,race,dl-2020-stockholm/400mh-men/final,
diamond-league/2020-08-23-stockholm,400mh,women,final,400m Hurdles Women,SportResult,http://static.sportresult.com/sports/at/data/2020/stockholm/are1270040.pdf,20200920152201,race,dl-2020-stockholm/400mh-women/final,
diamond-league/2020-08-23-stockholm,800m,men,final,800m Men,SportResult,http://static.sportresult.com/sports/at/data/2020/stockholm/are0110040.pdf,20200920143736,race,dl-2020-stockholm/800m-men/final,
diamond-league/2020-08-23-stockholm,800m,women,final,800m Women,SportResult,http://static.sportresult.com/sports/at/data/2020/stockholm/are1110040.pdf,20200920133146,race,dl-2020-stockholm/800m-women/final,
diamond-league/2020-09-04-bruxelles,1000m,women,final,1000m Women,SportResult,http://static.sportresult.com/sports/at/data/2020/brussels/are1120040.pdf,20200925203551,race,dl-2020-brussels/1000m-women/final,
diamond-league/2020-09-04-bruxelles,100m,women,final,100m Women,SportResult,http://static.sportresult.com/sports/at/data/2020/brussels/are1010040.pdf,20200925190411,race,dl-2020-brussels/100m-women/final,
diamond-league/2020-09-04-bruxelles,100mh,women,final,100m Hurdles Women,SportResult,http://static.sportresult.com/sports/at/data/2020/brussels/are1250040.pdf,20200925193700,race,dl-2020-brussels/100mh-women/final,
diamond-league/2020-09-04-bruxelles,1500m,men,final,1500m Men,SportResult,http://static.sportresult.com/sports/at/data/2020/brussels/are0130040.pdf,20200925193337,race,dl-2020-brussels/1500m-men/final,
diamond-league/2020-09-04-bruxelles,200m,men,final,200m Men,SportResult,http://static.sportresult.com/sports/at/data/2020/brussels/are0020040.pdf,20200925195251,race,dl-2020-brussels/200m-men/final,
diamond-league/2020-09-04-bruxelles,400m,women,final,400m Women,SportResult,http://static.sportresult.com/sports/at/data/2020/brussels/are1040040.pdf,20200925183342,race,dl-2020-brussels/400m-women/final,
diamond-league/2020-09-17-roma,100m,men,final,100m Men,SportResult,http://static.sportresult.com/sports/at/data/2020/rome/are0010040.pdf,20201029074155,race,dl-2020-rome/100m-men/final,
diamond-league/2020-09-17-roma,100m,women,final,100m Women,SportResult,http://static.sportresult.com/sports/at/data/2020/rome/are1010040.pdf,20201029074513,race,dl-2020-rome/100m-women/final,
diamond-league/2020-09-17-roma,100mh,women,final,100m Hurdles Women,SportResult,http://static.sportresult.com/sports/at/data/2020/rome/are1250040.pdf,20201029074316,race,dl-2020-rome/100mh-women/final,
diamond-league/2020-09-17-roma,110mh,men,final,110m Hurdles Men,SportResult,http://static.sportresult.com/sports/at/data/2020/rome/are0260040.pdf,20201029071806,race,dl-2020-rome/110mh-men/final,
diamond-league/2020-09-17-roma,3000m,men,final,3000m Men,SportResult,http://static.sportresult.com/sports/at/data/2020/rome/are0160040.pdf,20201029071233,race,dl-2020-rome/3000m-men/final,
diamond-league/2020-09-17-roma,400m,women,final,400m Women,SportResult,http://static.sportresult.com/sports/at/data/2020/rome/are1040040.pdf,20201029080644,race,dl-2020-rome/400m-women/final,
diamond-league/2020-09-17-roma,400mh,men,final,400m Hurdles Men,SportResult,http://static.sportresult.com/sports/at/data/2020/rome/are0270040.pdf,20201029082648,race,dl-2020-rome/400mh-men/final,
diamond-league/2020-09-17-roma,400mh,women,final,400m Hurdles Women,SportResult,http://static.sportresult.com/sports/at/data/2020/rome/are1270040.pdf,20201029083451,race,dl-2020-rome/400mh-women/final,
diamond-league/2020-09-17-roma,800m,women,final,800m Women,SportResult,http://static.sportresult.com/sports/at/data/2020/rome/are1110040.pdf,20201029074704,race,dl-2020-rome/800m-women/final,
diamond-league/2020-09-25-doha,1500m,men,final,1500m Men - B Race,SportResult,http://static.sportresult.com/sports/at/data/2020/doha/are4130040.pdf,20201029073314,race,dl-2020-doha/1500m-men/b-race,
diamond-league/2020-09-25-doha,200m,men,final,200m Men,SportResult,http://static.sportresult.com/sports/at/data/2020/doha/are0020040.pdf,20201029073218,race,dl-2020-doha/200m-men/final,
diamond-league/2021-05-23-gateshead,100m,women,heat,100m Women - Heat A,OMEGA,https://www.omegatiming.com/File/000201050101060101FFFFFFFFFFFF4D.pdf,,race,dl-2021-gateshead/100m-women/heat-1,
diamond-league/2021-05-23-gateshead,100mh,women,final,100m Hurdles Women,OMEGA,https://www.omegatiming.com/File/000201050101080101FFFFFFFFFFFF4D.pdf,,race,dl-2021-gateshead/100mh-women/final,
diamond-league/2021-05-23-gateshead,1500m,men,final,1500m Men,OMEGA,https://www.omegatiming.com/File/000201050102070101FFFFFFFFFFFF4D.pdf,,race,dl-2021-gateshead/1500m-men/final,
diamond-league/2021-05-23-gateshead,1500m,women,final,1500m Women,OMEGA,https://www.omegatiming.com/File/0002010501010A0101FFFFFFFFFFFF4D.pdf,,race,dl-2021-gateshead/1500m-women/final,
diamond-league/2021-05-23-gateshead,200m,men,final,200m Men,OMEGA,https://www.omegatiming.com/File/000201050102090101FFFFFFFFFFFF4D.pdf,,race,dl-2021-gateshead/200m-men/final,
diamond-league/2021-05-23-gateshead,3000msc,men,final,3000m Steeplechase Men,OMEGA,https://www.omegatiming.com/File/000201050102050101FFFFFFFFFFFF4D.pdf,,race,dl-2021-gateshead/3000msc-men/final,
diamond-league/2021-05-23-gateshead,400m,women,final,400m Women,OMEGA,https://www.omegatiming.com/File/000201050101070101FFFFFFFFFFFF4D.pdf,,race,dl-2021-gateshead/400m-women/final,
diamond-league/2021-05-23-gateshead,400mh,women,final,400m Hurdles Women,OMEGA,https://www.omegatiming.com/File/000201050101040101FFFFFFFFFFFF4D.pdf,,race,dl-2021-gateshead/400mh-women/final,
diamond-league/2021-05-28-doha,100m,men,final,100m Men,OMEGA,https://www.omegatiming.com/File/000201060102030101FFFFFFFFFFFF4D.pdf,,race,dl-2021-doha/100m-men/final,
diamond-league/2021-05-28-doha,100m,women,final,100m Women,OMEGA,https://www.omegatiming.com/File/000201060101060101FFFFFFFFFFFF4D.pdf,,race,dl-2021-doha/100m-women/final,
diamond-league/2021-05-28-doha,1500m,men,final,1500m Men,OMEGA,https://www.omegatiming.com/File/000201060102070101FFFFFFFFFFFF4D.pdf,,race,dl-2021-doha/1500m-men/final,
diamond-league/2021-05-28-doha,200m,men,final,200m Men,OMEGA,https://www.omegatiming.com/File/000201060102080101FFFFFFFFFFFF4D.pdf,,race,dl-2021-doha/200m-men/final,
diamond-league/2021-05-28-doha,3000msc,men,final,3000m Steeplechase Men,OMEGA,https://www.omegatiming.com/File/0002010601020C0101FFFFFFFFFFFF4D.pdf,,race,dl-2021-doha/3000msc-men/final,
diamond-league/2021-05-28-doha,3000msc,women,final,3000m Steeplechase Women,OMEGA,https://www.omegatiming.com/File/000201060101050101FFFFFFFFFFFF4D.pdf,,race,dl-2021-doha/3000msc-women/final,
diamond-league/2021-05-28-doha,400m,men,final,400m Men,OMEGA,https://www.omegatiming.com/File/0002010601020B0101FFFFFFFFFFFF4D.pdf,,race,dl-2021-doha/400m-men/final,
diamond-league/2021-05-28-doha,400m,men,final,400m Men - B Race,OMEGA,https://www.omegatiming.com/File/000201060102010101FFFFFFFFFFFF4D.pdf,,race,dl-2021-doha/400m-men/b-race,
diamond-league/2021-05-28-doha,400mh,men,final,400m Hurdles Men,OMEGA,https://www.omegatiming.com/File/000201060102050101FFFFFFFFFFFF4D.pdf,,race,dl-2021-doha/400mh-men/final,
diamond-league/2021-05-28-doha,400mh,men,final,400m Hurdles Men - B Race,OMEGA,https://www.omegatiming.com/File/000201060102040101FFFFFFFFFFFF4D.pdf,,race,dl-2021-doha/400mh-men/b-race,
diamond-league/2021-05-28-doha,800m,men,final,800m Men,OMEGA,https://www.omegatiming.com/File/0002010601020A0101FFFFFFFFFFFF4D.pdf,,race,dl-2021-doha/800m-men/final,
diamond-league/2021-05-28-doha,800m,men,final,800m Men - B Race,OMEGA,https://www.omegatiming.com/File/000201060102020101FFFFFFFFFFFF4D.pdf,,race,dl-2021-doha/800m-men/b-race,
diamond-league/2021-05-28-doha,800m,women,final,800m Women,OMEGA,https://www.omegatiming.com/File/000201060101040101FFFFFFFFFFFF4D.pdf,,race,dl-2021-doha/800m-women/final,
diamond-league/2021-06-10-firenze,100m,men,final,100m Men,OMEGA,https://www.omegatiming.com/File/000201000102070101FFFFFFFFFFFF4D.pdf,,race,dl-2021-rome/100m-men/final,
diamond-league/2021-06-10-firenze,100mh,women,final,100m Hurdles Women,OMEGA,https://www.omegatiming.com/File/000201000101040101FFFFFFFFFFFF4D.pdf,,race,dl-2021-rome/100mh-women/final,
diamond-league/2021-06-10-firenze,110mh,men,final,110m Hurdles Men,OMEGA,https://www.omegatiming.com/File/000201000102050101FFFFFFFFFFFF4D.pdf,,race,dl-2021-rome/110mh-men/final,
diamond-league/2021-06-10-firenze,1500m,women,final,1500m Women,OMEGA,https://www.omegatiming.com/File/000201000101060101FFFFFFFFFFFF4D.pdf,,race,dl-2021-rome/1500m-women/final,
diamond-league/2021-06-10-firenze,200m,women,final,200m Women,OMEGA,https://www.omegatiming.com/File/000201000101070101FFFFFFFFFFFF4D.pdf,,race,dl-2021-rome/200m-women/final,
diamond-league/2021-06-10-firenze,3000msc,men,final,3000m Steeplechase Men,OMEGA,https://www.omegatiming.com/File/000201000102040101FFFFFFFFFFFF4D.pdf,,race,dl-2021-rome/3000msc-men/final,
diamond-league/2021-06-10-firenze,400m,men,final,400m Men,OMEGA,https://www.omegatiming.com/File/000201000102030101FFFFFFFFFFFF4D.pdf,,race,dl-2021-rome/400m-men/final,
diamond-league/2021-06-10-firenze,400mh,women,final,400m Hurdles Women,OMEGA,https://www.omegatiming.com/File/000201000101030101FFFFFFFFFFFF4D.pdf,,race,dl-2021-rome/400mh-women/final,
diamond-league/2021-06-10-firenze,5000m,men,final,5000m Men,OMEGA,https://www.omegatiming.com/File/000201000102060101FFFFFFFFFFFF4D.pdf,,race,dl-2021-rome/5000m-men/final,
diamond-league/2021-07-01-oslo,100m,men,final,100m Men,OMEGA,https://www.omegatiming.com/File/000201080102030101FFFFFFFFFFFF4D.pdf,,undercard,,a national field (88% of it from the host country)
diamond-league/2021-07-01-oslo,200m,men,final,200m Men,OMEGA,https://www.omegatiming.com/File/000201080102060101FFFFFFFFFFFF4D.pdf,,race,dl-2021-oslo/200m-men/final,
diamond-league/2021-07-01-oslo,400mh,men,final,400m Hurdles Men,OMEGA,https://www.omegatiming.com/File/000201080102080101FFFFFFFFFFFF4D.pdf,,race,dl-2021-oslo/400mh-men/final,
diamond-league/2021-07-01-oslo,400mh,women,final,400m Hurdles Women,OMEGA,https://www.omegatiming.com/File/000201080101020101FFFFFFFFFFFF4D.pdf,,race,dl-2021-oslo/400mh-women/final,
diamond-league/2021-07-04-stockholm,100m,men,final,100m Men,SportResult,http://static.sportresult.com/sports/at/data/2021/stockholm/are0010040.pdf,20210730004838,race,dl-2021-stockholm/100m-men/final,
diamond-league/2021-07-04-stockholm,100m,men,final,100m Men - pre-programme,SportResult,http://static.sportresult.com/sports/at/data/2021/stockholm/are4010040.pdf,20210806025030,race,,a Pre-Programme race
diamond-league/2021-07-04-stockholm,100m,women,final,100m Women - pre-programme,SportResult,http://static.sportresult.com/sports/at/data/2021/stockholm/are5010040.pdf,20210806040625,race,,a Pre-Programme race
diamond-league/2021-07-04-stockholm,110mh,men,final,110m Hurdles Men - pre-programme,SportResult,http://static.sportresult.com/sports/at/data/2021/stockholm/are4260040.pdf,20210806043152,race,,a Pre-Programme race
diamond-league/2021-07-04-stockholm,1500m,men,final,1500m Men,SportResult,http://static.sportresult.com/sports/at/data/2021/stockholm/are0130040.pdf,20210806031804,race,dl-2021-stockholm/1500m-men/final,
diamond-league/2021-07-04-stockholm,1500m,women,final,1500m Women - pre-programme,SportResult,http://static.sportresult.com/sports/at/data/2021/stockholm/are5130040.pdf,20210806042437,race,,a Pre-Programme race
diamond-league/2021-07-04-stockholm,200m,women,final,200m Women,SportResult,http://static.sportresult.com/sports/at/data/2021/stockholm/are1020040.pdf,20210806023818,race,dl-2021-stockholm/200m-women/final,
diamond-league/2021-07-04-stockholm,3000msc,men,final,3000m Steeplechase Men - pre-programme,SportResult,http://static.sportresult.com/sports/at/data/2021/stockholm/are4290040.pdf,20210730002954,race,,a Pre-Programme race
diamond-league/2021-07-04-stockholm,3000msc,women,final,3000m Steeplechase Women,SportResult,http://static.sportresult.com/sports/at/data/2021/stockholm/are1290040.pdf,20210806035953,race,dl-2021-stockholm/3000msc-women/final,
diamond-league/2021-07-04-stockholm,400m,men,final,400m Men,SportResult,http://static.sportresult.com/sports/at/data/2021/stockholm/are0040040.pdf,20210806033419,race,dl-2021-stockholm/400m-men/final,
diamond-league/2021-07-04-stockholm,400mh,men,final,400m Hurdles Men,SportResult,http://static.sportresult.com/sports/at/data/2021/stockholm/are0270040.pdf,20210806031140,race,dl-2021-stockholm/400mh-men/final,
diamond-league/2021-07-04-stockholm,400mh,women,final,400m Hurdles Women,SportResult,http://static.sportresult.com/sports/at/data/2021/stockholm/are1270040.pdf,20210806042313,race,dl-2021-stockholm/400mh-women/final,
diamond-league/2021-07-04-stockholm,800m,men,final,800m Men,SportResult,http://static.sportresult.com/sports/at/data/2021/stockholm/are0110040.pdf,20210806034240,race,dl-2021-stockholm/800m-men/final,
diamond-league/2021-07-04-stockholm,800m,men,final,800m Men - pre-programme,SportResult,http://static.sportresult.com/sports/at/data/2021/stockholm/are4110040.pdf,20210806033851,race,,a Pre-Programme race
diamond-league/2021-07-04-stockholm,800m,women,final,800m Women,SportResult,http://static.sportresult.com/sports/at/data/2021/stockholm/are1110040.pdf,20210806021624,race,dl-2021-stockholm/800m-women/final,
diamond-league/2021-07-09-monaco,100m,men,final,100m Men,OMEGA,https://www.omegatiming.com/File/0002010A0102070101FFFFFFFFFFFF4D.pdf,,race,dl-2021-monaco/100m-men/final,
diamond-league/2021-07-09-monaco,1500m,women,final,1500m Women,OMEGA,https://www.omegatiming.com/File/0002010A0101060101FFFFFFFFFFFF4D.pdf,,race,dl-2021-monaco/1500m-women/final,
diamond-league/2021-07-09-monaco,200m,women,final,200m Women,OMEGA,https://www.omegatiming.com/File/0002010A0101050101FFFFFFFFFFFF4D.pdf,,race,dl-2021-monaco/200m-women/final,
diamond-league/2021-07-09-monaco,3000msc,men,final,3000m Steeplechase Men,OMEGA,https://www.omegatiming.com/File/0002010A0102040101FFFFFFFFFFFF4D.pdf,,race,dl-2021-monaco/3000msc-men/final,
diamond-league/2021-07-09-monaco,3000msc,women,final,3000m Steeplechase Women,OMEGA,https://www.omegatiming.com/File/0002010A0101070101FFFFFFFFFFFF4D.pdf,,race,dl-2021-monaco/3000msc-women/final,
diamond-league/2021-07-09-monaco,400mh,men,final,400m Hurdles Men,OMEGA,https://www.omegatiming.com/File/0002010A0102020101FFFFFFFFFFFF4D.pdf,,race,dl-2021-monaco/400mh-men/final,
diamond-league/2021-07-09-monaco,800m,women,final,800m Women,OMEGA,https://www.omegatiming.com/File/0002010A0101040101FFFFFFFFFFFF4D.pdf,,race,dl-2021-monaco/800m-women/final,
diamond-league/2021-07-13-gateshead,100m,men,final,100m Men,OMEGA,https://www.omegatiming.com/File/0002010B0101090101FFFFFFFFFFFF4D.pdf,,race,dl-2021-london/100m-men/final,
diamond-league/2021-07-13-gateshead,100m,women,final,100m Women,OMEGA,https://www.omegatiming.com/File/0002010B0102030101FFFFFFFFFFFF4D.pdf,,race,dl-2021-london/100m-women/final,
diamond-league/2021-07-13-gateshead,100mh,women,final,100m Hurdles Women,OMEGA,https://www.omegatiming.com/File/0002010B0102080101FFFFFFFFFFFF4D.pdf,,race,dl-2021-london/100mh-women/final,
diamond-league/2021-07-13-gateshead,110mh,men,final,110m Hurdles Men,OMEGA,https://www.omegatiming.com/File/0002010B01010A0101FFFFFFFFFFFF4D.pdf,,race,dl-2021-london/110mh-men/final,
diamond-league/2021-07-13-gateshead,200m,women,final,200m Women,OMEGA,https://www.omegatiming.com/File/0002010B0102060101FFFFFFFFFFFF4D.pdf,,race,dl-2021-london/200m-women/final,
diamond-league/2021-07-13-gateshead,400m,men,final,400m Men,OMEGA,https://www.omegatiming.com/File/0002010B0101060101FFFFFFFFFFFF4D.pdf,,race,,a national field (100% of it from the host country)
diamond-league/2021-07-13-gateshead,400m,women,final,400m Women,OMEGA,https://www.omegatiming.com/File/0002010B01020A0101FFFFFFFFFFFF4D.pdf,,race,dl-2021-london/400m-women/final,
diamond-league/2021-07-13-gateshead,400m,women,final,400m Women - B Race,OMEGA,https://www.omegatiming.com/File/0002010B0102020101FFFFFFFFFFFF4D.pdf,,undercard,dl-2021-london/400m-women/b-race,
diamond-league/2021-07-13-gateshead,400mh,women,final,400m Hurdles Women,OMEGA,https://www.omegatiming.com/File/0002010B0102050101FFFFFFFFFFFF4D.pdf,,race,dl-2021-london/400mh-women/final,
diamond-league/2021-07-13-gateshead,800m,men,final,800m Men,OMEGA,https://www.omegatiming.com/File/0002010B01010B0101FFFFFFFFFFFF4D.pdf,,race,dl-2021-london/800m-men/final,
diamond-league/2021-07-13-gateshead,mile,men,final,1 Mile Men - Emsley Carr Mile,OMEGA,https://www.omegatiming.com/File/0002010B0101070101FFFFFFFFFFFF4D.pdf,,race,dl-2021-london/mile-men/final,
diamond-league/2021-07-13-gateshead,mile,women,final,1 Mile Women - Millicent Fawcett Mile,OMEGA,https://www.omegatiming.com/File/0002010B0102090101FFFFFFFFFFFF4D.pdf,,race,dl-2021-london/mile-women/final,
diamond-league/2021-08-20-eugene,100m,men,final,100m Men,OMEGA,https://www.omegatiming.com/File/0002010D0102070101FFFFFFFFFFFF4D.pdf,,race,dl-2021-eugene/100m-men/final,
diamond-league/2021-08-20-eugene,100m,women,final,100m Women,OMEGA,https://www.omegatiming.com/File/0002010D0101070101FFFFFFFFFFFF4D.pdf,,race,dl-2021-eugene/100m-women/final,
diamond-league/2021-08-20-eugene,1500m,women,final,1500m Women,OMEGA,https://www.omegatiming.com/File/0002010D0101090101FFFFFFFFFFFF4D.pdf,,race,dl-2021-eugene/1500m-women/final,
diamond-league/2021-08-20-eugene,1500m,women,final,1500m Women - North American,OMEGA,https://www.omegatiming.com/File/0002010D0101010101FFFFFFFFFFFF4D.pdf,,race,dl-2021-eugene/1500m-women/b-race,
diamond-league/2021-08-20-eugene,2-miles,men,final,2 Miles Men,OMEGA,https://www.omegatiming.com/File/0002010D0102060101FFFFFFFFFFFF4D.pdf,,race,dl-2021-eugene/2-miles-men/final,
diamond-league/2021-08-20-eugene,200m,men,final,200m Men,OMEGA,https://www.omegatiming.com/File/0002010D0102040101FFFFFFFFFFFF4D.pdf,,race,dl-2021-eugene/200m-men/final,
diamond-league/2021-08-20-eugene,3000msc,women,final,3000m Steeplechase Women,OMEGA,https://www.omegatiming.com/File/0002010D0101060101FFFFFFFFFFFF4D.pdf,,race,dl-2021-eugene/3000msc-women/final,
diamond-league/2021-08-20-eugene,400mh,women,final,400m Hurdles Women,OMEGA,https://www.omegatiming.com/File/0002010D01010A0101FFFFFFFFFFFF4D.pdf,,race,dl-2021-eugene/400mh-women/final,
diamond-league/2021-08-20-eugene,5000m,women,final,5000m Women,OMEGA,https://www.omegatiming.com/File/0002010D0101030101FFFFFFFFFFFF4D.pdf,,race,dl-2021-eugene/5000m-women/final,
diamond-league/2021-08-20-eugene,800m,men,final,800m Men,OMEGA,https://www.omegatiming.com/File/0002010D0102030101FFFFFFFFFFFF4D.pdf,,race,dl-2021-eugene/800m-men/final,
diamond-league/2021-08-20-eugene,800m,women,final,800m Women,OMEGA,https://www.omegatiming.com/File/0002010D0101080101FFFFFFFFFFFF4D.pdf,,race,dl-2021-eugene/800m-women/final,
diamond-league/2021-08-20-eugene,mile,men,final,1 Mile Men - Bowerman Mile,OMEGA,https://www.omegatiming.com/File/0002010D0102080101FFFFFFFFFFFF4D.pdf,,race,dl-2021-eugene/mile-men/final,
diamond-league/2021-08-20-eugene,mile,men,final,1 Mile Men - International,OMEGA,https://www.omegatiming.com/File/0002010D0102010101FFFFFFFFFFFF4D.pdf,,race,dl-2021-eugene/mile-men/b-race,
diamond-league/2021-08-25-lausanne,100m,women,final,100m Women,OMEGA,https://www.omegatiming.com/File/0002010F01020D0101FFFFFFFFFFFF4D.pdf,,race,dl-2021-lausanne/100m-women/final,
diamond-league/2021-08-25-lausanne,100m,women,final,100m Women - B Race - Heat 1,OMEGA,https://www.omegatiming.com/File/0002010F0102020102FFFFFFFFFFFF4D.pdf,,race,dl-2021-lausanne/100m-women/b-race-1,
diamond-league/2021-08-25-lausanne,100m,women,final,100m Women - B Race - Heat 2,OMEGA,https://www.omegatiming.com/File/0002010F0102020101FFFFFFFFFFFF4D.pdf,,race,dl-2021-lausanne/100m-women/b-race-2,
diamond-league/2021-08-25-lausanne,100mh,women,final,100m Hurdles Women,OMEGA,https://www.omegatiming.com/File/0002010F0102040101FFFFFFFFFFFF4D.pdf,,undercard,,a national field (100% of it from the host country)
diamond-league/2021-08-25-lausanne,110mh,men,final,110m Hurdles Men,OMEGA,https://www.omegatiming.com/File/0002010F01010C0101FFFFFFFFFFFF4D.pdf,,race,dl-2021-lausanne/110mh-men/final,
diamond-league/2021-08-25-lausanne,1500m,men,final,1500m Men - U18/U20,OMEGA,https://www.omegatiming.com/File/0002010F0101050101FFFFFFFFFFFF4D.pdf,,undercard,,an age-group race
diamond-league/2021-08-25-lausanne,1500m,women,final,1500m Women,OMEGA,https://www.omegatiming.com/File/0002010F01020B0101FFFFFFFFFFFF4D.pdf,,race,dl-2021-lausanne/1500m-women/final,
diamond-league/2021-08-25-lausanne,1500m,women,final,1500m Women - U18/U20,OMEGA,https://www.omegatiming.com/File/0002010F0102030101FFFFFFFFFFFF4D.pdf,,undercard,,an age-group race
diamond-league/2021-08-25-lausanne,200m,men,final,200m Men,OMEGA,https://www.omegatiming.com/File/0002010F01010E0101FFFFFFFFFFFF4D.pdf,,race,dl-2021-lausanne/200m-men/final,
diamond-league/2021-08-25-lausanne,200m,men,final,200m Men - B Race,OMEGA,https://www.omegatiming.com/File/0002010F0101060101FFFFFFFFFFFF4D.pdf,,undercard,,a national field (100% of it from the host country)
diamond-league/2021-08-25-lausanne,200m,women,final,200m Women,OMEGA,https://www.omegatiming.com/File/0002010F0102070101FFFFFFFFFFFF4D.pdf,,race,dl-2021-lausanne/200m-women/final,
diamond-league/2021-08-25-lausanne,3000m,men,final,3000m Men,OMEGA,https://www.omegatiming.com/File/0002010F01010D0101FFFFFFFFFFFF4D.pdf,,race,dl-2021-lausanne/3000m-men/final,
diamond-league/2021-08-25-lausanne,400m,men,final,400m Men,OMEGA,https://www.omegatiming.com/File/0002010F0101090101FFFFFFFFFFFF4D.pdf,,race,dl-2021-lausanne/400m-men/final,
diamond-league/2021-08-25-lausanne,400m,men,final,400m Men - B Race,OMEGA,https://www.omegatiming.com/File/0002010F0101020101FFFFFFFFFFFF4D.pdf,,undercard,,a national field (100% of it from the host country)
diamond-league/2021-08-25-lausanne,400m,women,final,400m Women,OMEGA,https://www.omegatiming.com/File/0002010F01020A0101FFFFFFFFFFFF4D.pdf,,race,dl-2021-lausanne/400m-women/final,
diamond-league/2021-08-25-lausanne,400m,women,final,400m Women - B Race,OMEGA,https://www.omegatiming.com/File/0002010F0102010101FFFFFFFFFFFF4D.pdf,,race,dl-2021-lausanne/400m-women/b-race,
diamond-league/2021-08-25-lausanne,400mh,men,final,400m Hurdles Men,OMEGA,https://www.omegatiming.com/File/0002010F0101040101FFFFFFFFFFFF4D.pdf,,undercard,,a national field (100% of it from the host country)
diamond-league/2021-08-25-lausanne,400mh,women,final,400m Hurdles Women,OMEGA,https://www.omegatiming.com/File/0002010F01020E0101FFFFFFFFFFFF4D.pdf,,race,dl-2021-lausanne/400mh-women/final,
diamond-league/2021-08-25-lausanne,800m,men,final,800m Men,OMEGA,https://www.omegatiming.com/File/0002010F01010A0101FFFFFFFFFFFF4D.pdf,,race,dl-2021-lausanne/800m-men/final,
diamond-league/2021-08-25-lausanne,800m,men,final,800m Men - B Race,OMEGA,https://www.omegatiming.com/File/0002010F0101030101FFFFFFFFFFFF4D.pdf,,race,dl-2021-lausanne/800m-men/b-race,
diamond-league/2021-08-25-lausanne,800m,women,final,800m Women,OMEGA,https://www.omegatiming.com/File/0002010F0102080101FFFFFFFFFFFF4D.pdf,,race,dl-2021-lausanne/800m-women/final,
diamond-league/2021-08-28-paris,100mh,women,final,100m Hurdles Women,SportResult,http://static.sportresult.com/sports/at/data/2021/paris/are1250040.pdf,20210919162512,race,dl-2021-paris/100mh-women/final,
diamond-league/2021-08-28-paris,3000m,women,final,3000m Women,SportResult,http://static.sportresult.com/sports/at/data/2021/paris/are1160040.pdf,20210919160927,race,dl-2021-paris/3000m-women/final,
diamond-league/2021-08-28-paris,400m,women,final,400m Women,SportResult,http://static.sportresult.com/sports/at/data/2021/paris/are1040040.pdf,20210919162133,race,dl-2021-paris/400m-women/final,
diamond-league/2021-08-28-paris,800m,men,final,800m Men,SportResult,http://static.sportresult.com/sports/at/data/2021/paris/are0110040.pdf,20210919161624,race,dl-2021-paris/800m-men/final,
diamond-league/2021-09-01-bruxelles,100m,men,final,100m Men,OMEGA,https://www.omegatiming.com/File/0002011101020A0101FFFFFFFFFFFF4D.pdf,,race,dl-2021-brussels/100m-men/final,
diamond-league/2021-09-01-bruxelles,100mh,women,final,100m Hurdles Women,OMEGA,https://www.omegatiming.com/File/0002011101010C0101FFFFFFFFFFFF4D.pdf,,race,dl-2021-brussels/100mh-women/final,
diamond-league/2021-09-01-bruxelles,1500m,men,final,1500m Men,OMEGA,https://www.omegatiming.com/File/0002011101020C0101FFFFFFFFFFFF4D.pdf,,race,dl-2021-brussels/1500m-men/final,
diamond-league/2021-09-01-bruxelles,200m,women,final,200m Women,OMEGA,https://www.omegatiming.com/File/0002011101010D0101FFFFFFFFFFFF4D.pdf,,race,dl-2021-brussels/200m-women/final,
diamond-league/2021-09-01-bruxelles,400m,men,final,400m Men,OMEGA,https://www.omegatiming.com/File/000201110102090101FFFFFFFFFFFF4D.pdf,,race,dl-2021-brussels/400m-men/final,
diamond-league/2021-09-01-bruxelles,400m,women,final,400m Women - BEL vs NED,OMEGA,https://www.omegatiming.com/File/0002011101010E0101FFFFFFFFFFFF4D.pdf,,race,,an invitational race
diamond-league/2021-09-01-bruxelles,400mh,men,final,400m Hurdles Men,OMEGA,https://www.omegatiming.com/File/0002011101020D0101FFFFFFFFFFFF4D.pdf,,race,dl-2021-brussels/400mh-men/final,
diamond-league/2021-09-01-bruxelles,5000m,women,final,5000m Women,OMEGA,https://www.omegatiming.com/File/0002011101010B0101FFFFFFFFFFFF4D.pdf,,race,dl-2021-brussels/5000m-women/final,
diamond-league/2021-09-01-bruxelles,800m,men,final,800m Men,OMEGA,https://www.omegatiming.com/File/000201110102080101FFFFFFFFFFFF4D.pdf,,race,dl-2021-brussels/800m-men/final,
diamond-league/2021-09-01-bruxelles,800m,women,final,800m Women,OMEGA,https://www.omegatiming.com/File/0002011101010F0101FFFFFFFFFFFF4D.pdf,,race,dl-2021-brussels/800m-women/final,
diamond-league/2021-09-08-zurich,100m,men,final,100m Men,OMEGA,https://www.omegatiming.com/File/0002010C01020E0101FFFFFFFFFFFF4D.pdf,,race,dl-2021-zurich/100m-men/final,
diamond-league/2021-09-08-zurich,100m,women,final,100m Women,OMEGA,https://www.omegatiming.com/File/0002010C0101130101FFFFFFFFFFFF4D.pdf,,race,dl-2021-zurich/100m-women/final,
diamond-league/2021-09-08-zurich,100mh,women,final,100m Hurdles Women,OMEGA,https://www.omegatiming.com/File/0002010C0101100101FFFFFFFFFFFF4D.pdf,,race,dl-2021-zurich/100mh-women/final,
diamond-league/2021-09-08-zurich,1500m,men,final,1500m Men,OMEGA,https://www.omegatiming.com/File/0002010C01020A0101FFFFFFFFFFFF4D.pdf,,race,dl-2021-zurich/1500m-men/final,
diamond-league/2021-09-08-zurich,1500m,women,final,1500m Women,OMEGA,https://www.omegatiming.com/File/0002010C0101110101FFFFFFFFFFFF4D.pdf,,race,dl-2021-zurich/1500m-women/final,
diamond-league/2021-09-08-zurich,200m,men,final,200m Men,OMEGA,https://www.omegatiming.com/File/0002010C0102120101FFFFFFFFFFFF4D.pdf,,race,dl-2021-zurich/200m-men/final,
diamond-league/2021-09-08-zurich,3000msc,men,final,3000m Steeplechase Men,OMEGA,https://www.omegatiming.com/File/0002010C01020F0101FFFFFFFFFFFF4D.pdf,,race,dl-2021-zurich/3000msc-men/final,
diamond-league/2021-09-08-zurich,3000msc,women,final,3000m Steeplechase Women,OMEGA,https://www.omegatiming.com/File/0002010C01010F0101FFFFFFFFFFFF4D.pdf,,race,dl-2021-zurich/3000msc-women/final,
diamond-league/2021-09-08-zurich,400m,men,final,400m Men,OMEGA,https://www.omegatiming.com/File/0002010C0102080101FFFFFFFFFFFF4D.pdf,,race,dl-2021-zurich/400m-men/final,
diamond-league/2021-09-08-zurich,400m,women,final,400m Women,OMEGA,https://www.omegatiming.com/File/0002010C01010B0101FFFFFFFFFFFF4D.pdf,,race,dl-2021-zurich/400m-women/b-race,
diamond-league/2021-09-08-zurich,400m,women,final,400m Women,OMEGA,https://www.omegatiming.com/File/0002010C01010E0101FFFFFFFFFFFF4D.pdf,,race,dl-2021-zurich/400m-women/final,
diamond-league/2021-09-08-zurich,400mh,men,final,400m Hurdles Men,OMEGA,https://www.omegatiming.com/File/0002010C0102060101FFFFFFFFFFFF4D.pdf,,race,dl-2021-zurich/400mh-men/b-race,
diamond-league/2021-09-08-zurich,400mh,men,final,400m Hurdles Men,OMEGA,https://www.omegatiming.com/File/0002010C0102110101FFFFFFFFFFFF4D.pdf,,race,dl-2021-zurich/400mh-men/final,
diamond-league/2021-09-08-zurich,400mh,women,final,400m Hurdles Women,OMEGA,https://www.omegatiming.com/File/0002010C0101150101FFFFFFFFFFFF4D.pdf,,race,dl-2021-zurich/400mh-women/final,
diamond-league/2021-09-08-zurich,800m,men,final,800m Men,OMEGA,https://www.omegatiming.com/File/0002010C0102100101FFFFFFFFFFFF4D.pdf,,race,dl-2021-zurich/800m-men/final,
diamond-league/2021-09-08-zurich,800m,women,final,800m Women,OMEGA,https://www.omegatiming.com/File/0002010C0101140101FFFFFFFFFFFF4D.pdf,,race,dl-2021-zurich/800m-women/final,
diamond-league/2022-05-13-doha,100mh,women,final,100m Hurdles Women,OMEGA,https://www.omegatiming.com/File/000202060101080101FFFFFFFFFFFF4D.pdf,,race,dl-2022-doha/100mh-women/final,
diamond-league/2022-05-13-doha,1500m,men,final,1500m Men,OMEGA,https://www.omegatiming.com/File/0002020601020D0101FFFFFFFFFFFF4D.pdf,,race,dl-2022-doha/1500m-men/final,
diamond-league/2022-05-13-doha,200m,men,final,200m Men,OMEGA,https://www.omegatiming.com/File/0002020601020C0101FFFFFFFFFFFF4D.pdf,,race,dl-2022-doha/200m-men/final,
diamond-league/2022-05-13-doha,200m,women,final,200m Women,OMEGA,https://www.omegatiming.com/File/000202060101090101FFFFFFFFFFFF4D.pdf,,race,dl-2022-doha/200m-women/final,
diamond-league/2022-05-13-doha,3000m,women,final,3000m Women,OMEGA,https://www.omegatiming.com/File/000202060101070101FFFFFFFFFFFF4D.pdf,,race,dl-2022-doha/3000m-women/final,
diamond-league/2022-05-13-doha,3000msc,men,final,3000m Steeplechase Men,OMEGA,https://www.omegatiming.com/File/0002020601020E0101FFFFFFFFFFFF4D.pdf,,race,dl-2022-doha/3000msc-men/final,
diamond-league/2022-05-13-doha,400m,women,final,400m Women,OMEGA,https://www.omegatiming.com/File/000202060101060101FFFFFFFFFFFF4D.pdf,,race,dl-2022-doha/400m-women/final,
diamond-league/2022-05-13-doha,400mh,men,final,400m Hurdles Men,OMEGA,https://www.omegatiming.com/File/000202060102090101FFFFFFFFFFFF4D.pdf,,race,dl-2022-doha/400mh-men/final,
diamond-league/2022-05-13-doha,5000m,men,,5000m Men - National,OMEGA,https://www.omegatiming.com/File/0002020601020F0101FFFFFFFFFFFF4D.pdf,,unmatched,,"a national or regional race, so named"
diamond-league/2022-05-13-doha,800m,men,final,800m Men,OMEGA,https://www.omegatiming.com/File/0002020601020B0101FFFFFFFFFFFF4D.pdf,,race,dl-2022-doha/800m-men/final,
diamond-league/2022-05-21-birmingham,100m,men,final,100m Men,SportResult,http://static.sportresult.com/sports/at/data/2022/london/are0010040.pdf,20220703053615,race,dl-2022-birmingham/100m-men/final,
diamond-league/2022-05-21-birmingham,110mh,men,final,110m Hurdles Men,SportResult,http://static.sportresult.com/sports/at/data/2022/london/are0260040.pdf,20220703052604,race,dl-2022-birmingham/110mh-men/final,
diamond-league/2022-05-21-birmingham,1500m,men,final,1500m Men,SportResult,http://static.sportresult.com/sports/at/data/2022/london/are0130040.pdf,20220703062738,race,dl-2022-birmingham/1500m-men/final,
diamond-league/2022-05-21-birmingham,1500m,women,final,1500m Women,SportResult,http://static.sportresult.com/sports/at/data/2022/london/are1130040.pdf,20220703060032,race,dl-2022-birmingham/1500m-women/final,
diamond-league/2022-05-21-birmingham,3000msc,men,,3000m Steeplechase Men,OMEGA,https://www.omegatiming.com/File/000202010102040101FFFFFFFFFFFF4D.pdf,,unmatched,,a national field (88% of it from the host country)
diamond-league/2022-05-21-birmingham,3000msc,men,final,3000m Steeplechase Men,SportResult,http://static.sportresult.com/sports/at/data/2022/london/are4290040.pdf,20220703045116,undercard,,a national field (100% of it from the host country)
diamond-league/2022-05-21-birmingham,400m,men,final,400m Men,SportResult,http://static.sportresult.com/sports/at/data/2022/london/are0040040.pdf,20220703051710,race,dl-2022-birmingham/400m-men/final,
diamond-league/2022-05-21-birmingham,400m,men,,400m Men - B Race,OMEGA,https://www.omegatiming.com/File/000202010102090101FFFFFFFFFFFF4D.pdf,,unmatched,,a national field (90% of it from the host country)
diamond-league/2022-05-21-birmingham,400m,men,final,400m Men - B Race,SportResult,http://static.sportresult.com/sports/at/data/2022/london/are4040040.pdf,20220703050122,undercard,,a national field (100% of it from the host country)
diamond-league/2022-05-21-birmingham,400m,women,final,400m Women - B Race,OMEGA,https://www.omegatiming.com/File/000202010101060101FFFFFFFFFFFF4D.pdf,,undercard,,a national field (100% of it from the host country)
diamond-league/2022-05-21-birmingham,400mh,women,final,400m Hurdles Women,SportResult,http://static.sportresult.com/sports/at/data/2022/london/are1270040.pdf,20220703044214,race,dl-2022-birmingham/400mh-women/final,
diamond-league/2022-05-21-birmingham,5000m,women,final,5000m Women,SportResult,http://static.sportresult.com/sports/at/data/2022/london/are1170040.pdf,20220703053916,race,dl-2022-birmingham/5000m-women/final,
diamond-league/2022-05-21-birmingham,800m,men,final,800m Men,SportResult,http://static.sportresult.com/sports/at/data/2022/london/are0110040.pdf,20220703043631,race,dl-2022-birmingham/800m-men/final,
diamond-league/2022-05-21-birmingham,800m,men,,800m Men - B Race,OMEGA,https://www.omegatiming.com/File/000202010102070101FFFFFFFFFFFF4D.pdf,,unmatched,,a national field (82% of it from the host country)
diamond-league/2022-05-21-birmingham,800m,men,final,800m Men - B Race,SportResult,http://static.sportresult.com/sports/at/data/2022/london/are4110040.pdf,20220703062853,undercard,,a national field (90% of it from the host country)
diamond-league/2022-05-21-birmingham,800m,women,final,800m Women,SportResult,http://static.sportresult.com/sports/at/data/2022/london/are1110040.pdf,20220703061038,race,dl-2022-birmingham/800m-women/final,
diamond-league/2022-05-21-birmingham,800m,women,final,800m Women - B Race,OMEGA,https://www.omegatiming.com/File/000202010101050101FFFFFFFFFFFF4D.pdf,,undercard,dl-2022-birmingham/800m-women/b-race,
diamond-league/2022-05-27-eugene,10000m,women,,"10,000m Women - USATF Championship",SportResult,http://static.sportresult.com/sports/at/data/2022/eugene/are7180040.pdf,20220606212731,unmatched,,a national field (96% of it from the host country)
diamond-league/2022-05-27-eugene,100m,men,final,100m Men,SportResult,http://static.sportresult.com/sports/at/data/2022/eugene/are0010040.pdf,20220606212730,race,dl-2022-eugene/100m-men/final,
diamond-league/2022-05-27-eugene,100m,women,final,100m Women,SportResult,http://static.sportresult.com/sports/at/data/2022/eugene/are1010040.pdf,20220606212726,race,dl-2022-eugene/100m-women/final,
diamond-league/2022-05-27-eugene,100mh,women,final,100m Hurdles Women,SportResult,http://static.sportresult.com/sports/at/data/2022/eugene/are5250040.pdf,20220606212734,race,,"the document listed as its race analysis has no checkpoints, only the result"
diamond-league/2022-05-27-eugene,1500m,men,final,1500m Men,SportResult,http://static.sportresult.com/sports/at/data/2022/eugene/are4130040.pdf,20220606212732,race,dl-2022-eugene/1500m-men/final,
diamond-league/2022-05-27-eugene,1500m,women,final,1500m Women,SportResult,http://static.sportresult.com/sports/at/data/2022/eugene/are1130040.pdf,20220606212725,race,dl-2022-eugene/1500m-women/final,
diamond-league/2022-05-27-eugene,200m,women,final,200m Women,SportResult,http://static.sportresult.com/sports/at/data/2022/eugene/are5020040.pdf,20220606212737,race,dl-2022-eugene/200m-women/final,
diamond-league/2022-05-27-eugene,3000msc,women,final,3000m Steeplechase Women,SportResult,http://static.sportresult.com/sports/at/data/2022/eugene/are1290040.pdf,20220606212720,race,dl-2022-eugene/3000msc-women/final,
diamond-league/2022-05-27-eugene,400m,men,final,400m Men,SportResult,http://static.sportresult.com/sports/at/data/2022/eugene/are0040040.pdf,20220606212723,race,dl-2022-eugene/400m-men/final,
diamond-league/2022-05-27-eugene,400mh,men,final,400m Hurdles Men,SportResult,http://static.sportresult.com/sports/at/data/2022/eugene/are0270040.pdf,20220606212722,race,dl-2022-eugene/400mh-men/final,
diamond-league/2022-05-27-eugene,5000m,men,final,5000m Men,SportResult,http://static.sportresult.com/sports/at/data/2022/eugene/are0170040.pdf,20220703063759,race,dl-2022-eugene/5000m-men/final,
diamond-league/2022-05-27-eugene,5000m,men,final,5000m Men,SportResult,http://static.sportresult.com/sports/at/data/2022/eugene/are6170040.pdf,20220606212734,race,dl-2022-eugene/5000m-men/b-race,
diamond-league/2022-05-27-eugene,800m,women,final,800m Women,SportResult,http://static.sportresult.com/sports/at/data/2022/eugene/are1110040.pdf,20220606212720,race,dl-2022-eugene/800m-women/final,
diamond-league/2022-05-27-eugene,mile,men,final,1 Mile Men - Bowerman Mile,SportResult,http://static.sportresult.com/sports/at/data/2022/eugene/are0140040.pdf,20220606212722,race,dl-2022-eugene/mile-men/final,
diamond-league/2022-06-05-rabat,100m,women,final,100m Women,SportResult,http://static.sportresult.com/sports/at/data/2022/rabat/are1010040.pdf,20220705154933,race,dl-2022-rabat/100m-women/final,
diamond-league/2022-06-05-rabat,1500m,men,final,1500m Men,SportResult,http://static.sportresult.com/sports/at/data/2022/rabat/are0130040.pdf,20220705153142,race,dl-2022-rabat/1500m-men/final,
diamond-league/2022-06-05-rabat,1500m,men,,1500m Men - U23,SportResult,http://static.sportresult.com/sports/at/data/2022/rabat/are6130040.pdf,20220705155049,unmatched,,an age-group race
diamond-league/2022-06-05-rabat,1500m,women,final,1500m Women,SportResult,http://static.sportresult.com/sports/at/data/2022/rabat/are1130040.pdf,20220705153425,race,dl-2022-rabat/1500m-women/final,
diamond-league/2022-06-05-rabat,1500m,women,,1500m Women - U23,SportResult,http://static.sportresult.com/sports/at/data/2022/rabat/are7130040.pdf,20240422182203,unmatched,,an age-group race
diamond-league/2022-06-05-rabat,200m,men,final,200m Men,SportResult,http://static.sportresult.com/sports/at/data/2022/rabat/are0020040.pdf,20220705145429,race,dl-2022-rabat/200m-men/final,
diamond-league/2022-06-05-rabat,200m,men,final,200m Men - National,SportResult,http://static.sportresult.com/sports/at/data/2022/rabat/are6020040.pdf,20220705150811,undercard,,a national field (100% of it from the host country)
diamond-league/2022-06-05-rabat,200m,women,,200m Women - National,SportResult,http://static.sportresult.com/sports/at/data/2022/rabat/are7020040.pdf,20220705151022,unmatched,,a national field (89% of it from the host country)
diamond-league/2022-06-05-rabat,3000m,women,final,3000m Women,SportResult,http://static.sportresult.com/sports/at/data/2022/rabat/are1160040.pdf,20220705145801,race,dl-2022-rabat/3000m-women/final,
diamond-league/2022-06-05-rabat,3000msc,men,final,3000m Steeplechase Men,SportResult,http://static.sportresult.com/sports/at/data/2022/rabat/are0290040.pdf,20220705155735,race,dl-2022-rabat/3000msc-men/final,
diamond-league/2022-06-05-rabat,400m,men,final,400m Men - National,SportResult,http://static.sportresult.com/sports/at/data/2022/rabat/are6040040.pdf,20220705153021,undercard,,a national field (100% of it from the host country)
diamond-league/2022-06-05-rabat,400m,women,final,400m Women,SportResult,http://static.sportresult.com/sports/at/data/2022/rabat/are1040040.pdf,20220705151313,race,dl-2022-rabat/400m-women/final,
diamond-league/2022-06-05-rabat,400mh,men,final,400m Hurdles Men,SportResult,http://static.sportresult.com/sports/at/data/2022/rabat/are0270040.pdf,20220705153746,race,dl-2022-rabat/400mh-men/final,
diamond-league/2022-06-05-rabat,800m,men,final,800m Men,SportResult,http://static.sportresult.com/sports/at/data/2022/rabat/are0110040.pdf,20220705150853,race,dl-2022-rabat/800m-men/final,
diamond-league/2022-06-05-rabat,800m,men,,800m Men - U23,SportResult,http://static.sportresult.com/sports/at/data/2022/rabat/are6110040.pdf,20220705152821,unmatched,,an age-group race
diamond-league/2022-06-05-rabat,800m,women,final,800m Women,SportResult,http://static.sportresult.com/sports/at/data/2022/rabat/are5110040.pdf,20220705152539,race,dl-2022-rabat/800m-women/final,
diamond-league/2022-06-05-rabat,800m,women,,800m Women - U23,SportResult,http://static.sportresult.com/sports/at/data/2022/rabat/are7110040.pdf,20240503044618,unmatched,,an age-group race
diamond-league/2022-06-09-roma,100m,men,final,100m Men,OMEGA,https://www.omegatiming.com/File/0002020A01010B0101FFFFFFFFFFFF4D.pdf,,race,dl-2022-rome/100m-men/final,
diamond-league/2022-06-09-roma,100mh,women,final,100m Hurdles Women,OMEGA,https://www.omegatiming.com/File/0002020A0102090101FFFFFFFFFFFF4D.pdf,,race,dl-2022-rome/100mh-women/final,
diamond-league/2022-06-09-roma,1500m,women,final,1500m Women,OMEGA,https://www.omegatiming.com/File/0002020A0102050101FFFFFFFFFFFF4D.pdf,,race,dl-2022-rome/1500m-women/final,
diamond-league/2022-06-09-roma,200m,men,final,200m Men,SportResult,http://static.sportresult.com/sports/at/data/2022/rome/are4020040.pdf,20220705153507,race,,"OMEGA's analysis is graphical only, and SportResult's labels its first two points 50m"
diamond-league/2022-06-09-roma,200m,women,final,200m Women,OMEGA,https://www.omegatiming.com/File/0002020A0102080101FFFFFFFFFFFF4D.pdf,,race,dl-2022-rome/200m-women/final,
diamond-league/2022-06-09-roma,3000msc,men,final,3000m Steeplechase Men,OMEGA,https://www.omegatiming.com/File/0002020A0101090101FFFFFFFFFFFF4D.pdf,,race,dl-2022-rome/3000msc-men/final,
diamond-league/2022-06-09-roma,400m,men,final,400m Men,OMEGA,https://www.omegatiming.com/File/0002020A0101070101FFFFFFFFFFFF4D.pdf,,race,dl-2022-rome/400m-men/final,
diamond-league/2022-06-09-roma,400mh,women,final,400m Hurdles Women,OMEGA,https://www.omegatiming.com/File/0002020A0102040101FFFFFFFFFFFF4D.pdf,,race,dl-2022-rome/400mh-women/final,
diamond-league/2022-06-09-roma,5000m,men,final,5000m Men,OMEGA,https://www.omegatiming.com/File/0002020A01010A0101FFFFFFFFFFFF4D.pdf,,race,dl-2022-rome/5000m-men/final,
diamond-league/2022-06-09-roma,800m,women,final,800m Women,OMEGA,https://www.omegatiming.com/File/0002020A0102070101FFFFFFFFFFFF4D.pdf,,race,dl-2022-rome/800m-women/final,
diamond-league/2022-06-16-oslo,100m,men,final,100m Men,OMEGA,https://www.omegatiming.com/File/0002020B01020A0101FFFFFFFFFFFF4D.pdf,,race,dl-2022-oslo/100m-men/final,
diamond-league/2022-06-16-oslo,110mh,men,final,110m Hurdles Men,OMEGA,https://www.omegatiming.com/File/0002020B01020C0101FFFFFFFFFFFF4D.pdf,,race,dl-2022-oslo/110mh-men/final,
diamond-league/2022-06-16-oslo,1500m,men,final,1500m Men - National,OMEGA,https://www.omegatiming.com/File/0002020B0102020101FFFFFFFFFFFF4D.pdf,,undercard,,a national field (81% of it from the host country)
diamond-league/2022-06-16-oslo,400m,men,final,400m Men,OMEGA,https://www.omegatiming.com/File/0002020B0102080101FFFFFFFFFFFF4D.pdf,,race,dl-2022-oslo/400m-men/final,
diamond-league/2022-06-16-oslo,400mh,men,final,400m Hurdles Men,OMEGA,https://www.omegatiming.com/File/0002020B01020D0101FFFFFFFFFFFF4D.pdf,,race,dl-2022-oslo/400mh-men/final,
diamond-league/2022-06-16-oslo,400mh,women,final,400m Hurdles Women - National,OMEGA,https://www.omegatiming.com/File/0002020B0101010101FFFFFFFFFFFF4D.pdf,,race,,"a national or regional race, so named"
diamond-league/2022-06-16-oslo,5000m,men,final,5000m Men,OMEGA,https://www.omegatiming.com/File/0002020B01020B0101FFFFFFFFFFFF4D.pdf,,race,dl-2022-oslo/5000m-men/final,
diamond-league/2022-06-16-oslo,5000m,women,final,5000m Women,OMEGA,https://www.omegatiming.com/File/0002020B0101080101FFFFFFFFFFFF4D.pdf,,race,dl-2022-oslo/5000m-women/final,
diamond-league/2022-06-16-oslo,800m,women,final,800m Women,OMEGA,https://www.omegatiming.com/File/0002020B01010B0101FFFFFFFFFFFF4D.pdf,,race,dl-2022-oslo/800m-women/final,
diamond-league/2022-06-16-oslo,mile,men,final,1 Mile Men - Dream Mile,OMEGA,https://www.omegatiming.com/File/0002020B01020E0101FFFFFFFFFFFF4D.pdf,,race,dl-2022-oslo/mile-men/final,
diamond-league/2022-06-18-paris,100m,men,final,100m Men,OMEGA,https://www.omegatiming.com/File/0002020C0102050101FFFFFFFFFFFF4D.pdf,,race,dl-2022-paris/100m-men/final,
diamond-league/2022-06-18-paris,100m,women,final,100m Women,OMEGA,https://www.omegatiming.com/File/0002020C01010C0101FFFFFFFFFFFF4D.pdf,,race,dl-2022-paris/100m-women/final,
diamond-league/2022-06-18-paris,100mh,women,final,100m Hurdles Women,OMEGA,https://www.omegatiming.com/File/0002020C01010B0101FFFFFFFFFFFF4D.pdf,,race,dl-2022-paris/100mh-women/final,
diamond-league/2022-06-18-paris,110mh,men,final,110m Hurdles Men - Final,OMEGA,https://www.omegatiming.com/File/0002020C0102070201FFFFFFFFFFFF4D.pdf,,race,dl-2022-paris/110mh-men/final,
diamond-league/2022-06-18-paris,110mh,men,heat,110m Hurdles Men - Heat 1,OMEGA,https://www.omegatiming.com/File/0002020C0102070101FFFFFFFFFFFF4D.pdf,,race,dl-2022-paris/110mh-men/heat-1,
diamond-league/2022-06-18-paris,110mh,men,heat,110m Hurdles Men - Heat 2,OMEGA,https://www.omegatiming.com/File/0002020C0102070102FFFFFFFFFFFF4D.pdf,,race,dl-2022-paris/110mh-men/heat-2,
diamond-league/2022-06-18-paris,200m,men,final,200m Men,OMEGA,https://www.omegatiming.com/File/0002020C0102080101FFFFFFFFFFFF4D.pdf,,race,dl-2022-paris/200m-men/final,
diamond-league/2022-06-18-paris,3000msc,women,final,3000m Steeplechase Women,OMEGA,https://www.omegatiming.com/File/0002020C0101090101FFFFFFFFFFFF4D.pdf,,race,dl-2022-paris/3000msc-women/final,
diamond-league/2022-06-18-paris,400m,men,final,400m Men,OMEGA,https://www.omegatiming.com/File/0002020C01020B0101FFFFFFFFFFFF4D.pdf,,race,dl-2022-paris/400m-men/final,
diamond-league/2022-06-18-paris,400m,women,final,400m Women,OMEGA,https://www.omegatiming.com/File/0002020C0101080101FFFFFFFFFFFF4D.pdf,,race,dl-2022-paris/400m-women/final,
diamond-league/2022-06-18-paris,5000m,men,final,5000m Men,OMEGA,https://www.omegatiming.com/File/0002020C01020C0101FFFFFFFFFFFF4D.pdf,,race,dl-2022-paris/5000m-men/final,
diamond-league/2022-06-18-paris,800m,men,final,800m Men,OMEGA,https://www.omegatiming.com/File/0002020C01020A0101FFFFFFFFFFFF4D.pdf,,race,dl-2022-paris/800m-men/final,
diamond-league/2022-06-30-stockholm,100m,men,final,100m Men,OMEGA,https://www.omegatiming.com/File/0002020D0102080101FFFFFFFFFFFF4D.pdf,,race,dl-2022-stockholm/100m-men/final,
diamond-league/2022-06-30-stockholm,100mh,women,final,100m Hurdles Women,OMEGA,https://www.omegatiming.com/File/0002020D01010C0101FFFFFFFFFFFF4D.pdf,,race,dl-2022-stockholm/100mh-women/final,
diamond-league/2022-06-30-stockholm,100mh,women,final,100m Hurdles Women - national,OMEGA,https://www.omegatiming.com/File/0002020D0101040101FFFFFFFFFFFF4D.pdf,,race,,"a national or regional race, so named"
diamond-league/2022-06-30-stockholm,1500m,men,final,1500m Men,OMEGA,https://www.omegatiming.com/File/0002020D0102070101FFFFFFFFFFFF4D.pdf,,race,dl-2022-stockholm/1500m-men/final,
diamond-league/2022-06-30-stockholm,1500m,women,final,1500m Women,OMEGA,https://www.omegatiming.com/File/0002020D0101050101FFFFFFFFFFFF4D.pdf,,race,dl-2022-stockholm/1500m-women/final,
diamond-league/2022-06-30-stockholm,200m,women,final,200m Women,OMEGA,https://www.omegatiming.com/File/0002020D01010E0101FFFFFFFFFFFF4D.pdf,,race,dl-2022-stockholm/200m-women/final,
diamond-league/2022-06-30-stockholm,3000msc,women,final,3000m Steeplechase Women,OMEGA,https://www.omegatiming.com/File/0002020D01010D0101FFFFFFFFFFFF4D.pdf,,race,dl-2022-stockholm/3000msc-women/final,
diamond-league/2022-06-30-stockholm,400m,women,final,400m Women,OMEGA,https://www.omegatiming.com/File/0002020D0101080101FFFFFFFFFFFF4D.pdf,,race,dl-2022-stockholm/400m-women/final,
diamond-league/2022-06-30-stockholm,400mh,men,final,400m Hurdles Men,OMEGA,https://www.omegatiming.com/File/0002020D01020B0101FFFFFFFFFFFF4D.pdf,,race,dl-2022-stockholm/400mh-men/final,
diamond-league/2022-06-30-stockholm,400mh,women,final,400m Hurdles Women,OMEGA,https://www.omegatiming.com/File/0002020D0101090101FFFFFFFFFFFF4D.pdf,,race,dl-2022-stockholm/400mh-women/final,
diamond-league/2022-06-30-stockholm,400mh,women,final,400m Hurdles Women - national,OMEGA,https://www.omegatiming.com/File/0002020D0101010101FFFFFFFFFFFF4D.pdf,,race,,"a national or regional race, so named"
diamond-league/2022-06-30-stockholm,800m,men,final,800m Men,OMEGA,https://www.omegatiming.com/File/0002020D01020C0101FFFFFFFFFFFF4D.pdf,,race,dl-2022-stockholm/800m-men/final,
diamond-league/2022-06-30-stockholm,800m,men,final,800m Men - national,OMEGA,https://www.omegatiming.com/File/0002020D0102020101FFFFFFFFFFFF4D.pdf,,race,,"a national or regional race, so named"
diamond-league/2022-06-30-stockholm,800m,women,final,800m Women,OMEGA,https://www.omegatiming.com/File/0002020D01010B0101FFFFFFFFFFFF4D.pdf,,race,dl-2022-stockholm/800m-women/final,
diamond-league/2022-06-30-stockholm,800m,women,final,800m Women - national,OMEGA,https://www.omegatiming.com/File/0002020D0101030101FFFFFFFFFFFF4D.pdf,,race,,"a national or regional race, so named"
diamond-league/2022-08-06-chorzow,100m,men,final,100m Men,OMEGA,https://www.omegatiming.com/File/0002020501010C0101FFFFFFFFFFFF4D.pdf,,race,dl-2022-silesia/100m-men/final,
diamond-league/2022-08-06-chorzow,100m,women,final,100m Women,OMEGA,https://www.omegatiming.com/File/0002020501020E0101FFFFFFFFFFFF4D.pdf,,race,dl-2022-silesia/100m-women/final,
diamond-league/2022-08-06-chorzow,100mh,women,final,100m Hurdles Women - Final,OMEGA,https://www.omegatiming.com/File/000202050102030201FFFFFFFFFFFF4D.pdf,,race,dl-2022-silesia/100mh-women/final,
diamond-league/2022-08-06-chorzow,100mh,women,heat,100m Hurdles Women - Heat A,OMEGA,https://www.omegatiming.com/File/000202050102030101FFFFFFFFFFFF4D.pdf,,race,dl-2022-silesia/100mh-women/heat-1,
diamond-league/2022-08-06-chorzow,100mh,women,heat,100m Hurdles Women - Heat B,OMEGA,https://www.omegatiming.com/File/000202050102030102FFFFFFFFFFFF4D.pdf,,race,dl-2022-silesia/100mh-women/heat-2,
diamond-league/2022-08-06-chorzow,1500m,women,final,1500m Women,OMEGA,https://www.omegatiming.com/File/0002020501020D0101FFFFFFFFFFFF4D.pdf,,race,dl-2022-silesia/1500m-women/final,
diamond-league/2022-08-06-chorzow,200m,women,final,200m Women,OMEGA,https://www.omegatiming.com/File/0002020501020C0101FFFFFFFFFFFF4D.pdf,,race,dl-2022-silesia/200m-women/final,
diamond-league/2022-08-06-chorzow,3000m,women,final,3000m Women,OMEGA,https://www.omegatiming.com/File/0002020501020A0101FFFFFFFFFFFF4D.pdf,,race,dl-2022-silesia/3000m-women/final,
diamond-league/2022-08-06-chorzow,400m,men,final,400m Men,OMEGA,https://www.omegatiming.com/File/0002020501010E0101FFFFFFFFFFFF4D.pdf,,race,dl-2022-silesia/400m-men/final,
diamond-league/2022-08-06-chorzow,400m,women,final,400m Women,OMEGA,https://www.omegatiming.com/File/0002020501020B0101FFFFFFFFFFFF4D.pdf,,race,dl-2022-silesia/400m-women/final,
diamond-league/2022-08-06-chorzow,400m,women,final,400m Women - B Race,OMEGA,https://www.omegatiming.com/File/000202050102070101FFFFFFFFFFFF4D.pdf,,undercard,,a national field (100% of it from the host country)
diamond-league/2022-08-06-chorzow,400mh,men,final,400m Hurdles Men,OMEGA,https://www.omegatiming.com/File/0002020501010A0101FFFFFFFFFFFF4D.pdf,,race,dl-2022-silesia/400mh-men/final,
diamond-league/2022-08-06-chorzow,800m,men,final,800m Men,OMEGA,https://www.omegatiming.com/File/0002020501010F0101FFFFFFFFFFFF4D.pdf,,race,dl-2022-silesia/800m-men/final,
diamond-league/2022-08-06-chorzow,800m,women,final,800m Women,OMEGA,https://www.omegatiming.com/File/000202050102090101FFFFFFFFFFFF4D.pdf,,race,dl-2022-silesia/800m-women/final,
diamond-league/2022-08-10-monaco,1000m,men,final,1000m Men,OMEGA,https://www.omegatiming.com/File/000202100101030101FFFFFFFFFFFF4D.pdf,,race,dl-2022-monaco/1000m-men/final,
diamond-league/2022-08-10-monaco,100m,women,final,100m Women,OMEGA,https://www.omegatiming.com/File/000202100102040101FFFFFFFFFFFF4D.pdf,,race,dl-2022-monaco/100m-women/final,
diamond-league/2022-08-10-monaco,110mh,men,final,110m Hurdles Men,OMEGA,https://www.omegatiming.com/File/000202100101040101FFFFFFFFFFFF4D.pdf,,race,dl-2022-monaco/110mh-men/final,
diamond-league/2022-08-10-monaco,1500m,women,final,1500m Women,OMEGA,https://www.omegatiming.com/File/000202100102060101FFFFFFFFFFFF4D.pdf,,race,dl-2022-monaco/1500m-women/final,
diamond-league/2022-08-10-monaco,200m,men,final,200m Men,OMEGA,https://www.omegatiming.com/File/000202100101060101FFFFFFFFFFFF4D.pdf,,race,dl-2022-monaco/200m-men/final,
diamond-league/2022-08-10-monaco,3000m,men,final,3000m Men,OMEGA,https://www.omegatiming.com/File/000202100101050101FFFFFFFFFFFF4D.pdf,,race,dl-2022-monaco/3000m-men/final,
diamond-league/2022-08-10-monaco,3000msc,women,final,3000m Steeplechase Women,OMEGA,https://www.omegatiming.com/File/000202100102090101FFFFFFFFFFFF4D.pdf,,race,dl-2022-monaco/3000msc-women/final,
diamond-league/2022-08-10-monaco,400m,women,final,400m Women,OMEGA,https://www.omegatiming.com/File/000202100102080101FFFFFFFFFFFF4D.pdf,,race,dl-2022-monaco/400m-women/final,
diamond-league/2022-08-10-monaco,400mh,women,final,400m Hurdles Women,OMEGA,https://www.omegatiming.com/File/000202100102030101FFFFFFFFFFFF4D.pdf,,race,dl-2022-monaco/400mh-women/final,
diamond-league/2022-08-10-monaco,800m,women,final,800m Women,OMEGA,https://www.omegatiming.com/File/000202100102070101FFFFFFFFFFFF4D.pdf,,race,dl-2022-monaco/800m-women/final,
diamond-league/2022-08-25-lausanne,100m,women,final,100m Women,OMEGA,https://www.omegatiming.com/File/0002021101020B0101FFFFFFFFFFFF4D.pdf,,race,dl-2022-lausanne/100m-women/final,
diamond-league/2022-08-25-lausanne,100m,women,final,100m Women - B Race - Heat 1,OMEGA,https://www.omegatiming.com/File/000202110102010103FFFFFFFFFFFF4D.pdf,,race,dl-2022-lausanne/100m-women/b-race-1,
diamond-league/2022-08-25-lausanne,100m,women,final,100m Women - B Race - Heat 2,OMEGA,https://www.omegatiming.com/File/000202110102010102FFFFFFFFFFFF4D.pdf,,race,dl-2022-lausanne/100m-women/b-race-2,
diamond-league/2022-08-25-lausanne,100m,women,final,100m Women - B Race - Heat 3,OMEGA,https://www.omegatiming.com/File/000202110102010101FFFFFFFFFFFF4D.pdf,,race,dl-2022-lausanne/100m-women/b-race-3,
diamond-league/2022-08-25-lausanne,100mh,women,final,100m Hurdles Women,OMEGA,https://www.omegatiming.com/File/0002021101020C0101FFFFFFFFFFFF4D.pdf,,race,dl-2022-lausanne/100mh-women/final,
diamond-league/2022-08-25-lausanne,110mh,men,final,110m Hurdles Men,OMEGA,https://www.omegatiming.com/File/000202110101090101FFFFFFFFFFFF4D.pdf,,race,dl-2022-lausanne/110mh-men/final,
diamond-league/2022-08-25-lausanne,1500m,men,final,1500m Men,OMEGA,https://www.omegatiming.com/File/0002021101010A0101FFFFFFFFFFFF4D.pdf,,race,dl-2022-lausanne/1500m-men/final,
diamond-league/2022-08-25-lausanne,200m,men,final,200m Men,OMEGA,https://www.omegatiming.com/File/0002021101010D0101FFFFFFFFFFFF4D.pdf,,race,dl-2022-lausanne/200m-men/final,
diamond-league/2022-08-25-lausanne,200m,women,final,200m Women,OMEGA,https://www.omegatiming.com/File/000202110102030101FFFFFFFFFFFF4D.pdf,,undercard,,a national field (100% of it from the host country)
diamond-league/2022-08-25-lausanne,3000m,women,final,3000m Women,OMEGA,https://www.omegatiming.com/File/0002021101020A0101FFFFFFFFFFFF4D.pdf,,race,dl-2022-lausanne/3000m-women/final,
diamond-league/2022-08-25-lausanne,3000msc,men,final,3000m Steeplechase Men,OMEGA,https://www.omegatiming.com/File/0002021101010C0101FFFFFFFFFFFF4D.pdf,,race,dl-2022-lausanne/3000msc-men/final,
diamond-league/2022-08-25-lausanne,400m,women,final,400m Women,OMEGA,https://www.omegatiming.com/File/0002021101020D0101FFFFFFFFFFFF4D.pdf,,race,dl-2022-lausanne/400m-women/final,
diamond-league/2022-08-25-lausanne,400m,women,final,400m Women - B Race,OMEGA,https://www.omegatiming.com/File/000202110102040101FFFFFFFFFFFF4D.pdf,,undercard,,a national field (100% of it from the host country)
diamond-league/2022-08-25-lausanne,400mh,men,final,400m Hurdles Men,OMEGA,https://www.omegatiming.com/File/000202110101060101FFFFFFFFFFFF4D.pdf,,race,dl-2022-lausanne/400mh-men/final,
diamond-league/2022-08-25-lausanne,400mh,women,final,400m Hurdles Women,OMEGA,https://www.omegatiming.com/File/000202110102070101FFFFFFFFFFFF4D.pdf,,race,dl-2022-lausanne/400mh-women/final,
diamond-league/2022-08-25-lausanne,800m,men,final,800m Men,OMEGA,https://www.omegatiming.com/File/000202110101020101FFFFFFFFFFFF4D.pdf,,race,dl-2022-lausanne/800m-men/final,
diamond-league/2022-08-25-lausanne,800m,women,final,800m Women,OMEGA,https://www.omegatiming.com/File/000202110102080101FFFFFFFFFFFF4D.pdf,,race,dl-2022-lausanne/800m-women/final,
diamond-league/2022-09-01-bruxelles,100m,women,final,100m Women,OMEGA,https://www.omegatiming.com/File/0002021201020C0101FFFFFFFFFFFF4D.pdf,,race,dl-2022-brussels/100m-women/final,
diamond-league/2022-09-01-bruxelles,100mh,women,final,100m Hurdles Women,OMEGA,https://www.omegatiming.com/File/0002021201020F0101FFFFFFFFFFFF4D.pdf,,race,dl-2022-brussels/100mh-women/final,
diamond-league/2022-09-01-bruxelles,1500m,women,final,1500m Women,OMEGA,https://www.omegatiming.com/File/000202120102100101FFFFFFFFFFFF4D.pdf,,race,dl-2022-brussels/1500m-women/final,
diamond-league/2022-09-01-bruxelles,200m,men,final,200m Men,OMEGA,https://www.omegatiming.com/File/0002021201010C0101FFFFFFFFFFFF4D.pdf,,race,dl-2022-brussels/200m-men/final,
diamond-league/2022-09-01-bruxelles,400m,men,final,400m Men,OMEGA,https://www.omegatiming.com/File/0002021201010A0101FFFFFFFFFFFF4D.pdf,,race,dl-2022-brussels/400m-men/final,
diamond-league/2022-09-01-bruxelles,400m,women,final,400m Women,OMEGA,https://www.omegatiming.com/File/0002021201020D0101FFFFFFFFFFFF4D.pdf,,race,dl-2022-brussels/400m-women/final,
diamond-league/2022-09-01-bruxelles,400m,women,final,400m Women - B Race,OMEGA,https://www.omegatiming.com/File/000202120102090101FFFFFFFFFFFF4D.pdf,,race,dl-2022-brussels/400m-women/b-race,
diamond-league/2022-09-01-bruxelles,400mh,men,final,400m Hurdles Men,OMEGA,https://www.omegatiming.com/File/0002021201010B0101FFFFFFFFFFFF4D.pdf,,race,dl-2022-brussels/400mh-men/final,
diamond-league/2022-09-01-bruxelles,5000m,men,final,5000m Men,OMEGA,https://www.omegatiming.com/File/0002021201010D0101FFFFFFFFFFFF4D.pdf,,race,dl-2022-brussels/5000m-men/final,
diamond-league/2022-09-01-bruxelles,800m,men,final,800m Men,OMEGA,https://www.omegatiming.com/File/0002021201010E0101FFFFFFFFFFFF4D.pdf,,race,dl-2022-brussels/800m-men/final,
diamond-league/2022-09-07-zurich,100m,men,final,100m Men,OMEGA,https://www.omegatiming.com/File/000202000101100101FFFFFFFFFFFF4D.pdf,,race,dl-2022-zurich/100m-men/final,
diamond-league/2022-09-07-zurich,100m,women,final,100m Women,OMEGA,https://www.omegatiming.com/File/000202000102140101FFFFFFFFFFFF4D.pdf,,race,dl-2022-zurich/100m-women/final,
diamond-league/2022-09-07-zurich,100mh,women,final,100m Hurdles Women,OMEGA,https://www.omegatiming.com/File/0002020001020F0101FFFFFFFFFFFF4D.pdf,,race,dl-2022-zurich/100mh-women/final,
diamond-league/2022-09-07-zurich,110mh,men,final,110m Hurdles Men,OMEGA,https://www.omegatiming.com/File/0002020001010B0101FFFFFFFFFFFF4D.pdf,,race,dl-2022-zurich/110mh-men/final,
diamond-league/2022-09-07-zurich,1500m,men,final,1500m Men,OMEGA,https://www.omegatiming.com/File/0002020001010D0101FFFFFFFFFFFF4D.pdf,,race,dl-2022-zurich/1500m-men/final,
diamond-league/2022-09-07-zurich,1500m,women,final,1500m Women,OMEGA,https://www.omegatiming.com/File/000202000102110101FFFFFFFFFFFF4D.pdf,,race,dl-2022-zurich/1500m-women/final,
diamond-league/2022-09-07-zurich,200m,men,final,200m Men,OMEGA,https://www.omegatiming.com/File/000202000101130101FFFFFFFFFFFF4D.pdf,,race,dl-2022-zurich/200m-men/final,
diamond-league/2022-09-07-zurich,200m,women,final,200m Women,OMEGA,https://www.omegatiming.com/File/000202000102170101FFFFFFFFFFFF4D.pdf,,race,dl-2022-zurich/200m-women/final,
diamond-league/2022-09-07-zurich,3000msc,men,final,3000m Steeplechase Men,OMEGA,https://www.omegatiming.com/File/0002020001010F0101FFFFFFFFFFFF4D.pdf,,race,dl-2022-zurich/3000msc-men/final,
diamond-league/2022-09-07-zurich,3000msc,women,final,3000m Steeplechase Women,OMEGA,https://www.omegatiming.com/File/000202000102100101FFFFFFFFFFFF4D.pdf,,race,dl-2022-zurich/3000msc-women/final,
diamond-league/2022-09-07-zurich,400m,men,final,400m Men,OMEGA,https://www.omegatiming.com/File/000202000101090101FFFFFFFFFFFF4D.pdf,,race,dl-2022-zurich/400m-men/final,
diamond-league/2022-09-07-zurich,400m,men,final,400m Men - pre-program,OMEGA,https://www.omegatiming.com/File/000202000101080101FFFFFFFFFFFF4D.pdf,,race,,a Pre-Programme race
diamond-league/2022-09-07-zurich,400m,women,final,400m Women,OMEGA,https://www.omegatiming.com/File/0002020001020E0101FFFFFFFFFFFF4D.pdf,,race,dl-2022-zurich/400m-women/final,
diamond-league/2022-09-07-zurich,400m,women,final,400m Women - pre-program,OMEGA,https://www.omegatiming.com/File/0002020001020C0101FFFFFFFFFFFF4D.pdf,,race,,a Pre-Programme race
diamond-league/2022-09-07-zurich,400mh,men,final,400m Hurdles Men,OMEGA,https://www.omegatiming.com/File/000202000101110101FFFFFFFFFFFF4D.pdf,,race,dl-2022-zurich/400mh-men/final,
diamond-league/2022-09-07-zurich,400mh,women,final,400m Hurdles Women,OMEGA,https://www.omegatiming.com/File/000202000102150101FFFFFFFFFFFF4D.pdf,,race,dl-2022-zurich/400mh-women/final,
diamond-league/2022-09-07-zurich,800m,men,final,800m Men,OMEGA,https://www.omegatiming.com/File/000202000101120101FFFFFFFFFFFF4D.pdf,,race,dl-2022-zurich/800m-men/final,
diamond-league/2022-09-07-zurich,800m,women,final,800m Women,OMEGA,https://www.omegatiming.com/File/000202000102160101FFFFFFFFFFFF4D.pdf,,race,dl-2022-zurich/800m-women/final,
diamond-league/2023-05-05-doha,1500m,women,final,1500m Women,OMEGA,https://www.omegatiming.com/File/000203030101090101FFFFFFFFFFFF4D.pdf,,race,dl-2023-doha/1500m-women/final,
diamond-league/2023-05-05-doha,200m,men,final,200m Men,OMEGA,https://www.omegatiming.com/File/0002030301020D0101FFFFFFFFFFFF4D.pdf,,race,dl-2023-doha/200m-men/final,
diamond-league/2023-05-05-doha,3000m,men,final,3000m Men,OMEGA,https://www.omegatiming.com/File/0002030301020C0101FFFFFFFFFFFF4D.pdf,,race,dl-2023-doha/3000m-men/final,
diamond-league/2023-05-05-doha,3000msc,women,final,3000m Steeplechase Women,OMEGA,https://www.omegatiming.com/File/000203030101060101FFFFFFFFFFFF4D.pdf,,race,dl-2023-doha/3000msc-women/final,
diamond-league/2023-05-05-doha,400m,men,final,400m Men,OMEGA,https://www.omegatiming.com/File/000203030102070101FFFFFFFFFFFF4D.pdf,,race,dl-2023-doha/400m-men/final,
diamond-league/2023-05-05-doha,400m,women,final,400m Women,OMEGA,https://www.omegatiming.com/File/000203030101050101FFFFFFFFFFFF4D.pdf,,race,dl-2023-doha/400m-women/final,
diamond-league/2023-05-05-doha,800m,men,final,800m Men,OMEGA,https://www.omegatiming.com/File/0002030301020B0101FFFFFFFFFFFF4D.pdf,,race,dl-2023-doha/800m-men/final,
diamond-league/2023-05-28-rabat,100m,men,final,100m Men,OMEGA,https://www.omegatiming.com/File/0002030401020A0101FFFFFFFFFFFF4D.pdf,,race,dl-2023-rabat/100m-men/final,
diamond-league/2023-05-28-rabat,110mh,men,final,110m Hurdles Men,OMEGA,https://www.omegatiming.com/File/000203040102070101FFFFFFFFFFFF4D.pdf,,race,dl-2023-rabat/110mh-men/final,
diamond-league/2023-05-28-rabat,1500m,women,final,1500m Women,OMEGA,https://www.omegatiming.com/File/000203040101070101FFFFFFFFFFFF4D.pdf,,race,dl-2023-rabat/1500m-women/final,
diamond-league/2023-05-28-rabat,1500m,women,,1500m Women - national,OMEGA,https://www.omegatiming.com/File/000203040101030101FFFFFFFFFFFF4D.pdf,,unmatched,,a national field (95% of it from the host country)
diamond-league/2023-05-28-rabat,200m,men,final,200m Men - national,OMEGA,https://www.omegatiming.com/File/000203040102010101FFFFFFFFFFFF4D.pdf,,undercard,,a national field (100% of it from the host country)
diamond-league/2023-05-28-rabat,200m,women,final,200m Women,OMEGA,https://www.omegatiming.com/File/000203040101090101FFFFFFFFFFFF4D.pdf,,race,dl-2023-rabat/200m-women/final,
diamond-league/2023-05-28-rabat,200m,women,final,200m Women - national,OMEGA,https://www.omegatiming.com/File/000203040101010101FFFFFFFFFFFF4D.pdf,,undercard,,a national field (100% of it from the host country)
diamond-league/2023-05-28-rabat,3000msc,men,final,3000m Steeplechase Men,OMEGA,https://www.omegatiming.com/File/0002030401020B0101FFFFFFFFFFFF4D.pdf,,race,dl-2023-rabat/3000msc-men/final,
diamond-league/2023-05-28-rabat,400m,men,final,400m Men,OMEGA,https://www.omegatiming.com/File/000203040102080101FFFFFFFFFFFF4D.pdf,,race,dl-2023-rabat/400m-men/final,
diamond-league/2023-05-28-rabat,400m,men,final,400m Men - national,OMEGA,https://www.omegatiming.com/File/000203040102040101FFFFFFFFFFFF4D.pdf,,undercard,,a national field (100% of it from the host country)
diamond-league/2023-05-28-rabat,400mh,women,final,400m Hurdles Women,OMEGA,https://www.omegatiming.com/File/000203040101050101FFFFFFFFFFFF4D.pdf,,race,dl-2023-rabat/400mh-women/final,
diamond-league/2023-05-28-rabat,800m,men,final,800m Men,OMEGA,https://www.omegatiming.com/File/000203040102050101FFFFFFFFFFFF4D.pdf,,race,dl-2023-rabat/800m-men/final,
diamond-league/2023-05-28-rabat,800m,men,,800m Men - U23,OMEGA,https://www.omegatiming.com/File/000203040102020101FFFFFFFFFFFF4D.pdf,,unmatched,,an age-group race
diamond-league/2023-05-28-rabat,800m,women,final,800m Women,OMEGA,https://www.omegatiming.com/File/0002030401010A0101FFFFFFFFFFFF4D.pdf,,race,dl-2023-rabat/800m-women/final,
diamond-league/2023-05-28-rabat,800m,women,,800m Women - U23,OMEGA,https://www.omegatiming.com/File/000203040101020101FFFFFFFFFFFF4D.pdf,,unmatched,,an age-group race
diamond-league/2023-06-02-firenze,100m,men,final,100m Men,OMEGA,https://www.omegatiming.com/File/000203050102090101FFFFFFFFFFFF4D.pdf,,race,dl-2023-rome/100m-men/final,
diamond-league/2023-06-02-firenze,100m,women,final,100m Women,OMEGA,https://www.omegatiming.com/File/000203050101080101FFFFFFFFFFFF4D.pdf,,race,dl-2023-rome/100m-women/final,
diamond-league/2023-06-02-firenze,110mh,men,final,110m Hurdles Men,OMEGA,https://www.omegatiming.com/File/000203050102070101FFFFFFFFFFFF4D.pdf,,race,,every hurdle time about 0.5 s late (Rome 2023 110mH)
diamond-league/2023-06-02-firenze,1500m,women,final,1500m Women,OMEGA,https://www.omegatiming.com/File/0002030501010A0101FFFFFFFFFFFF4D.pdf,,race,dl-2023-rome/1500m-women/final,
diamond-league/2023-06-02-firenze,200m,men,final,200m Men,OMEGA,https://www.omegatiming.com/File/000203050102050101FFFFFFFFFFFF4D.pdf,,race,dl-2023-rome/200m-men/final,
diamond-league/2023-06-02-firenze,3000msc,women,final,3000m Steeplechase Women,OMEGA,https://www.omegatiming.com/File/000203050101060101FFFFFFFFFFFF4D.pdf,,race,dl-2023-rome/3000msc-women/final,
diamond-league/2023-06-02-firenze,400m,women,final,400m Women,OMEGA,https://www.omegatiming.com/File/000203050101090101FFFFFFFFFFFF4D.pdf,,race,dl-2023-rome/400m-women/final,
diamond-league/2023-06-02-firenze,400mh,women,final,400m Hurdles Women,OMEGA,https://www.omegatiming.com/File/000203050101050101FFFFFFFFFFFF4D.pdf,,race,dl-2023-rome/400mh-women/final,
diamond-league/2023-06-02-firenze,5000m,men,final,5000m Men,OMEGA,https://www.omegatiming.com/File/000203050102080101FFFFFFFFFFFF4D.pdf,,race,dl-2023-rome/5000m-men/final,
diamond-league/2023-06-09-paris,100m,men,final,100m Men,OMEGA,https://www.omegatiming.com/File/0002030601010A0101FFFFFFFFFFFF4D.pdf,,race,dl-2023-paris/100m-men/final,
diamond-league/2023-06-09-paris,110mh,men,final,110m Hurdles Men - Final,OMEGA,https://www.omegatiming.com/File/000203060101050201FFFFFFFFFFFF4D.pdf,,race,dl-2023-paris/110mh-men/final,
diamond-league/2023-06-09-paris,110mh,men,heat,110m Hurdles Men - Round 1 Heat 1,OMEGA,https://www.omegatiming.com/File/000203060101050101FFFFFFFFFFFF4D.pdf,,race,dl-2023-paris/110mh-men/heat-1,
diamond-league/2023-06-09-paris,110mh,men,heat,110m Hurdles Men - Round 1 Heat 2,OMEGA,https://www.omegatiming.com/File/000203060101050102FFFFFFFFFFFF4D.pdf,,race,dl-2023-paris/110mh-men/heat-2,
diamond-league/2023-06-09-paris,2-miles,men,final,2 Miles Men,OMEGA,https://www.omegatiming.com/File/000203060101070101FFFFFFFFFFFF4D.pdf,,race,dl-2023-paris/2-miles-men/final,
diamond-league/2023-06-09-paris,200m,women,final,200m Women,OMEGA,https://www.omegatiming.com/File/000203060102110101FFFFFFFFFFFF4D.pdf,,race,dl-2023-paris/200m-women/final,
diamond-league/2023-06-09-paris,3000msc,men,final,3000m Steeplechase Men,OMEGA,https://www.omegatiming.com/File/0002030601010B0101FFFFFFFFFFFF4D.pdf,,race,dl-2023-paris/3000msc-men/final,
diamond-league/2023-06-09-paris,400m,women,final,400m Women,OMEGA,https://www.omegatiming.com/File/000203060102100101FFFFFFFFFFFF4D.pdf,,race,dl-2023-paris/400m-women/final,
diamond-league/2023-06-09-paris,400mh,men,final,400m Hurdles Men,OMEGA,https://www.omegatiming.com/File/000203060101080101FFFFFFFFFFFF4D.pdf,,race,dl-2023-paris/400mh-men/final,
diamond-league/2023-06-09-paris,5000m,women,final,5000m Women,OMEGA,https://www.omegatiming.com/File/0002030601020E0101FFFFFFFFFFFF4D.pdf,,race,dl-2023-paris/5000m-women/final,
diamond-league/2023-06-09-paris,800m,men,final,800m Men,OMEGA,https://www.omegatiming.com/File/0002030601010C0101FFFFFFFFFFFF4D.pdf,,race,dl-2023-paris/800m-men/final,
diamond-league/2023-06-09-paris,800m,women,final,800m Women,OMEGA,https://www.omegatiming.com/File/0002030601020D0101FFFFFFFFFFFF4D.pdf,,race,dl-2023-paris/800m-women/final,
diamond-league/2023-06-15-oslo,1500m,men,final,1500m Men,OMEGA,https://www.omegatiming.com/File/0002030701010E0101FFFFFFFFFFFF4D.pdf,,race,dl-2023-oslo/1500m-men/final,
diamond-league/2023-06-15-oslo,200m,men,final,200m Men,OMEGA,https://www.omegatiming.com/File/0002030701010B0101FFFFFFFFFFFF4D.pdf,,race,dl-2023-oslo/200m-men/final,
diamond-league/2023-06-15-oslo,400m,men,final,400m Men - National,OMEGA,https://www.omegatiming.com/File/000203070101030101FFFFFFFFFFFF4D.pdf,,undercard,,a Pre-Programme race
diamond-league/2023-06-15-oslo,400m,women,final,400m Women - National,OMEGA,https://www.omegatiming.com/File/000203070102040101FFFFFFFFFFFF4D.pdf,,race,,a Pre-Programme race
diamond-league/2023-06-15-oslo,400mh,men,final,400m Hurdles Men,OMEGA,https://www.omegatiming.com/File/0002030701010D0101FFFFFFFFFFFF4D.pdf,,race,dl-2023-oslo/400mh-men/final,
diamond-league/2023-06-15-oslo,400mh,women,final,400m Hurdles Women,OMEGA,https://www.omegatiming.com/File/000203070102090101FFFFFFFFFFFF4D.pdf,,race,dl-2023-oslo/400mh-women/final,
diamond-league/2023-06-29-lausanne,100m,men,final,100m Men - B Race,OMEGA,https://www.omegatiming.com/File/000203080102030101FFFFFFFFFFFF4D.pdf,,undercard,,a national field (88% of it from the host country)
diamond-league/2023-06-29-lausanne,100m,women,final,100m Women,OMEGA,https://www.omegatiming.com/File/0002030801010B0101FFFFFFFFFFFF4D.pdf,,race,dl-2023-lausanne/100m-women/final,
diamond-league/2023-06-29-lausanne,100mh,women,final,100m Hurdles Women,OMEGA,https://www.omegatiming.com/File/0002030801010C0101FFFFFFFFFFFF4D.pdf,,race,dl-2023-lausanne/100mh-women/final,
diamond-league/2023-06-29-lausanne,110mh,men,final,110m Hurdles Men,OMEGA,https://www.omegatiming.com/File/000203080102070101FFFFFFFFFFFF4D.pdf,,race,dl-2023-lausanne/110mh-men/final,
diamond-league/2023-06-29-lausanne,1500m,men,final,1500m Men,OMEGA,https://www.omegatiming.com/File/0002030801020C0101FFFFFFFFFFFF4D.pdf,,race,dl-2023-lausanne/1500m-men/final,
diamond-league/2023-06-29-lausanne,200m,men,final,200m Men,OMEGA,https://www.omegatiming.com/File/0002030801020B0101FFFFFFFFFFFF4D.pdf,,race,dl-2023-lausanne/200m-men/final,
diamond-league/2023-06-29-lausanne,200m,women,final,200m Women,OMEGA,https://www.omegatiming.com/File/000203080101050101FFFFFFFFFFFF4D.pdf,,race,dl-2023-lausanne/200m-women/final,
diamond-league/2023-06-29-lausanne,3000msc,women,final,3000m Steeplechase Women,OMEGA,https://www.omegatiming.com/File/0002030801010A0101FFFFFFFFFFFF4D.pdf,,race,dl-2023-lausanne/3000msc-women/final,
diamond-league/2023-06-29-lausanne,400m,men,final,400m Men,OMEGA,https://www.omegatiming.com/File/000203080102060101FFFFFFFFFFFF4D.pdf,,race,dl-2023-lausanne/400m-men/final,
diamond-league/2023-06-29-lausanne,400m,women,final,400m Women - B Race,OMEGA,https://www.omegatiming.com/File/000203080101020101FFFFFFFFFFFF4D.pdf,,undercard,,a national field (100% of it from the host country)
diamond-league/2023-06-29-lausanne,400mh,women,final,400m Hurdles Women,OMEGA,https://www.omegatiming.com/File/0002030801010D0101FFFFFFFFFFFF4D.pdf,,race,dl-2023-lausanne/400mh-women/final,
diamond-league/2023-06-29-lausanne,5000m,men,final,5000m Men,OMEGA,https://www.omegatiming.com/File/0002030801020A0101FFFFFFFFFFFF4D.pdf,,race,dl-2023-lausanne/5000m-men/final,
diamond-league/2023-06-29-lausanne,800m,men,final,800m Men - B Race,OMEGA,https://www.omegatiming.com/File/000203080102010101FFFFFFFFFFFF4D.pdf,,race,dl-2023-lausanne/800m-men/b-race,
diamond-league/2023-06-29-lausanne,800m,women,final,800m Women,OMEGA,https://www.omegatiming.com/File/000203080101080101FFFFFFFFFFFF4D.pdf,,race,dl-2023-lausanne/800m-women/final,
diamond-league/2023-07-02-stockholm,100m,men,final,100m Men,OMEGA,https://www.omegatiming.com/File/000203090102080101FFFFFFFFFFFF4D.pdf,,race,dl-2023-stockholm/100m-men/final,
diamond-league/2023-07-02-stockholm,100m,men,final,100m Men - national,OMEGA,https://www.omegatiming.com/File/000203090102010101FFFFFFFFFFFF4D.pdf,,race,,"a national or regional race, so named"
diamond-league/2023-07-02-stockholm,100mh,women,final,100m Hurdles Women,OMEGA,https://www.omegatiming.com/File/0002030901010A0101FFFFFFFFFFFF4D.pdf,,race,dl-2023-stockholm/100mh-women/final,
diamond-league/2023-07-02-stockholm,100mh,women,final,100m Hurdles Women - national,OMEGA,https://www.omegatiming.com/File/000203090101030101FFFFFFFFFFFF4D.pdf,,race,,"a national or regional race, so named"
diamond-league/2023-07-02-stockholm,1500m,women,final,1500m Women,OMEGA,https://www.omegatiming.com/File/000203090101070101FFFFFFFFFFFF4D.pdf,,race,dl-2023-stockholm/1500m-women/final,
diamond-league/2023-07-02-stockholm,200m,women,final,200m Women,OMEGA,https://www.omegatiming.com/File/0002030901010B0101FFFFFFFFFFFF4D.pdf,,race,dl-2023-stockholm/200m-women/final,
diamond-league/2023-07-02-stockholm,3000m,men,final,3000m Men,OMEGA,https://www.omegatiming.com/File/000203090102060101FFFFFFFFFFFF4D.pdf,,race,dl-2023-stockholm/3000m-men/final,
diamond-league/2023-07-02-stockholm,3000msc,men,final,3000m Steeplechase Men,OMEGA,https://www.omegatiming.com/File/0002030901020A0101FFFFFFFFFFFF4D.pdf,,race,dl-2023-stockholm/3000msc-men/final,
diamond-league/2023-07-02-stockholm,400m,men,final,400m Men,OMEGA,https://www.omegatiming.com/File/000203090102070101FFFFFFFFFFFF4D.pdf,,race,dl-2023-stockholm/400m-men/final,
diamond-league/2023-07-02-stockholm,400m,men,final,400m Men - national,OMEGA,https://www.omegatiming.com/File/000203090102020101FFFFFFFFFFFF4D.pdf,,race,,"a national or regional race, so named"
diamond-league/2023-07-02-stockholm,400mh,men,final,400m Hurdles Men,OMEGA,https://www.omegatiming.com/File/0002030901020B0101FFFFFFFFFFFF4D.pdf,,race,dl-2023-stockholm/400mh-men/final,
diamond-league/2023-07-02-stockholm,400mh,women,final,400m Hurdles Women - national,OMEGA,https://www.omegatiming.com/File/000203090101040101FFFFFFFFFFFF4D.pdf,,race,,"a national or regional race, so named"
diamond-league/2023-07-02-stockholm,5000m,women,final,5000m Women,OMEGA,https://www.omegatiming.com/File/000203090101090101FFFFFFFFFFFF4D.pdf,,race,dl-2023-stockholm/5000m-women/final,
diamond-league/2023-07-02-stockholm,800m,men,final,800m Men,OMEGA,https://www.omegatiming.com/File/0002030901020C0101FFFFFFFFFFFF4D.pdf,,race,dl-2023-stockholm/800m-men/final,
diamond-league/2023-07-02-stockholm,800m,men,final,800m Men - national,OMEGA,https://www.omegatiming.com/File/000203090102030101FFFFFFFFFFFF4D.pdf,,race,,"a national or regional race, so named"
diamond-league/2023-07-02-stockholm,800m,women,final,800m Women,OMEGA,https://www.omegatiming.com/File/000203090101060101FFFFFFFFFFFF4D.pdf,,race,dl-2023-stockholm/800m-women/final,
diamond-league/2023-07-16-chorzow,100m,men,final,100m Men,OMEGA,https://www.omegatiming.com/File/0002030A0102090101FFFFFFFFFFFF4D.pdf,,race,dl-2023-silesia/100m-men/final,
diamond-league/2023-07-16-chorzow,100m,women,final,100m Women,OMEGA,https://www.omegatiming.com/File/0002030A01010B0101FFFFFFFFFFFF4D.pdf,,race,dl-2023-silesia/100m-women/final,
diamond-league/2023-07-16-chorzow,100mh,women,final,100m Hurdles Women,OMEGA,https://www.omegatiming.com/File/0002030A0101080101FFFFFFFFFFFF4D.pdf,,race,dl-2023-silesia/100mh-women/final,
diamond-league/2023-07-16-chorzow,110mh,men,final,110m Hurdles Men - Final,OMEGA,https://www.omegatiming.com/File/0002030A0102040201FFFFFFFFFFFF4D.pdf,,race,dl-2023-silesia/110mh-men/final,
diamond-league/2023-07-16-chorzow,110mh,men,heat,110m Hurdles Men - Heat 1,OMEGA,https://www.omegatiming.com/File/0002030A0102040101FFFFFFFFFFFF4D.pdf,,race,dl-2023-silesia/110mh-men/heat-1,
diamond-league/2023-07-16-chorzow,110mh,men,heat,110m Hurdles Men - Heat 2,OMEGA,https://www.omegatiming.com/File/0002030A0102040102FFFFFFFFFFFF4D.pdf,,race,dl-2023-silesia/110mh-men/heat-2,
diamond-league/2023-07-16-chorzow,1500m,men,final,1500m Men,OMEGA,https://www.omegatiming.com/File/0002030A01020C0101FFFFFFFFFFFF4D.pdf,,race,dl-2023-silesia/1500m-men/final,
diamond-league/2023-07-16-chorzow,1500m,women,final,1500m Women,OMEGA,https://www.omegatiming.com/File/0002030A0101040101FFFFFFFFFFFF4D.pdf,,race,dl-2023-silesia/1500m-women/final,
diamond-league/2023-07-16-chorzow,3000m,women,final,3000m Women,OMEGA,https://www.omegatiming.com/File/0002030A0101070101FFFFFFFFFFFF4D.pdf,,race,dl-2023-silesia/3000m-women/final,
diamond-league/2023-07-16-chorzow,3000msc,men,final,3000m Steeplechase Men,OMEGA,https://www.omegatiming.com/File/0002030A01020A0101FFFFFFFFFFFF4D.pdf,,race,dl-2023-silesia/3000msc-men/final,
diamond-league/2023-07-16-chorzow,400m,men,final,400m Men,OMEGA,https://www.omegatiming.com/File/0002030A01020B0101FFFFFFFFFFFF4D.pdf,,race,dl-2023-silesia/400m-men/final,
diamond-league/2023-07-16-chorzow,800m,women,final,800m Women,OMEGA,https://www.omegatiming.com/File/0002030A01010A0101FFFFFFFFFFFF4D.pdf,,race,dl-2023-silesia/800m-women/final,
diamond-league/2023-07-21-monaco,100m,men,final,100m Men,OMEGA,https://www.omegatiming.com/File/0002030B0102090101FFFFFFFFFFFF4D.pdf,,race,dl-2023-monaco/100m-men/final,
diamond-league/2023-07-21-monaco,100mh,women,final,100m Hurdles Women,OMEGA,https://www.omegatiming.com/File/0002030B0101050101FFFFFFFFFFFF4D.pdf,,race,dl-2023-monaco/100mh-women/final,
diamond-league/2023-07-21-monaco,200m,women,final,200m Women,OMEGA,https://www.omegatiming.com/File/0002030B0101060101FFFFFFFFFFFF4D.pdf,,race,dl-2023-monaco/200m-women/final,
diamond-league/2023-07-21-monaco,3000msc,men,final,3000m Steeplechase Men,OMEGA,https://www.omegatiming.com/File/0002030B0102080101FFFFFFFFFFFF4D.pdf,,race,dl-2023-monaco/3000msc-men/final,
diamond-league/2023-07-21-monaco,400m,women,final,400m Women,OMEGA,https://www.omegatiming.com/File/0002030B0101030101FFFFFFFFFFFF4D.pdf,,race,dl-2023-monaco/400m-women/final,
diamond-league/2023-07-21-monaco,400mh,men,final,400m Hurdles Men,OMEGA,https://www.omegatiming.com/File/0002030B0102040101FFFFFFFFFFFF4D.pdf,,race,dl-2023-monaco/400mh-men/final,
diamond-league/2023-07-21-monaco,5000m,men,final,5000m Men,OMEGA,https://www.omegatiming.com/File/0002030B0102070101FFFFFFFFFFFF4D.pdf,,race,dl-2023-monaco/5000m-men/final,
diamond-league/2023-07-21-monaco,800m,men,final,800m Men,OMEGA,https://www.omegatiming.com/File/0002030B0102050101FFFFFFFFFFFF4D.pdf,,race,dl-2023-monaco/800m-men/final,
diamond-league/2023-07-21-monaco,800m,men,final,800m Men - B Race,OMEGA,https://www.omegatiming.com/File/0002030B0102030101FFFFFFFFFFFF4D.pdf,,race,dl-2023-monaco/800m-men/b-race,
diamond-league/2023-07-21-monaco,mile,women,final,1 Mile Women,OMEGA,https://www.omegatiming.com/File/0002030B0101040101FFFFFFFFFFFF4D.pdf,,race,dl-2023-monaco/mile-women/final,
diamond-league/2023-07-23-london,400mh,women,final,400m Hurdles Women,Diamond League,https://london.diamondleague.com/archive/2023/london/ATHW400MHURDDIAMOND---FNL-000100--_C77A_1.0.PDF,20240810193005,race,dl-2023-london/400mh-women/final,
diamond-league/2023-07-23-london,5000m,women,final,5000m Women,SportResult,http://static.sportresult.com/sports/at/data/2023/london/ATHW5000M---DIAMOND---FNL-000100--_C77A_1.0.PDF,20230804091812,race,dl-2023-london/5000m-women/final,
diamond-league/2023-08-30-zurich,100m,women,final,100m Women,OMEGA,https://www.omegatiming.com/File/0002030D01010A0101FFFFFFFFFFFF4D.pdf,,race,dl-2023-zurich/100m-women/final,
diamond-league/2023-08-30-zurich,100m,women,final,100m Women - Heat A,OMEGA,https://www.omegatiming.com/File/0002030D0101080102FFFFFFFFFFFF4D.pdf,,race,dl-2023-zurich/100m-women/b-race-1,
diamond-league/2023-08-30-zurich,100m,women,final,100m Women - Heat B,OMEGA,https://www.omegatiming.com/File/0002030D0101080101FFFFFFFFFFFF4D.pdf,,race,dl-2023-zurich/100m-women/b-race-2,
diamond-league/2023-08-30-zurich,100mh,women,final,100m Hurdles Women,OMEGA,https://www.omegatiming.com/File/0002030D01010E0101FFFFFFFFFFFF4D.pdf,,race,dl-2023-zurich/100mh-women/final,
diamond-league/2023-08-30-zurich,110mh,men,final,110m Hurdles Men,OMEGA,https://www.omegatiming.com/File/0002030D0102060101FFFFFFFFFFFF4D.pdf,,race,dl-2023-zurich/110mh-men/final,
diamond-league/2023-08-30-zurich,1500m,men,final,1500m Men,OMEGA,https://www.omegatiming.com/File/0002030D0102090101FFFFFFFFFFFF4D.pdf,,race,dl-2023-zurich/1500m-men/final,
diamond-league/2023-08-30-zurich,200m,men,final,200m Men,OMEGA,https://www.omegatiming.com/File/0002030D01020C0101FFFFFFFFFFFF4D.pdf,,race,dl-2023-zurich/200m-men/final,
diamond-league/2023-08-30-zurich,200m,women,final,200m Women,OMEGA,https://www.omegatiming.com/File/0002030D01010D0101FFFFFFFFFFFF4D.pdf,,race,dl-2023-zurich/200m-women/final,
diamond-league/2023-08-30-zurich,3000msc,women,final,3000m Steeplechase Women,OMEGA,https://www.omegatiming.com/File/0002030D01010B0101FFFFFFFFFFFF4D.pdf,,race,dl-2023-zurich/3000msc-women/final,
diamond-league/2023-08-30-zurich,400m,men,final,400m Men,OMEGA,https://www.omegatiming.com/File/0002030D0102040101FFFFFFFFFFFF4D.pdf,,race,dl-2023-zurich/400m-men/final,
diamond-league/2023-08-30-zurich,400m,women,final,400m Women,OMEGA,https://www.omegatiming.com/File/0002030D0101070101FFFFFFFFFFFF4D.pdf,,race,dl-2023-zurich/400m-women/final,
diamond-league/2023-08-30-zurich,400mh,men,final,400m Hurdles Men,OMEGA,https://www.omegatiming.com/File/0002030D0102070101FFFFFFFFFFFF4D.pdf,,race,dl-2023-zurich/400mh-men/final,
diamond-league/2023-08-30-zurich,5000m,men,final,5000m Men,OMEGA,https://www.omegatiming.com/File/0002030D01020B0101FFFFFFFFFFFF4D.pdf,,race,dl-2023-zurich/5000m-men/final,
diamond-league/2023-08-30-zurich,800m,women,final,800m Women,OMEGA,https://www.omegatiming.com/File/0002030D01010C0101FFFFFFFFFFFF4D.pdf,,race,dl-2023-zurich/800m-women/final,
diamond-league/2023-09-02-xiamen,100m,men,final,100m Men,OMEGA,https://www.omegatiming.com/File/000203110102080101FFFFFFFFFFFF4D.pdf,,race,dl-2023-xiamen/100m-men/final,
diamond-league/2023-09-02-xiamen,100m,men,final,100m Men - National,OMEGA,https://www.omegatiming.com/File/000203110102060101FFFFFFFFFFFF4D.pdf,,undercard,,a national field (100% of it from the host country)
diamond-league/2023-09-02-xiamen,100m,women,final,100m Women - National,OMEGA,https://www.omegatiming.com/File/000203110101050101FFFFFFFFFFFF4D.pdf,,undercard,,a national field (100% of it from the host country)
diamond-league/2023-09-02-xiamen,100mh,women,final,100m Hurdles Women - National,OMEGA,https://www.omegatiming.com/File/000203110101080101FFFFFFFFFFFF4D.pdf,,undercard,,a national field (100% of it from the host country)
diamond-league/2023-09-02-xiamen,110mh,men,final,110m Hurdles Men,OMEGA,https://www.omegatiming.com/File/0002031101020C0101FFFFFFFFFFFF4D.pdf,,race,dl-2023-xiamen/110mh-men/final,
diamond-league/2023-09-02-xiamen,1500m,women,final,1500m Women,OMEGA,https://www.omegatiming.com/File/0002031101010D0101FFFFFFFFFFFF4D.pdf,,race,dl-2023-xiamen/1500m-women/final,
diamond-league/2023-09-02-xiamen,3000m,women,final,3000m Women,OMEGA,https://www.omegatiming.com/File/000203110101090101FFFFFFFFFFFF4D.pdf,,race,dl-2023-xiamen/3000m-women/final,
diamond-league/2023-09-02-xiamen,3000msc,men,final,3000m Steeplechase Men,OMEGA,https://www.omegatiming.com/File/0002031101020B0101FFFFFFFFFFFF4D.pdf,,race,dl-2023-xiamen/3000msc-men/final,
diamond-league/2023-09-02-xiamen,400m,men,final,400m Men,OMEGA,https://www.omegatiming.com/File/000203110102070101FFFFFFFFFFFF4D.pdf,,race,dl-2023-xiamen/400m-men/final,
diamond-league/2023-09-02-xiamen,400m,women,final,400m Women,OMEGA,https://www.omegatiming.com/File/0002031101010B0101FFFFFFFFFFFF4D.pdf,,race,dl-2023-xiamen/400m-women/final,
diamond-league/2023-09-02-xiamen,400mh,women,final,400m Hurdles Women,OMEGA,https://www.omegatiming.com/File/0002031101010C0101FFFFFFFFFFFF4D.pdf,,race,dl-2023-xiamen/400mh-women/final,
diamond-league/2023-09-02-xiamen,800m,men,final,800m Men,OMEGA,https://www.omegatiming.com/File/000203110102090101FFFFFFFFFFFF4D.pdf,,race,dl-2023-xiamen/800m-men/final,
diamond-league/2023-09-07-bruxelles,100m,women,final,100m Women,OMEGA,https://www.omegatiming.com/File/0002030F01010E0101FFFFFFFFFFFF4D.pdf,,race,dl-2023-brussels/100m-women/final,
diamond-league/2023-09-07-bruxelles,200m,men,final,200m Men,OMEGA,https://www.omegatiming.com/File/0002030F01020B0101FFFFFFFFFFFF4D.pdf,,race,dl-2023-brussels/200m-men/final,
diamond-league/2023-09-07-bruxelles,200m,women,final,200m Women,OMEGA,https://www.omegatiming.com/File/0002030F0101110101FFFFFFFFFFFF4D.pdf,,race,dl-2023-brussels/200m-women/final,
diamond-league/2023-09-07-bruxelles,400m,men,final,400m Men,OMEGA,https://www.omegatiming.com/File/0002030F01020E0101FFFFFFFFFFFF4D.pdf,,race,dl-2023-brussels/400m-men/final,
diamond-league/2023-09-07-bruxelles,400m,men,final,400m Men - B Race,OMEGA,https://www.omegatiming.com/File/0002030F01020A0101FFFFFFFFFFFF4D.pdf,,race,dl-2023-brussels/400m-men/b-race,
diamond-league/2023-09-07-bruxelles,400m,women,final,400m Women,OMEGA,https://www.omegatiming.com/File/0002030F01010C0101FFFFFFFFFFFF4D.pdf,,race,dl-2023-brussels/400m-women/final,
diamond-league/2023-09-07-bruxelles,400m,women,final,400m Women - B Race,OMEGA,https://www.omegatiming.com/File/0002030F01010A0101FFFFFFFFFFFF4D.pdf,,race,dl-2023-brussels/400m-women/b-race,
diamond-league/2023-09-07-bruxelles,400mh,women,final,400m Hurdles Women,OMEGA,https://www.omegatiming.com/File/0002030F0101100101FFFFFFFFFFFF4D.pdf,,race,dl-2023-brussels/400mh-women/final,
diamond-league/2023-09-07-bruxelles,5000m,women,final,5000m Women,OMEGA,https://www.omegatiming.com/File/0002030F0101120101FFFFFFFFFFFF4D.pdf,,race,dl-2023-brussels/5000m-women/final,
diamond-league/2023-09-07-bruxelles,800m,men,final,800m Men,OMEGA,https://www.omegatiming.com/File/0002030F01020D0101FFFFFFFFFFFF4D.pdf,,race,dl-2023-brussels/800m-men/final,
diamond-league/2023-09-16-eugene,100m,men,final,100m Men,OMEGA,https://www.omegatiming.com/File/000203100102070101FFFFFFFFFFFF4D.pdf,,race,dl-2023-eugene/100m-men/final,
diamond-league/2023-09-16-eugene,100m,women,final,100m Women,OMEGA,https://www.omegatiming.com/File/000203100101080101FFFFFFFFFFFF4D.pdf,,race,dl-2023-eugene/100m-women/final,
diamond-league/2023-09-16-eugene,100mh,women,final,100m Hurdles Women,OMEGA,https://www.omegatiming.com/File/000203100101100101FFFFFFFFFFFF4D.pdf,,race,dl-2023-eugene/100mh-women/final,
diamond-league/2023-09-16-eugene,110mh,men,final,110m Hurdles Men,OMEGA,https://www.omegatiming.com/File/000203100102100101FFFFFFFFFFFF4D.pdf,,race,dl-2023-eugene/110mh-men/final,
diamond-league/2023-09-16-eugene,1500m,women,final,1500m Women,OMEGA,https://www.omegatiming.com/File/000203100101060101FFFFFFFFFFFF4D.pdf,,race,dl-2023-eugene/1500m-women/final,
diamond-league/2023-09-16-eugene,200m,men,final,200m Men,OMEGA,https://www.omegatiming.com/File/000203100102120101FFFFFFFFFFFF4D.pdf,,race,dl-2023-eugene/200m-men/final,
diamond-league/2023-09-16-eugene,200m,women,final,200m Women,OMEGA,https://www.omegatiming.com/File/000203100101120101FFFFFFFFFFFF4D.pdf,,race,dl-2023-eugene/200m-women/final,
diamond-league/2023-09-16-eugene,3000m,men,final,3000m Men,OMEGA,https://www.omegatiming.com/File/0002031001020F0101FFFFFFFFFFFF4D.pdf,,race,dl-2023-eugene/3000m-men/final,
diamond-league/2023-09-16-eugene,3000msc,men,final,3000m Steeplechase Men,OMEGA,https://www.omegatiming.com/File/000203100102080101FFFFFFFFFFFF4D.pdf,,race,dl-2023-eugene/3000msc-men/final,
diamond-league/2023-09-16-eugene,3000msc,women,final,3000m Steeplechase Women,OMEGA,https://www.omegatiming.com/File/000203100101040101FFFFFFFFFFFF4D.pdf,,race,dl-2023-eugene/3000msc-women/final,
diamond-league/2023-09-16-eugene,400m,men,final,400m Men,OMEGA,https://www.omegatiming.com/File/000203100102050101FFFFFFFFFFFF4D.pdf,,race,dl-2023-eugene/400m-men/final,
diamond-league/2023-09-16-eugene,400m,women,final,400m Women,OMEGA,https://www.omegatiming.com/File/0002031001010E0101FFFFFFFFFFFF4D.pdf,,race,dl-2023-eugene/400m-women/final,
diamond-league/2023-09-16-eugene,400mh,men,final,400m Hurdles Men,OMEGA,https://www.omegatiming.com/File/000203100102040101FFFFFFFFFFFF4D.pdf,,race,dl-2023-eugene/400mh-men/final,
diamond-league/2023-09-16-eugene,400mh,women,final,400m Hurdles Women,OMEGA,https://www.omegatiming.com/File/0002031001010C0101FFFFFFFFFFFF4D.pdf,,race,dl-2023-eugene/400mh-women/final,
diamond-league/2023-09-16-eugene,5000m,women,final,5000m Women,OMEGA,https://www.omegatiming.com/File/0002031001010B0101FFFFFFFFFFFF4D.pdf,,race,dl-2023-eugene/5000m-women/final,
diamond-league/2023-09-16-eugene,800m,men,final,800m Men,OMEGA,https://www.omegatiming.com/File/0002031001020C0101FFFFFFFFFFFF4D.pdf,,race,dl-2023-eugene/800m-men/final,
diamond-league/2023-09-16-eugene,800m,women,final,800m Women,OMEGA,https://www.omegatiming.com/File/000203100101110101FFFFFFFFFFFF4D.pdf,,race,dl-2023-eugene/800m-women/final,
diamond-league/2023-09-16-eugene,mile,men,final,1 Mile Men - Bowerman Mile,OMEGA,https://www.omegatiming.com/File/000203100102090101FFFFFFFFFFFF4D.pdf,,race,dl-2023-eugene/mile-men/final,
diamond-league/2024-04-20-xiamen,100m,men,final,100m Men,OMEGA,https://www.omegatiming.com/File/0002040401020A0101FFFFFFFFFFFF6D.pdf,,race,dl-2024-xiamen/100m-men/final,
diamond-league/2024-04-20-xiamen,100mh,women,final,100m Hurdles Women,OMEGA,https://www.omegatiming.com/File/000204040101070101FFFFFFFFFFFF6D.pdf,,race,dl-2024-xiamen/100mh-women/final,
diamond-league/2024-04-20-xiamen,110mh,men,final,110m Hurdles Men,OMEGA,https://www.omegatiming.com/File/000204040102090101FFFFFFFFFFFF6D.pdf,,race,dl-2024-xiamen/110mh-men/final,
diamond-league/2024-04-20-xiamen,1500m,women,final,1500m Women,OMEGA,https://www.omegatiming.com/File/0002040401010B0101FFFFFFFFFFFF6D.pdf,,race,dl-2024-xiamen/1500m-women/final,
diamond-league/2024-04-20-xiamen,200m,women,final,200m Women,OMEGA,https://www.omegatiming.com/File/000204040101090101FFFFFFFFFFFF6D.pdf,,race,dl-2024-xiamen/200m-women/final,
diamond-league/2024-04-20-xiamen,3000msc,women,final,3000m Steeplechase Women,OMEGA,https://www.omegatiming.com/File/0002040401010A0101FFFFFFFFFFFF6D.pdf,,race,dl-2024-xiamen/3000msc-women/final,
diamond-league/2024-04-20-xiamen,400m,women,final,400m Women,OMEGA,https://www.omegatiming.com/File/000204040101060101FFFFFFFFFFFF6D.pdf,,race,dl-2024-xiamen/400m-women/final,
diamond-league/2024-04-20-xiamen,5000m,men,final,5000m Men,OMEGA,https://www.omegatiming.com/File/000204040102060101FFFFFFFFFFFF6D.pdf,,race,dl-2024-xiamen/5000m-men/final,
diamond-league/2024-04-20-xiamen,800m,men,final,800m Men,OMEGA,https://www.omegatiming.com/File/000204040102080101FFFFFFFFFFFF6D.pdf,,race,dl-2024-xiamen/800m-men/final,
diamond-league/2024-05-10-doha,100m,men,final,100m Men - West Asian Championships,OMEGA,https://www.omegatiming.com/File/000204060101070101FFFFFFFFFFFF6D.pdf,,race,,"a race of the West Asian Championships, run at the meeting"
diamond-league/2024-05-10-doha,100m,women,final,100m Women,OMEGA,https://www.omegatiming.com/File/0002040601020A0101FFFFFFFFFFFF6D.pdf,,race,dl-2024-doha/100m-women/final,
diamond-league/2024-05-10-doha,100mh,women,final,100m Hurdles Women,OMEGA,https://www.omegatiming.com/File/000204060102090101FFFFFFFFFFFF6D.pdf,,race,dl-2024-doha/100mh-women/final,
diamond-league/2024-05-10-doha,1500m,men,final,1500m Men,OMEGA,https://www.omegatiming.com/File/0002040601010C0101FFFFFFFFFFFF6D.pdf,,race,dl-2024-doha/1500m-men/final,
diamond-league/2024-05-10-doha,1500m,women,final,1500m Women,OMEGA,https://www.omegatiming.com/File/000204060102070101FFFFFFFFFFFF6D.pdf,,race,dl-2024-doha/1500m-women/final,
diamond-league/2024-05-10-doha,200m,men,final,200m Men,OMEGA,https://www.omegatiming.com/File/0002040601010A0101FFFFFFFFFFFF6D.pdf,,race,dl-2024-doha/200m-men/final,
diamond-league/2024-05-10-doha,3000msc,men,final,3000m Steeplechase Men,OMEGA,https://www.omegatiming.com/File/0002040601010E0101FFFFFFFFFFFF6D.pdf,,race,dl-2024-doha/3000msc-men/final,
diamond-league/2024-05-10-doha,400m,men,final,400m Men,OMEGA,https://www.omegatiming.com/File/000204060101090101FFFFFFFFFFFF6D.pdf,,race,dl-2024-doha/400m-men/final,
diamond-league/2024-05-10-doha,400m,men,final,400m Men - Heat A - West Asian Champs,OMEGA,https://www.omegatiming.com/File/000204060101030102FFFFFFFFFFFF6D.pdf,,race,,"a race of the West Asian Championships, run at the meeting"
diamond-league/2024-05-10-doha,400m,men,final,400m Men - Heat B - West Asian Champs,OMEGA,https://www.omegatiming.com/File/000204060101030101FFFFFFFFFFFF6D.pdf,,race,,"a race of the West Asian Championships, run at the meeting"
diamond-league/2024-05-10-doha,400m,women,final,400m Women - West Asian Championships,OMEGA,https://www.omegatiming.com/File/000204060102040101FFFFFFFFFFFF6D.pdf,,race,,"a race of the West Asian Championships, run at the meeting"
diamond-league/2024-05-10-doha,400mh,men,final,400m Hurdles Men,OMEGA,https://www.omegatiming.com/File/0002040601010D0101FFFFFFFFFFFF6D.pdf,,race,dl-2024-doha/400mh-men/final,
diamond-league/2024-05-10-doha,400mh,men,final,400m Hurdles Men - West Asian Championships,OMEGA,https://www.omegatiming.com/File/000204060101080101FFFFFFFFFFFF6D.pdf,,race,,"a race of the West Asian Championships, run at the meeting"
diamond-league/2024-05-10-doha,5000m,women,final,5000m Women,OMEGA,https://www.omegatiming.com/File/000204060102080101FFFFFFFFFFFF6D.pdf,,race,dl-2024-doha/5000m-women/final,
diamond-league/2024-05-10-doha,800m,men,final,800m Men - West Asian Championships,OMEGA,https://www.omegatiming.com/File/000204060101050101FFFFFFFFFFFF6D.pdf,,race,,"a race of the West Asian Championships, run at the meeting"
diamond-league/2024-05-10-doha,800m,women,final,800m Women,OMEGA,https://www.omegatiming.com/File/000204060102060101FFFFFFFFFFFF6D.pdf,,race,dl-2024-doha/800m-women/final,
diamond-league/2024-05-25-eugene,100m,men,final,100m Men,OMEGA,https://www.omegatiming.com/File/000204080103050101FFFFFFFFFFFF6D.pdf,,race,dl-2024-eugene/100m-men/final,
diamond-league/2024-05-25-eugene,100m,women,final,100m Women,OMEGA,https://www.omegatiming.com/File/0002040801020D0101FFFFFFFFFFFF6D.pdf,,race,dl-2024-eugene/100m-women/final,
diamond-league/2024-05-25-eugene,100mh,women,final,100m Hurdles Women,OMEGA,https://www.omegatiming.com/File/000204080102090101FFFFFFFFFFFF6D.pdf,,race,dl-2024-eugene/100mh-women/final,
diamond-league/2024-05-25-eugene,110mh,men,final,110m Hurdles Men,OMEGA,https://www.omegatiming.com/File/000204080103060101FFFFFFFFFFFF6D.pdf,,race,dl-2024-eugene/110mh-men/final,
diamond-league/2024-05-25-eugene,200m,men,final,200m Men,OMEGA,https://www.omegatiming.com/File/000204080103080101FFFFFFFFFFFF6D.pdf,,race,dl-2024-eugene/200m-men/final,
diamond-league/2024-05-25-eugene,3000msc,women,final,3000m Steeplechase Women,OMEGA,https://www.omegatiming.com/File/0002040801020B0101FFFFFFFFFFFF6D.pdf,,race,dl-2024-eugene/3000msc-women/final,
diamond-league/2024-05-25-eugene,400mh,men,final,400m Hurdles Men,OMEGA,https://www.omegatiming.com/File/000204080103040101FFFFFFFFFFFF6D.pdf,,race,dl-2024-eugene/400mh-men/final,
diamond-league/2024-05-25-eugene,5000m,women,final,5000m Women,OMEGA,https://www.omegatiming.com/File/000204080102080101FFFFFFFFFFFF6D.pdf,,race,dl-2024-eugene/5000m-women/final,
diamond-league/2024-05-25-eugene,800m,women,final,800m Women,OMEGA,https://www.omegatiming.com/File/0002040801020C0101FFFFFFFFFFFF6D.pdf,,race,dl-2024-eugene/800m-women/final,
diamond-league/2024-05-30-oslo,1500m,men,final,1500m Men,OMEGA,https://www.omegatiming.com/File/0002040901020E0101FFFFFFFFFFFF6D.pdf,,race,dl-2024-oslo/1500m-men/final,
diamond-league/2024-05-30-oslo,1500m,men,,1500m Men - National,OMEGA,https://www.omegatiming.com/File/000204090102040101FFFFFFFFFFFF6D.pdf,,unmatched,,"a national or regional race, so named"
diamond-league/2024-05-30-oslo,400m,men,final,400m Men,OMEGA,https://www.omegatiming.com/File/000204090102080101FFFFFFFFFFFF6D.pdf,,race,dl-2024-oslo/400m-men/final,
diamond-league/2024-05-30-oslo,400m,women,final,400m Women,OMEGA,https://www.omegatiming.com/File/000204090101080101FFFFFFFFFFFF6D.pdf,,race,dl-2024-oslo/400m-women/final,
diamond-league/2024-06-02-stockholm,100m,men,final,100m Men,OMEGA,https://www.omegatiming.com/File/0002040A0103080101FFFFFFFFFFFF6D.pdf,,race,dl-2024-stockholm/100m-men/final,
diamond-league/2024-06-02-stockholm,100m,men,final,100m Men - national,OMEGA,https://www.omegatiming.com/File/0002040A0103010101FFFFFFFFFFFF6D.pdf,,race,,"a national or regional race, so named"
diamond-league/2024-06-02-stockholm,100m,women,final,100m Women,OMEGA,https://www.omegatiming.com/File/0002040A0102060101FFFFFFFFFFFF6D.pdf,,race,dl-2024-stockholm/100m-women/final,
diamond-league/2024-06-02-stockholm,100m,women,final,100m Women - national,OMEGA,https://www.omegatiming.com/File/0002040A0102020101FFFFFFFFFFFF6D.pdf,,race,,"a national or regional race, so named"
diamond-league/2024-06-02-stockholm,1500m,men,final,1500m Men,OMEGA,https://www.omegatiming.com/File/0002040A0103040101FFFFFFFFFFFF6D.pdf,,race,dl-2024-stockholm/1500m-men/final,
diamond-league/2024-06-02-stockholm,1500m,women,final,1500m Women,OMEGA,https://www.omegatiming.com/File/0002040A0102070101FFFFFFFFFFFF6D.pdf,,race,dl-2024-stockholm/1500m-women/final,
diamond-league/2024-06-02-stockholm,200m,women,final,200m Women,OMEGA,https://www.omegatiming.com/File/0002040A01020A0101FFFFFFFFFFFF6D.pdf,,race,dl-2024-stockholm/200m-women/final,
diamond-league/2024-06-02-stockholm,3000m,men,final,3000m Men,OMEGA,https://www.omegatiming.com/File/0002040A0103060101FFFFFFFFFFFF6D.pdf,,race,dl-2024-stockholm/3000m-men/final,
diamond-league/2024-06-02-stockholm,3000msc,men,final,3000m Steeplechase Men,OMEGA,https://www.omegatiming.com/File/0002040A0103090101FFFFFFFFFFFF6D.pdf,,race,dl-2024-stockholm/3000msc-men/final,
diamond-league/2024-06-02-stockholm,400m,men,final,400m Men,OMEGA,https://www.omegatiming.com/File/0002040A0103020101FFFFFFFFFFFF6D.pdf,,race,dl-2024-stockholm/400m-men/final,
diamond-league/2024-06-02-stockholm,400m,women,final,400m Women,OMEGA,https://www.omegatiming.com/File/0002040A0102010101FFFFFFFFFFFF6D.pdf,,race,dl-2024-stockholm/400m-women/final,
diamond-league/2024-06-02-stockholm,400mh,men,final,400m Hurdles Men,OMEGA,https://www.omegatiming.com/File/0002040A0103050101FFFFFFFFFFFF6D.pdf,,race,dl-2024-stockholm/400mh-men/final,
diamond-league/2024-06-02-stockholm,400mh,women,final,400m Hurdles Women,OMEGA,https://www.omegatiming.com/File/0002040A0102090101FFFFFFFFFFFF6D.pdf,,race,dl-2024-stockholm/400mh-women/final,
diamond-league/2024-06-02-stockholm,800m,men,final,800m Men,OMEGA,https://www.omegatiming.com/File/0002040A01030A0101FFFFFFFFFFFF6D.pdf,,race,dl-2024-stockholm/800m-men/final,
diamond-league/2024-06-02-stockholm,800m,women,final,800m Women,OMEGA,https://www.omegatiming.com/File/0002040A0102050101FFFFFFFFFFFF6D.pdf,,race,dl-2024-stockholm/800m-women/final,
diamond-league/2024-07-07-paris,100m,women,final,100m Women,OMEGA,https://www.omegatiming.com/File/0002040B0102090101FFFFFFFFFFFF6D.pdf,,undercard,,a national field (83% of it from the host country)
diamond-league/2024-07-07-paris,100m,women,final,100m Women,OMEGA,https://www.omegatiming.com/File/0002040B01020C0101FFFFFFFFFFFF6D.pdf,,race,dl-2024-paris/100m-women/final,
diamond-league/2024-07-07-paris,110mh,men,final,110m Hurdles Men,OMEGA,https://www.omegatiming.com/File/0002040B0101090201FFFFFFFFFFFF6D.pdf,,race,dl-2024-paris/110mh-men/final,
diamond-league/2024-07-07-paris,110mh,men,heat,110m Hurdles Men - Round 1 Heat 1,OMEGA,https://www.omegatiming.com/File/0002040B0101090101FFFFFFFFFFFF6D.pdf,,race,dl-2024-paris/110mh-men/heat-1,
diamond-league/2024-07-07-paris,110mh,men,heat,110m Hurdles Men - Round 1 Heat 2,OMEGA,https://www.omegatiming.com/File/0002040B0101090102FFFFFFFFFFFF6D.pdf,,race,dl-2024-paris/110mh-men/heat-2,
diamond-league/2024-07-07-paris,1500m,women,final,1500m Women,OMEGA,https://www.omegatiming.com/File/0002040B01020E0101FFFFFFFFFFFF6D.pdf,,race,dl-2024-paris/1500m-women/final,
diamond-league/2024-07-07-paris,200m,men,final,200m Men,OMEGA,https://www.omegatiming.com/File/0002040B0101100101FFFFFFFFFFFF6D.pdf,,race,dl-2024-paris/200m-men/final,
diamond-league/2024-07-07-paris,3000m,men,final,3000m Men,OMEGA,https://www.omegatiming.com/File/0002040B01010F0101FFFFFFFFFFFF6D.pdf,,race,dl-2024-paris/3000m-men/final,
diamond-league/2024-07-07-paris,3000msc,women,final,3000m Steeplechase Women,OMEGA,https://www.omegatiming.com/File/0002040B01020D0101FFFFFFFFFFFF6D.pdf,,race,dl-2024-paris/3000msc-women/final,
diamond-league/2024-07-07-paris,400m,women,final,400m Women,OMEGA,https://www.omegatiming.com/File/0002040B01020B0101FFFFFFFFFFFF6D.pdf,,race,dl-2024-paris/400m-women/final,
diamond-league/2024-07-07-paris,400mh,men,final,400m Hurdles Men,OMEGA,https://www.omegatiming.com/File/0002040B01010B0101FFFFFFFFFFFF6D.pdf,,race,dl-2024-paris/400mh-men/final,
diamond-league/2024-07-07-paris,800m,men,final,800m Men,OMEGA,https://www.omegatiming.com/File/0002040B01010C0101FFFFFFFFFFFF6D.pdf,,race,dl-2024-paris/800m-men/final,
diamond-league/2024-07-12-monaco,1000m,men,final,1000m Men,OMEGA,https://www.omegatiming.com/File/0002040C0102010101FFFFFFFFFFFF6D.pdf,,race,dl-2024-monaco/1000m-men/final,
diamond-league/2024-07-12-monaco,1000m,women,final,1000m Women,OMEGA,https://www.omegatiming.com/File/0002040C0101030101FFFFFFFFFFFF6D.pdf,,race,dl-2024-monaco/1000m-women/final,
diamond-league/2024-07-12-monaco,100m,women,final,100m Women,OMEGA,https://www.omegatiming.com/File/0002040C0101080101FFFFFFFFFFFF6D.pdf,,race,dl-2024-monaco/100m-women/final,
diamond-league/2024-07-12-monaco,110mh,men,final,110m Hurdles Men,OMEGA,https://www.omegatiming.com/File/0002040C0102060101FFFFFFFFFFFF6D.pdf,,race,dl-2024-monaco/110mh-men/final,
diamond-league/2024-07-12-monaco,1500m,men,final,1500m Men,OMEGA,https://www.omegatiming.com/File/0002040C0102080101FFFFFFFFFFFF6D.pdf,,race,dl-2024-monaco/1500m-men/final,
diamond-league/2024-07-12-monaco,2000m,women,final,2000m Women,OMEGA,https://www.omegatiming.com/File/0002040C0101060101FFFFFFFFFFFF6D.pdf,,race,dl-2024-monaco/2000m-women/final,
diamond-league/2024-07-12-monaco,200m,men,final,200m Men,OMEGA,https://www.omegatiming.com/File/0002040C0102070101FFFFFFFFFFFF6D.pdf,,race,dl-2024-monaco/200m-men/final,
diamond-league/2024-07-12-monaco,400m,men,final,400m Men,OMEGA,https://www.omegatiming.com/File/0002040C0102050101FFFFFFFFFFFF6D.pdf,,race,dl-2024-monaco/400m-men/final,
diamond-league/2024-07-12-monaco,400m,women,final,400m Women,OMEGA,https://www.omegatiming.com/File/0002040C0101040101FFFFFFFFFFFF6D.pdf,,race,dl-2024-monaco/400m-women/final,
diamond-league/2024-07-12-monaco,400mh,men,final,400m Hurdles Men,OMEGA,https://www.omegatiming.com/File/0002040C0102020101FFFFFFFFFFFF6D.pdf,,race,dl-2024-monaco/400mh-men/final,
diamond-league/2024-07-12-monaco,5000m,women,final,5000m Women,OMEGA,https://www.omegatiming.com/File/0002040C0101070101FFFFFFFFFFFF6D.pdf,,race,dl-2024-monaco/5000m-women/final,
diamond-league/2024-07-12-monaco,800m,men,final,800m Men,OMEGA,https://www.omegatiming.com/File/0002040C0102030101FFFFFFFFFFFF6D.pdf,,race,dl-2024-monaco/800m-men/final,
diamond-league/2024-07-20-london,100m,men,final,100m Men,OMEGA,https://www.omegatiming.com/File/0002040D01020F0101FFFFFFFFFFFF6D.pdf,,race,dl-2024-london/100m-men/final,
diamond-league/2024-07-20-london,100m,men,final,100m Men - National,OMEGA,https://www.omegatiming.com/File/0002040D0102030101FFFFFFFFFFFF6D.pdf,,race,,"a national or regional race, so named"
diamond-league/2024-07-20-london,100m,women,final,100m Women - National,OMEGA,https://www.omegatiming.com/File/0002040D0101030101FFFFFFFFFFFF6D.pdf,,undercard,,a national field (100% of it from the host country)
diamond-league/2024-07-20-london,200m,women,final,200m Women,OMEGA,https://www.omegatiming.com/File/0002040D01010E0101FFFFFFFFFFFF6D.pdf,,race,dl-2024-london/200m-women/final,
diamond-league/2024-07-20-london,3000m,men,final,3000m Men,OMEGA,https://www.omegatiming.com/File/0002040D01020C0101FFFFFFFFFFFF6D.pdf,,race,dl-2024-london/3000m-men/final,
diamond-league/2024-07-20-london,400m,men,final,400m Men,OMEGA,https://www.omegatiming.com/File/0002040D01020E0101FFFFFFFFFFFF6D.pdf,,race,dl-2024-london/400m-men/final,
diamond-league/2024-07-20-london,400m,men,final,400m Men - National,OMEGA,https://www.omegatiming.com/File/0002040D0102080101FFFFFFFFFFFF6D.pdf,,undercard,,a national field (100% of it from the host country)
diamond-league/2024-07-20-london,400m,women,final,400m Women,OMEGA,https://www.omegatiming.com/File/0002040D01010B0101FFFFFFFFFFFF6D.pdf,,race,dl-2024-london/400m-women/final,
diamond-league/2024-07-20-london,400m,women,final,400m Women - National,OMEGA,https://www.omegatiming.com/File/0002040D0101080101FFFFFFFFFFFF6D.pdf,,undercard,,a national field (100% of it from the host country)
diamond-league/2024-07-20-london,400mh,men,final,400m Hurdles Men,OMEGA,https://www.omegatiming.com/File/0002040D01020B0101FFFFFFFFFFFF6D.pdf,,race,dl-2024-london/400mh-men/final,
diamond-league/2024-07-20-london,400mh,women,final,400m Hurdles Women,OMEGA,https://www.omegatiming.com/File/0002040D0101090101FFFFFFFFFFFF6D.pdf,,race,dl-2024-london/400mh-women/final,
diamond-league/2024-07-20-london,800m,women,final,800m Women,OMEGA,https://www.omegatiming.com/File/0002040D01010D0101FFFFFFFFFFFF6D.pdf,,race,dl-2024-london/800m-women/final,
diamond-league/2024-07-20-london,mile,men,final,1 Mile Men - Emsley Carr Mile,OMEGA,https://www.omegatiming.com/File/0002040D01020D0101FFFFFFFFFFFF6D.pdf,,race,dl-2024-london/mile-men/final,
diamond-league/2024-08-21-lausanne,100m,women,final,100m Women,OMEGA,https://www.omegatiming.com/File/0002040E01020A0101FFFFFFFFFFFF6D.pdf,,race,dl-2024-lausanne/100m-women/final,
diamond-league/2024-08-21-lausanne,100m,women,final,100m Women - B Race - Heat 1,OMEGA,https://www.omegatiming.com/File/0002040E0102010102FFFFFFFFFFFF6D.pdf,,race,dl-2024-lausanne/100m-women/b-race-1,
diamond-league/2024-08-21-lausanne,100m,women,final,100m Women - B Race - Heat 2,OMEGA,https://www.omegatiming.com/File/0002040E0102010101FFFFFFFFFFFF6D.pdf,,race,dl-2024-lausanne/100m-women/b-race-2,
diamond-league/2024-08-21-lausanne,100mh,women,final,100m Hurdles Women,OMEGA,https://www.omegatiming.com/File/0002040E0102090101FFFFFFFFFFFF6D.pdf,,race,dl-2024-lausanne/100mh-women/final,
diamond-league/2024-08-21-lausanne,110mh,men,final,110m Hurdles Men,OMEGA,https://www.omegatiming.com/File/0002040E01010B0101FFFFFFFFFFFF6D.pdf,,race,dl-2024-lausanne/110mh-men/final,
diamond-league/2024-08-21-lausanne,1500m,men,final,1500m Men,OMEGA,https://www.omegatiming.com/File/0002040E0101090101FFFFFFFFFFFF6D.pdf,,race,dl-2024-lausanne/1500m-men/final,
diamond-league/2024-08-21-lausanne,1500m,men,final,1500m Men - B Race,OMEGA,https://www.omegatiming.com/File/0002040E0101020101FFFFFFFFFFFF6D.pdf,,undercard,,a national field (86% of it from the host country)
diamond-league/2024-08-21-lausanne,200m,men,final,200m Men,OMEGA,https://www.omegatiming.com/File/0002040E01010C0101FFFFFFFFFFFF6D.pdf,,race,dl-2024-lausanne/200m-men/final,
diamond-league/2024-08-21-lausanne,200m,women,final,200m Women,OMEGA,https://www.omegatiming.com/File/0002040E0102070101FFFFFFFFFFFF6D.pdf,,race,dl-2024-lausanne/200m-women/final,
diamond-league/2024-08-21-lausanne,3000m,women,final,3000m Women,OMEGA,https://www.omegatiming.com/File/0002040E01020B0101FFFFFFFFFFFF6D.pdf,,race,dl-2024-lausanne/3000m-women/final,
diamond-league/2024-08-21-lausanne,400m,men,final,400m Men,OMEGA,https://www.omegatiming.com/File/0002040E0101060101FFFFFFFFFFFF6D.pdf,,race,dl-2024-lausanne/400m-men/final,
diamond-league/2024-08-21-lausanne,400m,men,final,400m Men - B Race,OMEGA,https://www.omegatiming.com/File/0002040E0101040101FFFFFFFFFFFF6D.pdf,,undercard,,a national field (100% of it from the host country)
diamond-league/2024-08-21-lausanne,400m,women,final,400m Women,OMEGA,https://www.omegatiming.com/File/0002040E0102050101FFFFFFFFFFFF6D.pdf,,undercard,,a national field (100% of it from the host country)
diamond-league/2024-08-21-lausanne,400mh,women,final,400m Hurdles Women,OMEGA,https://www.omegatiming.com/File/0002040E01020D0101FFFFFFFFFFFF6D.pdf,,race,dl-2024-lausanne/400mh-women/final,
diamond-league/2024-08-21-lausanne,800m,men,final,800m Men,OMEGA,https://www.omegatiming.com/File/0002040E0101070101FFFFFFFFFFFF6D.pdf,,race,dl-2024-lausanne/800m-men/final,
diamond-league/2024-08-21-lausanne,800m,women,final,800m Women,OMEGA,https://www.omegatiming.com/File/0002040E01020C0101FFFFFFFFFFFF6D.pdf,,race,dl-2024-lausanne/800m-women/final,
diamond-league/2024-08-21-lausanne,800m,women,final,800m Women - B Race,OMEGA,https://www.omegatiming.com/File/0002040E0102020101FFFFFFFFFFFF6D.pdf,,race,dl-2024-lausanne/800m-women/b-race,
diamond-league/2024-08-25-chorzow,100m,men,final,100m Men,OMEGA,https://www.omegatiming.com/File/0002040F01010A0101FFFFFFFFFFFF6D.pdf,,race,dl-2024-silesia/100m-men/final,
diamond-league/2024-08-25-chorzow,100m,women,final,100m Women,OMEGA,https://www.omegatiming.com/File/0002040F01020B0101FFFFFFFFFFFF6D.pdf,,race,dl-2024-silesia/100m-women/final,
diamond-league/2024-08-25-chorzow,100mh,women,final,100m Hurdles Women - Final,OMEGA,https://www.omegatiming.com/File/0002040F0102030201FFFFFFFFFFFF6D.pdf,,race,dl-2024-silesia/100mh-women/final,
diamond-league/2024-08-25-chorzow,100mh,women,heat,100m Hurdles Women - Heat A,OMEGA,https://www.omegatiming.com/File/0002040F0102030101FFFFFFFFFFFF6D.pdf,,race,dl-2024-silesia/100mh-women/heat-1,
diamond-league/2024-08-25-chorzow,100mh,women,heat,100m Hurdles Women - Heat B,OMEGA,https://www.omegatiming.com/File/0002040F0102030102FFFFFFFFFFFF6D.pdf,,race,dl-2024-silesia/100mh-women/heat-2,
diamond-league/2024-08-25-chorzow,110mh,men,final,110m Hurdles Men,OMEGA,https://www.omegatiming.com/File/0002040F0101080101FFFFFFFFFFFF6D.pdf,,race,dl-2024-silesia/110mh-men/final,
diamond-league/2024-08-25-chorzow,1500m,women,final,1500m Women,OMEGA,https://www.omegatiming.com/File/0002040F01020A0101FFFFFFFFFFFF6D.pdf,,race,dl-2024-silesia/1500m-women/final,
diamond-league/2024-08-25-chorzow,200m,men,final,200m Men,OMEGA,https://www.omegatiming.com/File/0002040F01010F0101FFFFFFFFFFFF6D.pdf,,race,dl-2024-silesia/200m-men/final,
diamond-league/2024-08-25-chorzow,3000m,men,final,3000m Men,OMEGA,https://www.omegatiming.com/File/0002040F01010C0101FFFFFFFFFFFF6D.pdf,,race,dl-2024-silesia/3000m-men/final,
diamond-league/2024-08-25-chorzow,3000msc,men,final,3000m Steeplechase Men,OMEGA,https://www.omegatiming.com/File/0002040F01010D0101FFFFFFFFFFFF6D.pdf,,race,dl-2024-silesia/3000msc-men/final,
diamond-league/2024-08-25-chorzow,400m,women,final,400m Women,OMEGA,https://www.omegatiming.com/File/0002040F0102080101FFFFFFFFFFFF6D.pdf,,race,dl-2024-silesia/400m-women/final,
diamond-league/2024-08-25-chorzow,400mh,men,final,400m Hurdles Men,OMEGA,https://www.omegatiming.com/File/0002040F01010B0101FFFFFFFFFFFF6D.pdf,,race,dl-2024-silesia/400mh-men/final,
diamond-league/2024-08-25-chorzow,400mh,women,final,400m Hurdles Women,OMEGA,https://www.omegatiming.com/File/0002040F0102060101FFFFFFFFFFFF6D.pdf,,race,dl-2024-silesia/400mh-women/final,
diamond-league/2024-08-25-chorzow,800m,men,final,800m Men,OMEGA,https://www.omegatiming.com/File/0002040F01010E0101FFFFFFFFFFFF6D.pdf,,race,dl-2024-silesia/800m-men/final,
diamond-league/2024-08-30-roma,100m,men,final,100m Men,OMEGA,https://www.omegatiming.com/File/0002041001020A0101FFFFFFFFFFFF6D.pdf,,race,dl-2024-rome/100m-men/final,
diamond-league/2024-08-30-roma,100m,men,,100m Men - Master,OMEGA,https://www.omegatiming.com/File/000204100102030101FFFFFFFFFFFF6D.pdf,,unmatched,,an age-group race
diamond-league/2024-08-30-roma,100m,women,final,100m Women - Master,OMEGA,https://www.omegatiming.com/File/000204100103010101FFFFFFFFFFFF6D.pdf,,undercard,,an age-group race
diamond-league/2024-08-30-roma,100mh,women,final,100m Hurdles Women,OMEGA,https://www.omegatiming.com/File/000204100103030101FFFFFFFFFFFF6D.pdf,,race,dl-2024-rome/100mh-women/final,
diamond-league/2024-08-30-roma,110mh,men,final,110m Hurdles Men,OMEGA,https://www.omegatiming.com/File/000204100102080101FFFFFFFFFFFF6D.pdf,,race,dl-2024-rome/110mh-men/final,
diamond-league/2024-08-30-roma,1500m,women,final,1500m Women,OMEGA,https://www.omegatiming.com/File/000204100103080101FFFFFFFFFFFF6D.pdf,,race,dl-2024-rome/1500m-women/final,
diamond-league/2024-08-30-roma,200m,women,final,200m Women,OMEGA,https://www.omegatiming.com/File/000204100103060101FFFFFFFFFFFF6D.pdf,,race,dl-2024-rome/200m-women/final,
diamond-league/2024-08-30-roma,3000msc,women,final,3000m Steeplechase Women,OMEGA,https://www.omegatiming.com/File/000204100103040101FFFFFFFFFFFF6D.pdf,,race,dl-2024-rome/3000msc-women/final,
diamond-league/2024-08-30-roma,400m,men,final,400m Men,OMEGA,https://www.omegatiming.com/File/000204100102060101FFFFFFFFFFFF6D.pdf,,race,dl-2024-rome/400m-men/final,
diamond-league/2024-08-30-roma,400mh,women,final,400m Hurdles Women,OMEGA,https://www.omegatiming.com/File/000204100103070101FFFFFFFFFFFF6D.pdf,,race,dl-2024-rome/400mh-women/final,
diamond-league/2024-08-30-roma,5000m,men,final,5000m Men,OMEGA,https://www.omegatiming.com/File/000204100102090101FFFFFFFFFFFF6D.pdf,,race,dl-2024-rome/5000m-men/final,
diamond-league/2024-09-04-zurich,100m,women,final,100m Women,OMEGA,https://www.omegatiming.com/File/000204110101070101FFFFFFFFFFFF6D.pdf,,race,dl-2024-zurich/100m-women/final,
diamond-league/2024-09-04-zurich,100m,women,final,100m Women - Heat A,OMEGA,https://www.omegatiming.com/File/000204110101040102FFFFFFFFFFFF6D.pdf,,race,dl-2024-zurich/100m-women/b-race-1,
diamond-league/2024-09-04-zurich,100m,women,final,100m Women - Heat B,OMEGA,https://www.omegatiming.com/File/000204110101040101FFFFFFFFFFFF6D.pdf,,race,dl-2024-zurich/100m-women/b-race-2,
diamond-league/2024-09-04-zurich,100mh,women,final,100m Hurdles Women,OMEGA,https://www.omegatiming.com/File/0002041101010A0101FFFFFFFFFFFF6D.pdf,,race,dl-2024-zurich/100mh-women/final,
diamond-league/2024-09-04-zurich,110mh,men,final,110m Hurdles Men,OMEGA,https://www.omegatiming.com/File/000204110103080101FFFFFFFFFFFF6D.pdf,,race,dl-2024-zurich/110mh-men/final,
diamond-league/2024-09-04-zurich,1500m,men,final,1500m Men,OMEGA,https://www.omegatiming.com/File/0002041101030B0101FFFFFFFFFFFF6D.pdf,,race,dl-2024-zurich/1500m-men/final,
diamond-league/2024-09-04-zurich,200m,men,final,200m Men,OMEGA,https://www.omegatiming.com/File/0002041101030A0101FFFFFFFFFFFF6D.pdf,,race,dl-2024-zurich/200m-men/final,
diamond-league/2024-09-04-zurich,3000m,men,final,3000m Men,OMEGA,https://www.omegatiming.com/File/000204110103020101FFFFFFFFFFFF6D.pdf,,race,dl-2024-zurich/3000m-men/final,
diamond-league/2024-09-04-zurich,400m,men,final,400m Men,OMEGA,https://www.omegatiming.com/File/000204110103050101FFFFFFFFFFFF6D.pdf,,race,dl-2024-zurich/400m-men/final,
diamond-league/2024-09-04-zurich,400m,women,final,400m Women,OMEGA,https://www.omegatiming.com/File/000204110101050101FFFFFFFFFFFF6D.pdf,,race,dl-2024-zurich/400m-women/final,
diamond-league/2024-09-04-zurich,400mh,men,final,400m Hurdles Men,OMEGA,https://www.omegatiming.com/File/000204110103060101FFFFFFFFFFFF6D.pdf,,race,dl-2024-zurich/400mh-men/final,
diamond-league/2024-09-04-zurich,400mh,women,final,400m Hurdles Women,OMEGA,https://www.omegatiming.com/File/000204110101090101FFFFFFFFFFFF6D.pdf,,race,dl-2024-zurich/400mh-women/final,
diamond-league/2024-09-04-zurich,5000m,women,final,5000m Women,OMEGA,https://www.omegatiming.com/File/000204110101080101FFFFFFFFFFFF6D.pdf,,race,dl-2024-zurich/5000m-women/final,
diamond-league/2024-09-04-zurich,800m,women,final,800m Women,OMEGA,https://www.omegatiming.com/File/000204110101060101FFFFFFFFFFFF6D.pdf,,race,dl-2024-zurich/800m-women/final,
diamond-league/2024-09-13-bruxelles,100m,men,final,100m Men,OMEGA,https://www.omegatiming.com/File/000204120102080101FFFFFFFFFFFF6D.pdf,,race,dl-2024-brussels/100m-men/final,
diamond-league/2024-09-13-bruxelles,100m,men,final,100m Men - Invitational,OMEGA,https://www.omegatiming.com/File/000204120102140101FFFFFFFFFFFF6D.pdf,,race,,an invitational race
diamond-league/2024-09-13-bruxelles,100m,women,final,100m Women,OMEGA,https://www.omegatiming.com/File/0002041201010E0101FFFFFFFFFFFF6D.pdf,,race,dl-2024-brussels/100m-women/final,
diamond-league/2024-09-13-bruxelles,100mh,women,final,100m Hurdles Women,OMEGA,https://www.omegatiming.com/File/000204120101160101FFFFFFFFFFFF6D.pdf,,race,dl-2024-brussels/100mh-women/final,
diamond-league/2024-09-13-bruxelles,110mh,men,final,110m Hurdles Men,OMEGA,https://www.omegatiming.com/File/000204120102090101FFFFFFFFFFFF6D.pdf,,race,dl-2024-brussels/110mh-men/final,
diamond-league/2024-09-13-bruxelles,1500m,men,final,1500m Men,OMEGA,https://www.omegatiming.com/File/0002041201020D0101FFFFFFFFFFFF6D.pdf,,race,dl-2024-brussels/1500m-men/final,
diamond-league/2024-09-13-bruxelles,1500m,women,final,1500m Women,OMEGA,https://www.omegatiming.com/File/000204120101180101FFFFFFFFFFFF6D.pdf,,race,dl-2024-brussels/1500m-women/final,
diamond-league/2024-09-13-bruxelles,200m,men,final,200m Men,OMEGA,https://www.omegatiming.com/File/000204120102180101FFFFFFFFFFFF6D.pdf,,race,dl-2024-brussels/200m-men/final,
diamond-league/2024-09-13-bruxelles,200m,women,final,200m Women,OMEGA,https://www.omegatiming.com/File/000204120101140101FFFFFFFFFFFF6D.pdf,,race,dl-2024-brussels/200m-women/final,
diamond-league/2024-09-13-bruxelles,200m,women,final,200m Women - Invitational,OMEGA,https://www.omegatiming.com/File/000204120101130101FFFFFFFFFFFF6D.pdf,,race,,an invitational race
diamond-league/2024-09-13-bruxelles,3000msc,men,final,3000m Steeplechase Men,OMEGA,https://www.omegatiming.com/File/0002041201020C0101FFFFFFFFFFFF6D.pdf,,race,dl-2024-brussels/3000msc-men/final,
diamond-league/2024-09-13-bruxelles,3000msc,women,final,3000m Steeplechase Women,OMEGA,https://www.omegatiming.com/File/000204120101150101FFFFFFFFFFFF6D.pdf,,race,dl-2024-brussels/3000msc-women/final,
diamond-league/2024-09-13-bruxelles,400m,men,final,400m Men,OMEGA,https://www.omegatiming.com/File/0002041201020E0101FFFFFFFFFFFF6D.pdf,,race,dl-2024-brussels/400m-men/final,
diamond-league/2024-09-13-bruxelles,400m,men,final,400m Men - Invitational,OMEGA,https://www.omegatiming.com/File/000204120102070101FFFFFFFFFFFF6D.pdf,,race,,an invitational race
diamond-league/2024-09-13-bruxelles,400m,women,final,400m Women,OMEGA,https://www.omegatiming.com/File/0002041201010B0101FFFFFFFFFFFF6D.pdf,,race,dl-2024-brussels/400m-women/final,
diamond-league/2024-09-13-bruxelles,400m,women,final,400m Women - Invitational,OMEGA,https://www.omegatiming.com/File/0002041201010A0101FFFFFFFFFFFF6D.pdf,,race,,an invitational race
diamond-league/2024-09-13-bruxelles,400mh,men,final,400m Hurdles Men,OMEGA,https://www.omegatiming.com/File/000204120102150101FFFFFFFFFFFF6D.pdf,,race,dl-2024-brussels/400mh-men/final,
diamond-league/2024-09-13-bruxelles,400mh,women,final,400m Hurdles Women,OMEGA,https://www.omegatiming.com/File/0002041201011A0101FFFFFFFFFFFF6D.pdf,,race,dl-2024-brussels/400mh-women/final,
diamond-league/2024-09-13-bruxelles,5000m,men,final,5000m Men,OMEGA,https://www.omegatiming.com/File/0002041201020B0101FFFFFFFFFFFF6D.pdf,,race,dl-2024-brussels/5000m-men/final,
diamond-league/2024-09-13-bruxelles,5000m,women,final,5000m Women,OMEGA,https://www.omegatiming.com/File/000204120101190101FFFFFFFFFFFF6D.pdf,,race,dl-2024-brussels/5000m-women/final,
diamond-league/2024-09-13-bruxelles,800m,men,final,800m Men,OMEGA,https://www.omegatiming.com/File/000204120102190101FFFFFFFFFFFF6D.pdf,,race,dl-2024-brussels/800m-men/final,
diamond-league/2024-09-13-bruxelles,800m,women,final,800m Women,OMEGA,https://www.omegatiming.com/File/0002041201010F0101FFFFFFFFFFFF6D.pdf,,race,dl-2024-brussels/800m-women/final,
diamond-league/2025-04-26-xiamen,1000m,women,final,1000m Women,OMEGA,https://www.omegatiming.com/File/0002050401010A0101FFFFFFFFFFFF6D.pdf,,race,dl-2025-xiamen/1000m-women/final,
diamond-league/2025-04-26-xiamen,100m,men,final,100m Men,OMEGA,https://www.omegatiming.com/File/0002050401020A0101FFFFFFFFFFFF6D.pdf,,race,dl-2025-xiamen/100m-men/final,
diamond-league/2025-04-26-xiamen,100m,men,final,100m Men - National - Heat 1,OMEGA,https://www.omegatiming.com/File/000205040102050101FFFFFFFFFFFF6D.pdf,,undercard,,a national field (100% of it from the host country)
diamond-league/2025-04-26-xiamen,100m,men,final,100m Men - National - Heat 2,OMEGA,https://www.omegatiming.com/File/000205040102050102FFFFFFFFFFFF6D.pdf,,undercard,,a national field (100% of it from the host country)
diamond-league/2025-04-26-xiamen,100mh,women,final,100m Hurdles Women,OMEGA,https://www.omegatiming.com/File/0002050401010B0101FFFFFFFFFFFF6D.pdf,,race,dl-2025-xiamen/100mh-women/final,
diamond-league/2025-04-26-xiamen,110mh,men,final,110m Hurdles Men,OMEGA,https://www.omegatiming.com/File/000205040102090101FFFFFFFFFFFF6D.pdf,,race,dl-2025-xiamen/110mh-men/final,
diamond-league/2025-04-26-xiamen,200m,women,final,200m Women,OMEGA,https://www.omegatiming.com/File/000205040101090101FFFFFFFFFFFF6D.pdf,,race,dl-2025-xiamen/200m-women/final,
diamond-league/2025-04-26-xiamen,3000m,men,final,3000m Men - National,OMEGA,https://www.omegatiming.com/File/000205040102030101FFFFFFFFFFFF6D.pdf,,undercard,,a national field (100% of it from the host country)
diamond-league/2025-04-26-xiamen,3000m,women,final,3000m Women - National,OMEGA,https://www.omegatiming.com/File/000205040101030101FFFFFFFFFFFF6D.pdf,,undercard,,a national field (100% of it from the host country)
diamond-league/2025-04-26-xiamen,3000msc,men,final,3000m Steeplechase Men,OMEGA,https://www.omegatiming.com/File/0002050401020B0101FFFFFFFFFFFF6D.pdf,,race,dl-2025-xiamen/3000msc-men/final,
diamond-league/2025-04-26-xiamen,300mh,men,final,300m Hurdles Men,OMEGA,https://www.omegatiming.com/File/0002050401020C0101FFFFFFFFFFFF6D.pdf,,race,dl-2025-xiamen/300mh-men/final,
diamond-league/2025-04-26-xiamen,5000m,women,final,5000m Women,OMEGA,https://www.omegatiming.com/File/000205040101070101FFFFFFFFFFFF6D.pdf,,race,dl-2025-xiamen/5000m-women/final,
diamond-league/2025-05-03-shaoxing-keqiao,100m,men,final,100m Men,OMEGA,https://www.omegatiming.com/File/0002050501030B0101FFFFFFFFFFFF6D.pdf,,race,dl-2025-shanghai/100m-men/final,
diamond-league/2025-05-03-shaoxing-keqiao,100mh,women,final,100m Hurdles Women,OMEGA,https://www.omegatiming.com/File/0002050501020B0101FFFFFFFFFFFF6D.pdf,,race,dl-2025-shanghai/100mh-women/final,
diamond-league/2025-05-03-shaoxing-keqiao,110mh,men,final,110m Hurdles Men,OMEGA,https://www.omegatiming.com/File/000205050103090101FFFFFFFFFFFF6D.pdf,,race,dl-2025-shanghai/110mh-men/final,
diamond-league/2025-05-03-shaoxing-keqiao,200m,women,final,200m Women,OMEGA,https://www.omegatiming.com/File/0002050501020A0101FFFFFFFFFFFF6D.pdf,,race,dl-2025-shanghai/200m-women/final,
diamond-league/2025-05-03-shaoxing-keqiao,3000msc,men,final,3000m Steeplechase Men,OMEGA,https://www.omegatiming.com/File/0002050501030C0101FFFFFFFFFFFF6D.pdf,,race,dl-2025-shanghai/3000msc-men/final,
diamond-league/2025-05-03-shaoxing-keqiao,400m,men,final,400m Men,OMEGA,https://www.omegatiming.com/File/0002050501030A0101FFFFFFFFFFFF6D.pdf,,race,dl-2025-shanghai/400m-men/final,
diamond-league/2025-05-03-shaoxing-keqiao,400m,men,,400m Men - Sports School,OMEGA,https://www.omegatiming.com/File/000205050103050101FFFFFFFFFFFF6D.pdf,,unmatched,,an age-group race
diamond-league/2025-05-03-shaoxing-keqiao,400m,women,final,400m Women,OMEGA,https://www.omegatiming.com/File/000205050102060101FFFFFFFFFFFF6D.pdf,,race,dl-2025-shanghai/400m-women/final,
diamond-league/2025-05-03-shaoxing-keqiao,400m,women,,400m Women - Sports School,OMEGA,https://www.omegatiming.com/File/000205050102040101FFFFFFFFFFFF6D.pdf,,unmatched,,an age-group race
diamond-league/2025-05-03-shaoxing-keqiao,400mh,men,final,400m Hurdles Men,OMEGA,https://www.omegatiming.com/File/000205050103060101FFFFFFFFFFFF6D.pdf,,race,dl-2025-shanghai/400mh-men/final,
diamond-league/2025-05-03-shaoxing-keqiao,5000m,men,final,5000m Men,OMEGA,https://www.omegatiming.com/File/000205050103070101FFFFFFFFFFFF6D.pdf,,race,dl-2025-shanghai/5000m-men/final,
diamond-league/2025-05-03-shaoxing-keqiao,800m,women,final,800m Women,OMEGA,https://www.omegatiming.com/File/000205050102080101FFFFFFFFFFFF6D.pdf,,race,dl-2025-shanghai/800m-women/final,
diamond-league/2025-05-16-doha,100m,men,,100m Men - Invitational,OMEGA,https://www.omegatiming.com/File/0002050601020B0101FFFFFFFFFFFF6D.pdf,,unmatched,,an invitational race
diamond-league/2025-05-16-doha,100m,men,,100m Men - West Asian,OMEGA,https://www.omegatiming.com/File/0002050601020D0101FFFFFFFFFFFF6D.pdf,,unmatched,,"a race of the West Asian Championships, run at the meeting"
diamond-league/2025-05-16-doha,100m,women,final,100m Women,OMEGA,https://www.omegatiming.com/File/0002050601010B0101FFFFFFFFFFFF6D.pdf,,race,dl-2025-doha/100m-women/final,
diamond-league/2025-05-16-doha,100m,women,,100m Women - Invitational,OMEGA,https://www.omegatiming.com/File/000205060101070101FFFFFFFFFFFF6D.pdf,,unmatched,,an invitational race
diamond-league/2025-05-16-doha,100m,women,,100m Women - West Asian,OMEGA,https://www.omegatiming.com/File/000205060101090101FFFFFFFFFFFF6D.pdf,,unmatched,,"a race of the West Asian Championships, run at the meeting"
diamond-league/2025-05-16-doha,110mh,men,final,110m Hurdles Men,OMEGA,https://www.omegatiming.com/File/000205060102100101FFFFFFFFFFFF6D.pdf,,race,dl-2025-doha/110mh-men/final,
diamond-league/2025-05-16-doha,1500m,women,final,1500m Women,OMEGA,https://www.omegatiming.com/File/0002050601010C0101FFFFFFFFFFFF6D.pdf,,race,dl-2025-doha/1500m-women/final,
diamond-league/2025-05-16-doha,200m,men,final,200m Men,OMEGA,https://www.omegatiming.com/File/000205060102130101FFFFFFFFFFFF6D.pdf,,race,dl-2025-doha/200m-men/final,
diamond-league/2025-05-16-doha,3000msc,women,final,3000m Steeplechase Women,OMEGA,https://www.omegatiming.com/File/0002050601010D0101FFFFFFFFFFFF6D.pdf,,race,dl-2025-doha/3000msc-women/final,
diamond-league/2025-05-16-doha,400m,men,,400m Men - Invitational,OMEGA,https://www.omegatiming.com/File/000205060102080101FFFFFFFFFFFF6D.pdf,,unmatched,,an invitational race
diamond-league/2025-05-16-doha,400m,men,,400m Men - West Asian,OMEGA,https://www.omegatiming.com/File/0002050601020A0101FFFFFFFFFFFF6D.pdf,,unmatched,,"a race of the West Asian Championships, run at the meeting"
diamond-league/2025-05-16-doha,400m,women,final,400m Women,OMEGA,https://www.omegatiming.com/File/0002050601010A0101FFFFFFFFFFFF6D.pdf,,race,dl-2025-doha/400m-women/final,
diamond-league/2025-05-16-doha,400m,women,,400m Women - Invitational,OMEGA,https://www.omegatiming.com/File/000205060101050101FFFFFFFFFFFF6D.pdf,,unmatched,,an invitational race
diamond-league/2025-05-16-doha,400mh,men,final,400m Hurdles Men,OMEGA,https://www.omegatiming.com/File/000205060102140101FFFFFFFFFFFF6D.pdf,,race,dl-2025-doha/400mh-men/final,
diamond-league/2025-05-16-doha,400mh,men,,400m Hurdles Men - Invitational,OMEGA,https://www.omegatiming.com/File/000205060102060101FFFFFFFFFFFF6D.pdf,,unmatched,,an invitational race
diamond-league/2025-05-16-doha,400mh,men,,400m Hurdles Men - West Asian,OMEGA,https://www.omegatiming.com/File/000205060102070101FFFFFFFFFFFF6D.pdf,,unmatched,,"a race of the West Asian Championships, run at the meeting"
diamond-league/2025-05-16-doha,5000m,men,final,5000m Men,OMEGA,https://www.omegatiming.com/File/000205060102120101FFFFFFFFFFFF6D.pdf,,race,dl-2025-doha/5000m-men/final,
diamond-league/2025-05-16-doha,800m,men,final,800m Men,OMEGA,https://www.omegatiming.com/File/0002050601020F0101FFFFFFFFFFFF6D.pdf,,race,dl-2025-doha/800m-men/final,
diamond-league/2025-05-16-doha,800m,men,,800m Men - Youth Invitational,OMEGA,https://www.omegatiming.com/File/000205060102050101FFFFFFFFFFFF6D.pdf,,unmatched,,an age-group race
diamond-league/2025-06-06-roma,100m,men,final,100m Men,OMEGA,https://www.omegatiming.com/File/000205080102090101FFFFFFFFFFFF6D.pdf,,race,dl-2025-rome/100m-men/final,
diamond-league/2025-06-06-roma,100m,men,,100m Men - Master,OMEGA,https://www.omegatiming.com/File/000205080102010101FFFFFFFFFFFF6D.pdf,,unmatched,,an age-group race
diamond-league/2025-06-06-roma,100m,women,,100m Women - Master,OMEGA,https://www.omegatiming.com/File/000205080101040101FFFFFFFFFFFF6D.pdf,,unmatched,,an age-group race
diamond-league/2025-06-06-roma,110mh,men,final,110m Hurdles Men,OMEGA,https://www.omegatiming.com/File/000205080102080101FFFFFFFFFFFF6D.pdf,,race,dl-2025-rome/110mh-men/final,
diamond-league/2025-06-06-roma,1500m,men,final,1500m Men,OMEGA,https://www.omegatiming.com/File/000205080102040101FFFFFFFFFFFF6D.pdf,,race,dl-2025-rome/1500m-men/final,
diamond-league/2025-06-06-roma,1500m,women,final,1500m Women,OMEGA,https://www.omegatiming.com/File/000205080101080101FFFFFFFFFFFF6D.pdf,,race,dl-2025-rome/1500m-women/final,
diamond-league/2025-06-06-roma,200m,women,final,200m Women,OMEGA,https://www.omegatiming.com/File/000205080101070101FFFFFFFFFFFF6D.pdf,,race,dl-2025-rome/200m-women/final,
diamond-league/2025-06-06-roma,400m,men,final,400m Men,OMEGA,https://www.omegatiming.com/File/000205080102070101FFFFFFFFFFFF6D.pdf,,race,dl-2025-rome/400m-men/final,
diamond-league/2025-06-06-roma,400mh,women,final,400m Hurdles Women,OMEGA,https://www.omegatiming.com/File/000205080101050101FFFFFFFFFFFF6D.pdf,,race,dl-2025-rome/400mh-women/final,
diamond-league/2025-06-06-roma,5000m,women,final,5000m Women,OMEGA,https://www.omegatiming.com/File/000205080101060101FFFFFFFFFFFF6D.pdf,,race,dl-2025-rome/5000m-women/final,
diamond-league/2025-06-11-oslo,100m,men,,100m Men - national,OMEGA,https://www.omegatiming.com/File/000205090101070101FFFFFFFFFFFF6D.pdf,,unmatched,,"a national or regional race, so named"
diamond-league/2025-06-11-oslo,1500m,men,,1500m Men - national,OMEGA,https://www.omegatiming.com/File/000205090101090101FFFFFFFFFFFF6D.pdf,,unmatched,,"a national or regional race, so named"
diamond-league/2025-06-11-oslo,200m,women,,200m Women - national,OMEGA,https://www.omegatiming.com/File/000205090102030101FFFFFFFFFFFF6D.pdf,,unmatched,,"a national or regional race, so named"
diamond-league/2025-06-11-oslo,400m,men,,400m Men - national,OMEGA,https://www.omegatiming.com/File/000205090101080101FFFFFFFFFFFF6D.pdf,,unmatched,,a national field (89% of it from the host country)
diamond-league/2025-06-11-oslo,400m,women,,400m Women - national,OMEGA,https://www.omegatiming.com/File/000205090102040101FFFFFFFFFFFF6D.pdf,,unmatched,,"a national or regional race, so named"
diamond-league/2025-06-11-oslo,400mh,women,final,400m Hurdles Women,OMEGA,https://www.omegatiming.com/File/0002050901020D0101FFFFFFFFFFFF6D.pdf,,race,dl-2025-oslo/400mh-women/final,
diamond-league/2025-06-11-oslo,800m,men,,800m Men - national,OMEGA,https://www.omegatiming.com/File/0002050901010A0101FFFFFFFFFFFF6D.pdf,,unmatched,,"a national or regional race, so named"
diamond-league/2025-06-14-stockholm,100m,women,final,100m Women,OMEGA,https://www.omegatiming.com/File/0002050A01020D0101FFFFFFFFFFFF6D.pdf,,race,dl-2025-stockholm/100m-women/final,
diamond-league/2025-06-14-stockholm,100mh,women,final,100m Hurdles Women,OMEGA,https://www.omegatiming.com/File/0002050A01020A0101FFFFFFFFFFFF6D.pdf,,race,dl-2025-stockholm/100mh-women/final,
diamond-league/2025-06-14-stockholm,1500m,men,final,1500m Men,OMEGA,https://www.omegatiming.com/File/0002050A0101030101FFFFFFFFFFFF6D.pdf,,race,dl-2025-stockholm/1500m-men/final,
diamond-league/2025-06-14-stockholm,200m,men,final,200m Men,OMEGA,https://www.omegatiming.com/File/0002050A0101070101FFFFFFFFFFFF6D.pdf,,race,dl-2025-stockholm/200m-men/final,
diamond-league/2025-06-14-stockholm,200m,women,final,200m Women,OMEGA,https://www.omegatiming.com/File/0002050A0102060101FFFFFFFFFFFF6D.pdf,,race,dl-2025-stockholm/200m-women/final,
diamond-league/2025-06-14-stockholm,3000m,women,final,3000m Women,OMEGA,https://www.omegatiming.com/File/0002050A0102080101FFFFFFFFFFFF6D.pdf,,race,dl-2025-stockholm/3000m-women/final,
diamond-league/2025-06-14-stockholm,3000msc,men,final,3000m Steeplechase Men,OMEGA,https://www.omegatiming.com/File/0002050A0101060101FFFFFFFFFFFF6D.pdf,,race,dl-2025-stockholm/3000msc-men/final,
diamond-league/2025-06-14-stockholm,400m,women,final,400m Women,OMEGA,https://www.omegatiming.com/File/0002050A01020B0101FFFFFFFFFFFF6D.pdf,,race,dl-2025-stockholm/400m-women/final,
diamond-league/2025-06-14-stockholm,400m,women,final,400m Women - national,OMEGA,https://www.omegatiming.com/File/0002050A0102030101FFFFFFFFFFFF6D.pdf,,undercard,,a national field (88% of it from the host country)
diamond-league/2025-06-14-stockholm,400mh,men,final,400m Hurdles Men,OMEGA,https://www.omegatiming.com/File/0002050A01010B0101FFFFFFFFFFFF6D.pdf,,race,dl-2025-stockholm/400mh-men/final,
diamond-league/2025-06-14-stockholm,400mh,women,final,400m Hurdles Women,OMEGA,https://www.omegatiming.com/File/0002050A0102070101FFFFFFFFFFFF6D.pdf,,race,dl-2025-stockholm/400mh-women/final,
diamond-league/2025-06-14-stockholm,5000m,men,final,5000m Men,OMEGA,https://www.omegatiming.com/File/0002050A01010A0101FFFFFFFFFFFF6D.pdf,,race,dl-2025-stockholm/5000m-men/final,
diamond-league/2025-06-14-stockholm,800m,women,final,800m Women,OMEGA,https://www.omegatiming.com/File/0002050A01020C0101FFFFFFFFFFFF6D.pdf,,race,dl-2025-stockholm/800m-women/final,
diamond-league/2025-06-20-paris,100m,men,,100m Men - L'Equipe,OMEGA,https://www.omegatiming.com/File/0002050B0101090101FFFFFFFFFFFF6D.pdf,,unmatched,,a national field (89% of it from the host country)
diamond-league/2025-06-20-paris,100m,men,final,100m Men - Regional,OMEGA,https://www.omegatiming.com/File/0002050B0101010101FFFFFFFFFFFF6D.pdf,,race,,"a national or regional race, so named"
diamond-league/2025-06-20-paris,100m,women,final,100m Women - Regional,OMEGA,https://www.omegatiming.com/File/0002050B0102010101FFFFFFFFFFFF6D.pdf,,race,,"a national or regional race, so named"
diamond-league/2025-06-20-paris,100mh,women,final,100m Hurdles Women,OMEGA,https://www.omegatiming.com/File/0002050B01020B0101FFFFFFFFFFFF6D.pdf,,race,dl-2025-paris/100mh-women/final,
diamond-league/2025-06-20-paris,110mh,men,final,110m Hurdles Men - Final,OMEGA,https://www.omegatiming.com/File/0002050B0101080201FFFFFFFFFFFF6D.pdf,,race,dl-2025-paris/110mh-men/final,
diamond-league/2025-06-20-paris,110mh,men,heat,110m Hurdles Men - Round 1 Heat A,OMEGA,https://www.omegatiming.com/File/0002050B0101080101FFFFFFFFFFFF6D.pdf,,race,dl-2025-paris/110mh-men/heat-1,
diamond-league/2025-06-20-paris,110mh,men,heat,110m Hurdles Men - Round 1 Heat B,OMEGA,https://www.omegatiming.com/File/0002050B0101080102FFFFFFFFFFFF6D.pdf,,race,dl-2025-paris/110mh-men/heat-2,
diamond-league/2025-06-20-paris,1500m,men,final,1500m Men,OMEGA,https://www.omegatiming.com/File/0002050B01010D0101FFFFFFFFFFFF6D.pdf,,race,dl-2025-paris/1500m-men/final,
diamond-league/2025-06-20-paris,1500m,women,final,1500m Women,OMEGA,https://www.omegatiming.com/File/0002050B01020C0101FFFFFFFFFFFF6D.pdf,,race,dl-2025-paris/1500m-women/final,
diamond-league/2025-06-20-paris,200m,women,final,200m Women,OMEGA,https://www.omegatiming.com/File/0002050B01020A0101FFFFFFFFFFFF6D.pdf,,race,dl-2025-paris/200m-women/final,
diamond-league/2025-06-20-paris,3000msc,men,final,3000m Steeplechase Men,OMEGA,https://www.omegatiming.com/File/0002050B0101070101FFFFFFFFFFFF6D.pdf,,race,dl-2025-paris/3000msc-men/final,
diamond-league/2025-06-20-paris,3000msc,women,final,3000m Steeplechase Women,OMEGA,https://www.omegatiming.com/File/0002050B0102080101FFFFFFFFFFFF6D.pdf,,race,dl-2025-paris/3000msc-women/final,
diamond-league/2025-06-20-paris,400m,men,final,400m Men - Regional,OMEGA,https://www.omegatiming.com/File/0002050B0101030101FFFFFFFFFFFF6D.pdf,,undercard,,a national field (86% of it from the host country)
diamond-league/2025-06-20-paris,400m,women,final,400m Women,OMEGA,https://www.omegatiming.com/File/0002050B0102090101FFFFFFFFFFFF6D.pdf,,race,dl-2025-paris/400m-women/final,
diamond-league/2025-06-20-paris,400m,women,final,400m Women - Regional,OMEGA,https://www.omegatiming.com/File/0002050B0102030101FFFFFFFFFFFF6D.pdf,,undercard,,a national field (88% of it from the host country)
diamond-league/2025-06-20-paris,400mh,men,final,400m Hurdles Men,OMEGA,https://www.omegatiming.com/File/0002050B01010A0101FFFFFFFFFFFF6D.pdf,,race,dl-2025-paris/400mh-men/final,
diamond-league/2025-06-20-paris,5000m,men,final,5000m Men,OMEGA,https://www.omegatiming.com/File/0002050B01010E0101FFFFFFFFFFFF6D.pdf,,race,dl-2025-paris/5000m-men/final,
diamond-league/2025-06-20-paris,800m,men,final,800m Men,OMEGA,https://www.omegatiming.com/File/0002050B01010B0101FFFFFFFFFFFF6D.pdf,,race,dl-2025-paris/800m-men/final,
diamond-league/2025-06-20-paris,800m,men,final,800m Men - Regional,OMEGA,https://www.omegatiming.com/File/0002050B0101020101FFFFFFFFFFFF6D.pdf,,undercard,,a national field (100% of it from the host country)
diamond-league/2025-06-20-paris,800m,women,final,800m Women - Regional,OMEGA,https://www.omegatiming.com/File/0002050B0102020101FFFFFFFFFFFF6D.pdf,,undercard,,a national field (100% of it from the host country)
diamond-league/2025-07-05-eugene,1500m,women,final,1500m Women,OMEGA,https://www.omegatiming.com/File/0002050C01030F0101FFFFFFFFFFFF6D.pdf,,race,dl-2025-eugene/1500m-women/final,
diamond-league/2025-07-05-eugene,400m,men,final,400m Men,OMEGA,https://www.omegatiming.com/File/0002050C01010B0101FFFFFFFFFFFF6D.pdf,,race,dl-2025-eugene/400m-men/final,
diamond-league/2025-07-05-eugene,400m,women,final,400m Women,OMEGA,https://www.omegatiming.com/File/0002050C01030B0101FFFFFFFFFFFF6D.pdf,,race,dl-2025-eugene/400m-women/final,
diamond-league/2025-07-05-eugene,400mh,men,final,400m Hurdles Men,OMEGA,https://www.omegatiming.com/File/0002050C0101090101FFFFFFFFFFFF6D.pdf,,race,dl-2025-eugene/400mh-men/final,
diamond-league/2025-07-05-eugene,5000m,women,final,5000m Women,OMEGA,https://www.omegatiming.com/File/0002050C0103090101FFFFFFFFFFFF6D.pdf,,race,dl-2025-eugene/5000m-women/final,
diamond-league/2025-07-05-eugene,800m,women,final,800m Women - Mutola 800m,OMEGA,https://www.omegatiming.com/File/0002050C01030C0101FFFFFFFFFFFF6D.pdf,,race,dl-2025-eugene/800m-women/final,
diamond-league/2025-07-05-eugene,mile,men,final,1 Mile Men - Bowerman Mile,OMEGA,https://www.omegatiming.com/File/0002050C01010E0101FFFFFFFFFFFF6D.pdf,,race,dl-2025-eugene/mile-men/final,
diamond-league/2025-07-11-monaco,1000m,women,final,1000m Women,OMEGA,https://www.omegatiming.com/File/0002050D0101050101FFFFFFFFFFFF6D.pdf,,race,dl-2025-monaco/1000m-women/final,
diamond-league/2025-07-11-monaco,100m,women,final,100m Women,OMEGA,https://www.omegatiming.com/File/0002050D0101070101FFFFFFFFFFFF6D.pdf,,race,dl-2025-monaco/100m-women/final,
diamond-league/2025-07-11-monaco,100mh,women,final,100m Hurdles Women,OMEGA,https://www.omegatiming.com/File/0002050D0101060101FFFFFFFFFFFF6D.pdf,,race,dl-2025-monaco/100mh-women/final,
diamond-league/2025-07-11-monaco,110mh,men,final,110m Hurdles Men,OMEGA,https://www.omegatiming.com/File/0002050D0102060101FFFFFFFFFFFF6D.pdf,,race,dl-2025-monaco/110mh-men/final,
diamond-league/2025-07-11-monaco,200m,men,final,200m Men,OMEGA,https://www.omegatiming.com/File/0002050D0102090101FFFFFFFFFFFF6D.pdf,,race,dl-2025-monaco/200m-men/final,
diamond-league/2025-07-11-monaco,200m,men,,200m Men - U 23,OMEGA,https://www.omegatiming.com/File/0002050D0102030101FFFFFFFFFFFF6D.pdf,,unmatched,,an age-group race
diamond-league/2025-07-11-monaco,3000msc,men,final,3000m Steeplechase Men,OMEGA,https://www.omegatiming.com/File/0002050D01020A0101FFFFFFFFFFFF6D.pdf,,race,dl-2025-monaco/3000msc-men/final,
diamond-league/2025-07-11-monaco,400m,women,final,400m Women,OMEGA,https://www.omegatiming.com/File/0002050D0101040101FFFFFFFFFFFF6D.pdf,,race,dl-2025-monaco/400m-women/final,
diamond-league/2025-07-11-monaco,400mh,women,final,400m Hurdles Women,OMEGA,https://www.omegatiming.com/File/0002050D0101030101FFFFFFFFFFFF6D.pdf,,race,dl-2025-monaco/400mh-women/final,
diamond-league/2025-07-11-monaco,5000m,men,final,5000m Men,OMEGA,https://www.omegatiming.com/File/0002050D0102080101FFFFFFFFFFFF6D.pdf,,race,dl-2025-monaco/5000m-men/final,
diamond-league/2025-07-11-monaco,800m,men,final,800m Men,OMEGA,https://www.omegatiming.com/File/0002050D0102050101FFFFFFFFFFFF6D.pdf,,race,dl-2025-monaco/800m-men/final,
diamond-league/2025-07-19-london,100m,men,final,100m Men,OMEGA,https://www.omegatiming.com/File/0002050E01020A0101FFFFFFFFFFFF6D.pdf,,race,dl-2025-london/100m-men/final,
diamond-league/2025-07-19-london,1500m,men,final,1500m Men,OMEGA,https://www.omegatiming.com/File/0002050E01020B0101FFFFFFFFFFFF6D.pdf,,race,dl-2025-london/1500m-men/final,
diamond-league/2025-07-19-london,200m,women,final,200m Women,OMEGA,https://www.omegatiming.com/File/0002050E01030B0101FFFFFFFFFFFF6D.pdf,,race,dl-2025-london/200m-women/final,
diamond-league/2025-07-19-london,400m,men,final,400m Men,OMEGA,https://www.omegatiming.com/File/0002050E0102020101FFFFFFFFFFFF6D.pdf,,undercard,,a national field (100% of it from the host country)
diamond-league/2025-07-19-london,400m,men,final,400m Men,OMEGA,https://www.omegatiming.com/File/0002050E0102090101FFFFFFFFFFFF6D.pdf,,race,dl-2025-london/400m-men/final,
diamond-league/2025-07-19-london,400m,women,final,400m Women,OMEGA,https://www.omegatiming.com/File/0002050E0103020101FFFFFFFFFFFF6D.pdf,,undercard,,a national field (100% of it from the host country)
diamond-league/2025-07-19-london,400mh,men,final,400m Hurdles Men,OMEGA,https://www.omegatiming.com/File/0002050E0102070101FFFFFFFFFFFF6D.pdf,,undercard,,a national field (100% of it from the host country)
diamond-league/2025-07-19-london,400mh,women,final,400m Hurdles Women,OMEGA,https://www.omegatiming.com/File/0002050E0103050101FFFFFFFFFFFF6D.pdf,,race,dl-2025-london/400mh-women/final,
diamond-league/2025-07-19-london,5000m,women,final,5000m Women,OMEGA,https://www.omegatiming.com/File/0002050E0103070101FFFFFFFFFFFF6D.pdf,,race,dl-2025-london/5000m-women/final,
diamond-league/2025-07-19-london,800m,men,final,800m Men,OMEGA,https://www.omegatiming.com/File/0002050E0102080101FFFFFFFFFFFF6D.pdf,,race,dl-2025-london/800m-men/final,
diamond-league/2025-07-19-london,800m,women,final,800m Women,OMEGA,https://www.omegatiming.com/File/0002050E0103090101FFFFFFFFFFFF6D.pdf,,race,dl-2025-london/800m-women/final,
diamond-league/2025-07-19-london,mile,women,final,1 Mile Women,OMEGA,https://www.omegatiming.com/File/0002050E01030A0101FFFFFFFFFFFF6D.pdf,,race,dl-2025-london/mile-women/final,
diamond-league/2025-08-15-chorzow,100m,men,final,100m Men,OMEGA,https://www.omegatiming.com/File/0002050F01020B0101FFFFFFFFFFFF6D.pdf,,race,dl-2025-silesia/100m-men/final,
diamond-league/2025-08-15-chorzow,100m,women,final,100m Women,OMEGA,https://www.omegatiming.com/File/0002050F01010E0101FFFFFFFFFFFF6D.pdf,,race,dl-2025-silesia/100m-women/final,
diamond-league/2025-08-15-chorzow,100mh,women,final,100m Hurdles Women - Final,OMEGA,https://www.omegatiming.com/File/0002050F0101070201FFFFFFFFFFFF6D.pdf,,race,dl-2025-silesia/100mh-women/final,
diamond-league/2025-08-15-chorzow,100mh,women,heat,100m Hurdles Women - Round 1 Heat 1,OMEGA,https://www.omegatiming.com/File/0002050F0101070101FFFFFFFFFFFF6D.pdf,,race,dl-2025-silesia/100mh-women/heat-1,
diamond-league/2025-08-15-chorzow,100mh,women,heat,100m Hurdles Women - Round 1 Heat 2,OMEGA,https://www.omegatiming.com/File/0002050F0101070102FFFFFFFFFFFF6D.pdf,,race,dl-2025-silesia/100mh-women/heat-2,
diamond-league/2025-08-15-chorzow,110mh,men,final,110m Hurdles Men,OMEGA,https://www.omegatiming.com/File/0002050F0102090101FFFFFFFFFFFF6D.pdf,,race,dl-2025-silesia/110mh-men/final,
diamond-league/2025-08-15-chorzow,1500m,men,final,1500m Men,OMEGA,https://www.omegatiming.com/File/0002050F01020C0101FFFFFFFFFFFF6D.pdf,,race,dl-2025-silesia/1500m-men/final,
diamond-league/2025-08-15-chorzow,1500m,women,final,1500m Women,OMEGA,https://www.omegatiming.com/File/0002050F01010B0101FFFFFFFFFFFF6D.pdf,,race,dl-2025-silesia/1500m-women/final,
diamond-league/2025-08-15-chorzow,200m,women,final,200m Women,OMEGA,https://www.omegatiming.com/File/0002050F01010D0101FFFFFFFFFFFF6D.pdf,,race,dl-2025-silesia/200m-women/final,
diamond-league/2025-08-15-chorzow,3000m,women,final,3000m Women,OMEGA,https://www.omegatiming.com/File/0002050F01010A0101FFFFFFFFFFFF6D.pdf,,race,dl-2025-silesia/3000m-women/final,
diamond-league/2025-08-15-chorzow,400m,women,final,400m Women,OMEGA,https://www.omegatiming.com/File/0002050F0101090101FFFFFFFFFFFF6D.pdf,,race,dl-2025-silesia/400m-women/final,
diamond-league/2025-08-15-chorzow,400mh,men,final,400m Hurdles Men,OMEGA,https://www.omegatiming.com/File/0002050F01020D0101FFFFFFFFFFFF6D.pdf,,race,dl-2025-silesia/400mh-men/final,
diamond-league/2025-08-15-chorzow,400mh,women,final,400m Hurdles Women,OMEGA,https://www.omegatiming.com/File/0002050F01010C0101FFFFFFFFFFFF6D.pdf,,race,dl-2025-silesia/400mh-women/final,
diamond-league/2025-08-15-chorzow,800m,women,final,800m Women,OMEGA,https://www.omegatiming.com/File/0002050F0101080101FFFFFFFFFFFF6D.pdf,,race,dl-2025-silesia/800m-women/final,
diamond-league/2025-08-19-lausanne,100m,men,final,100m Men,OMEGA,https://www.omegatiming.com/File/0002051001010C0101FFFFFFFFFFFF6D.pdf,,race,dl-2025-lausanne/100m-men/final,
diamond-league/2025-08-19-lausanne,100m,men,,100m Men U18/U20,OMEGA,https://www.omegatiming.com/File/000205100101030101FFFFFFFFFFFF6D.pdf,,unmatched,,an age-group race
diamond-league/2025-08-19-lausanne,100m,women,final,100m Women - Heat A,OMEGA,https://www.omegatiming.com/File/000205100102010103FFFFFFFFFFFF6D.pdf,,race,dl-2025-lausanne/100m-women/b-race-1,
diamond-league/2025-08-19-lausanne,100m,women,final,100m Women - Heat B,OMEGA,https://www.omegatiming.com/File/000205100102010102FFFFFFFFFFFF6D.pdf,,race,dl-2025-lausanne/100m-women/b-race-2,
diamond-league/2025-08-19-lausanne,100m,women,final,100m Women - Heat C,OMEGA,https://www.omegatiming.com/File/000205100102010101FFFFFFFFFFFF6D.pdf,,race,dl-2025-lausanne/100m-women/b-race-3,
diamond-league/2025-08-19-lausanne,100mh,women,final,100m Hurdles Women,OMEGA,https://www.omegatiming.com/File/0002051001020C0101FFFFFFFFFFFF6D.pdf,,race,dl-2025-lausanne/100mh-women/final,
diamond-league/2025-08-19-lausanne,110mh,men,final,110m Hurdles Men,OMEGA,https://www.omegatiming.com/File/000205100101070101FFFFFFFFFFFF6D.pdf,,race,dl-2025-lausanne/110mh-men/final,
diamond-league/2025-08-19-lausanne,200m,women,final,200m Women,OMEGA,https://www.omegatiming.com/File/0002051001020B0101FFFFFFFFFFFF6D.pdf,,race,dl-2025-lausanne/200m-women/final,
diamond-league/2025-08-19-lausanne,200m,women,,200m Women U18/U20,OMEGA,https://www.omegatiming.com/File/000205100102020101FFFFFFFFFFFF6D.pdf,,unmatched,,an age-group race
diamond-league/2025-08-19-lausanne,3000msc,women,final,3000m Steeplechase Women,OMEGA,https://www.omegatiming.com/File/0002051001020A0101FFFFFFFFFFFF6D.pdf,,race,dl-2025-lausanne/3000msc-women/final,
diamond-league/2025-08-19-lausanne,400m,women,final,400m Women,OMEGA,https://www.omegatiming.com/File/000205100102060101FFFFFFFFFFFF6D.pdf,,race,dl-2025-lausanne/400m-women/final,
diamond-league/2025-08-19-lausanne,400mh,men,final,400m Hurdles Men,OMEGA,https://www.omegatiming.com/File/0002051001010B0101FFFFFFFFFFFF6D.pdf,,race,dl-2025-lausanne/400mh-men/final,
diamond-league/2025-08-19-lausanne,5000m,men,final,5000m Men,OMEGA,https://www.omegatiming.com/File/000205100101090101FFFFFFFFFFFF6D.pdf,,race,dl-2025-lausanne/5000m-men/final,
diamond-league/2025-08-19-lausanne,800m,men,final,800m B Men,OMEGA,https://www.omegatiming.com/File/000205100101020101FFFFFFFFFFFF6D.pdf,,race,dl-2025-lausanne/800m-men/b-race,
diamond-league/2025-08-19-lausanne,800m,men,final,800m Men,OMEGA,https://www.omegatiming.com/File/0002051001010A0101FFFFFFFFFFFF6D.pdf,,race,dl-2025-lausanne/800m-men/final,
diamond-league/2025-08-19-lausanne,800m,women,final,800m B Women,OMEGA,https://www.omegatiming.com/File/000205100102050101FFFFFFFFFFFF6D.pdf,,race,dl-2025-lausanne/800m-women/b-race,
diamond-league/2025-08-19-lausanne,800m,women,final,800m Women,OMEGA,https://www.omegatiming.com/File/000205100102080101FFFFFFFFFFFF6D.pdf,,race,dl-2025-lausanne/800m-women/final,
diamond-league/2025-08-22-bruxelles,100m,men,final,100m Men - Invitational,OMEGA,https://www.omegatiming.com/File/0002051101010B0101FFFFFFFFFFFF6D.pdf,,race,,an invitational race
diamond-league/2025-08-22-bruxelles,100m,women,final,100m Women,OMEGA,https://www.omegatiming.com/File/0002051101020D0101FFFFFFFFFFFF6D.pdf,,race,dl-2025-brussels/100m-women/final,
diamond-league/2025-08-22-bruxelles,1500m,men,final,1500m Men,OMEGA,https://www.omegatiming.com/File/0002051101010F0101FFFFFFFFFFFF6D.pdf,,race,dl-2025-brussels/1500m-men/final,
diamond-league/2025-08-22-bruxelles,1500m,women,final,1500m Women,OMEGA,https://www.omegatiming.com/File/0002051101020B0101FFFFFFFFFFFF6D.pdf,,race,dl-2025-brussels/1500m-women/final,
diamond-league/2025-08-22-bruxelles,200m,men,final,200m Men,OMEGA,https://www.omegatiming.com/File/0002051101010D0101FFFFFFFFFFFF6D.pdf,,race,dl-2025-brussels/200m-men/final,
diamond-league/2025-08-22-bruxelles,3000msc,men,final,3000m Steeplechase Men,OMEGA,https://www.omegatiming.com/File/0002051101010E0101FFFFFFFFFFFF6D.pdf,,race,dl-2025-brussels/3000msc-men/final,
diamond-league/2025-08-22-bruxelles,400m,men,final,400m Men,OMEGA,https://www.omegatiming.com/File/000205110101100101FFFFFFFFFFFF6D.pdf,,race,dl-2025-brussels/400m-men/final,
diamond-league/2025-08-22-bruxelles,400m,men,final,400m Men - Invitational,OMEGA,https://www.omegatiming.com/File/000205110101090101FFFFFFFFFFFF6D.pdf,,race,,an invitational race
diamond-league/2025-08-22-bruxelles,400m,women,final,400m Women - Invitational,OMEGA,https://www.omegatiming.com/File/000205110102070101FFFFFFFFFFFF6D.pdf,,race,,an invitational race
diamond-league/2025-08-22-bruxelles,400mh,women,final,400m Hurdles Women,OMEGA,https://www.omegatiming.com/File/0002051101020A0101FFFFFFFFFFFF6D.pdf,,race,dl-2025-brussels/400mh-women/final,
diamond-league/2025-08-22-bruxelles,5000m,women,final,5000m Women,OMEGA,https://www.omegatiming.com/File/0002051101020E0101FFFFFFFFFFFF6D.pdf,,race,dl-2025-brussels/5000m-women/final,
diamond-league/2025-08-22-bruxelles,800m,men,final,800m Men - Invitational,OMEGA,https://www.omegatiming.com/File/0002051101010A0101FFFFFFFFFFFF6D.pdf,,race,,an invitational race
diamond-league/2025-08-27-zurich,100m,men,final,100m Men,OMEGA,https://www.omegatiming.com/File/0002051201020F0101FFFFFFFFFFFF6D.pdf,,race,dl-2025-zurich/100m-men/final,
diamond-league/2025-08-27-zurich,100m,women,final,100m Women,OMEGA,https://www.omegatiming.com/File/0002051201010D0101FFFFFFFFFFFF6D.pdf,,race,dl-2025-zurich/100m-women/final,
diamond-league/2025-08-27-zurich,100mh,women,final,100m Hurdles Women,OMEGA,https://www.omegatiming.com/File/0002051201010A0101FFFFFFFFFFFF6D.pdf,,race,dl-2025-zurich/100mh-women/final,
diamond-league/2025-08-27-zurich,110mh,men,final,110m Hurdles Men,OMEGA,https://www.omegatiming.com/File/0002051201020C0101FFFFFFFFFFFF6D.pdf,,race,dl-2025-zurich/110mh-men/final,
diamond-league/2025-08-27-zurich,1500m,men,final,1500m Men,OMEGA,https://www.omegatiming.com/File/0002051201020E0101FFFFFFFFFFFF6D.pdf,,race,dl-2025-zurich/1500m-men/final,
diamond-league/2025-08-27-zurich,1500m,women,final,1500m Women,OMEGA,https://www.omegatiming.com/File/0002051201010B0101FFFFFFFFFFFF6D.pdf,,race,dl-2025-zurich/1500m-women/final,
diamond-league/2025-08-27-zurich,200m,men,final,200m Men,OMEGA,https://www.omegatiming.com/File/000205120102130101FFFFFFFFFFFF6D.pdf,,race,dl-2025-zurich/200m-men/final,
diamond-league/2025-08-27-zurich,200m,women,final,200m Women,OMEGA,https://www.omegatiming.com/File/000205120101120101FFFFFFFFFFFF6D.pdf,,race,dl-2025-zurich/200m-women/final,
diamond-league/2025-08-27-zurich,3000m,men,final,3000m Men,OMEGA,https://www.omegatiming.com/File/000205120102110101FFFFFFFFFFFF6D.pdf,,race,dl-2025-zurich/3000m-men/final,
diamond-league/2025-08-27-zurich,3000m,women,final,3000m Women,OMEGA,https://www.omegatiming.com/File/000205120101090101FFFFFFFFFFFF6D.pdf,,race,dl-2025-zurich/3000m-women/final,
diamond-league/2025-08-27-zurich,3000msc,men,final,3000m Steeplechase Men,OMEGA,https://www.omegatiming.com/File/0002051201020B0101FFFFFFFFFFFF6D.pdf,,race,dl-2025-zurich/3000msc-men/final,
diamond-league/2025-08-27-zurich,3000msc,women,final,3000m Steeplechase Women,OMEGA,https://www.omegatiming.com/File/0002051201010E0101FFFFFFFFFFFF6D.pdf,,race,dl-2025-zurich/3000msc-women/final,
diamond-league/2025-08-27-zurich,400m,men,final,400m Men,OMEGA,https://www.omegatiming.com/File/000205120102070101FFFFFFFFFFFF6D.pdf,,race,dl-2025-zurich/400m-men/b-race,
diamond-league/2025-08-27-zurich,400m,men,final,400m Men,OMEGA,https://www.omegatiming.com/File/0002051201020A0101FFFFFFFFFFFF6D.pdf,,race,dl-2025-zurich/400m-men/final,
diamond-league/2025-08-27-zurich,400m,women,final,400m Women,OMEGA,https://www.omegatiming.com/File/000205120101080101FFFFFFFFFFFF6D.pdf,,race,dl-2025-zurich/400m-women/final,
diamond-league/2025-08-27-zurich,400mh,men,final,400m Hurdles Men,OMEGA,https://www.omegatiming.com/File/000205120102100101FFFFFFFFFFFF6D.pdf,,race,dl-2025-zurich/400mh-men/final,
diamond-league/2025-08-27-zurich,400mh,women,final,400m Hurdles Women,OMEGA,https://www.omegatiming.com/File/000205120101060101FFFFFFFFFFFF6D.pdf,,race,dl-2025-zurich/400mh-women/b-race,
diamond-league/2025-08-27-zurich,400mh,women,final,400m Hurdles Women,OMEGA,https://www.omegatiming.com/File/0002051201010F0101FFFFFFFFFFFF6D.pdf,,race,dl-2025-zurich/400mh-women/final,
diamond-league/2025-08-27-zurich,800m,men,final,800m Men,OMEGA,https://www.omegatiming.com/File/000205120102120101FFFFFFFFFFFF6D.pdf,,race,dl-2025-zurich/800m-men/final,
diamond-league/2025-08-27-zurich,800m,women,final,800m Women,OMEGA,https://www.omegatiming.com/File/000205120101110101FFFFFFFFFFFF6D.pdf,,race,dl-2025-zurich/800m-women/final,
diamond-league/2026-05-16-shaoxing-keqiao,100m,men,final,100m Men,OMEGA,https://www.omegatiming.com/File/0002060301010B0101FFFFFFFFFFFF6D.pdf,,race,dl-2026-shanghai/100m-men/final,
diamond-league/2026-05-16-shaoxing-keqiao,100m,women,final,100m Women - Pre,OMEGA,https://www.omegatiming.com/File/000206030102010101FFFFFFFFFFFF6D.pdf,,undercard,,a national field (100% of it from the host country)
diamond-league/2026-05-16-shaoxing-keqiao,100mh,women,final,100m Hurdles Women,OMEGA,https://www.omegatiming.com/File/0002060301020C0101FFFFFFFFFFFF6D.pdf,,race,dl-2026-shanghai/100mh-women/final,
diamond-league/2026-05-16-shaoxing-keqiao,110mh,men,final,110m Hurdles Men,OMEGA,https://www.omegatiming.com/File/000206030101070101FFFFFFFFFFFF6D.pdf,,race,dl-2026-shanghai/110mh-men/final,
diamond-league/2026-05-16-shaoxing-keqiao,1500m,women,final,1500m Women,OMEGA,https://www.omegatiming.com/File/0002060301020B0101FFFFFFFFFFFF6D.pdf,,race,dl-2026-shanghai/1500m-women/final,
diamond-league/2026-05-16-shaoxing-keqiao,200m,men,final,200m Men - Pre,OMEGA,https://www.omegatiming.com/File/000206030101030101FFFFFFFFFFFF6D.pdf,,undercard,,a national field (100% of it from the host country)
diamond-league/2026-05-16-shaoxing-keqiao,200m,women,final,200m Women,OMEGA,https://www.omegatiming.com/File/0002060301020A0101FFFFFFFFFFFF6D.pdf,,race,dl-2026-shanghai/200m-women/final,
diamond-league/2026-05-16-shaoxing-keqiao,3000m,men,final,3000m Men,OMEGA,https://www.omegatiming.com/File/0002060301010A0101FFFFFFFFFFFF6D.pdf,,race,dl-2026-shanghai/3000m-men/final,
diamond-league/2026-05-16-shaoxing-keqiao,3000msc,women,final,3000m Steeplechase Women,OMEGA,https://www.omegatiming.com/File/000206030102090101FFFFFFFFFFFF6D.pdf,,race,dl-2026-shanghai/3000msc-women/final,
diamond-league/2026-05-16-shaoxing-keqiao,300mh,men,final,300m Hurdles Men,OMEGA,https://www.omegatiming.com/File/0002060301010C0101FFFFFFFFFFFF6D.pdf,,race,dl-2026-shanghai/300mh-men/final,
diamond-league/2026-05-16-shaoxing-keqiao,400m,men,final,400m Men - Pre,OMEGA,https://www.omegatiming.com/File/000206030101040101FFFFFFFFFFFF6D.pdf,,undercard,,a national field (100% of it from the host country)
diamond-league/2026-05-16-shaoxing-keqiao,400m,women,final,400m Women,OMEGA,https://www.omegatiming.com/File/000206030102070101FFFFFFFFFFFF6D.pdf,,race,dl-2026-shanghai/400m-women/final,
diamond-league/2026-05-16-shaoxing-keqiao,400m,women,final,400m Women - Pre,OMEGA,https://www.omegatiming.com/File/000206030102030101FFFFFFFFFFFF6D.pdf,,undercard,,a national field (100% of it from the host country)
diamond-league/2026-05-16-shaoxing-keqiao,5000m,women,final,5000m Women,OMEGA,https://www.omegatiming.com/File/000206030102060101FFFFFFFFFFFF6D.pdf,,race,dl-2026-shanghai/5000m-women/final,
diamond-league/2026-05-16-shaoxing-keqiao,800m,men,final,800m Men,OMEGA,https://www.omegatiming.com/File/000206030101080101FFFFFFFFFFFF6D.pdf,,race,dl-2026-shanghai/800m-men/final,
diamond-league/2026-05-23-xiamen,100m,men,final,100m Men,OMEGA,https://www.omegatiming.com/File/000206040101030101FFFFFFFFFFFF6D.pdf,,undercard,,a national field (100% of it from the host country)
diamond-league/2026-05-23-xiamen,100m,men,final,100m Men,OMEGA,https://www.omegatiming.com/File/0002060401010A0101FFFFFFFFFFFF6D.pdf,,race,dl-2026-xiamen/100m-men/final,
diamond-league/2026-05-23-xiamen,100m,women,final,100m Women,OMEGA,https://www.omegatiming.com/File/000206040102030101FFFFFFFFFFFF6D.pdf,,undercard,,a national field (100% of it from the host country)
diamond-league/2026-05-23-xiamen,100mh,women,final,100m Hurdles Women,OMEGA,https://www.omegatiming.com/File/000206040102090101FFFFFFFFFFFF6D.pdf,,race,dl-2026-xiamen/100mh-women/final,
diamond-league/2026-05-23-xiamen,110mh,men,final,110m Hurdles Men,OMEGA,https://www.omegatiming.com/File/000206040101070101FFFFFFFFFFFF6D.pdf,,race,dl-2026-xiamen/110mh-men/final,
diamond-league/2026-05-23-xiamen,1500m,women,final,1500m Women,OMEGA,https://www.omegatiming.com/File/000206040102080101FFFFFFFFFFFF6D.pdf,,race,dl-2026-xiamen/1500m-women/final,
diamond-league/2026-05-23-xiamen,200m,women,final,200m Women,OMEGA,https://www.omegatiming.com/File/000206040102060101FFFFFFFFFFFF6D.pdf,,race,dl-2026-xiamen/200m-women/final,
diamond-league/2026-05-23-xiamen,3000msc,women,final,3000m Steeplechase Women,OMEGA,https://www.omegatiming.com/File/000206040102050101FFFFFFFFFFFF6D.pdf,,race,dl-2026-xiamen/3000msc-women/final,
diamond-league/2026-05-23-xiamen,400m,men,final,400m Men,OMEGA,https://www.omegatiming.com/File/000206040101050101FFFFFFFFFFFF6D.pdf,,race,dl-2026-xiamen/400m-men/final,
diamond-league/2026-05-23-xiamen,400mh,men,final,400m Hurdles Men,OMEGA,https://www.omegatiming.com/File/000206040101090101FFFFFFFFFFFF6D.pdf,,race,dl-2026-xiamen/400mh-men/final,
diamond-league/2026-05-23-xiamen,5000m,men,final,5000m Men,OMEGA,https://www.omegatiming.com/File/000206040101080101FFFFFFFFFFFF6D.pdf,,race,dl-2026-xiamen/5000m-men/final,
diamond-league/2026-05-31-rabat,100m,women,final,100m Women,OMEGA,https://www.omegatiming.com/File/0002060501010A0101FFFFFFFFFFFF6D.pdf,,race,dl-2026-rabat/100m-women/final,
diamond-league/2026-05-31-rabat,100mh,women,final,100m Hurdles Women,OMEGA,https://www.omegatiming.com/File/000206050101070101FFFFFFFFFFFF6D.pdf,,race,dl-2026-rabat/100mh-women/final,
diamond-league/2026-05-31-rabat,1500m,men,final,1500m Men,OMEGA,https://www.omegatiming.com/File/000206050102090101FFFFFFFFFFFF6D.pdf,,race,dl-2026-rabat/1500m-men/final,
diamond-league/2026-05-31-rabat,1500m,men,final,1500m Men - National,OMEGA,https://www.omegatiming.com/File/000206050102030101FFFFFFFFFFFF6D.pdf,,undercard,,a national field (100% of it from the host country)
diamond-league/2026-05-31-rabat,1500m,women,final,1500m Women,OMEGA,https://www.omegatiming.com/File/0002060501010B0101FFFFFFFFFFFF6D.pdf,,race,dl-2026-rabat/1500m-women/final,
diamond-league/2026-05-31-rabat,1500m,women,final,1500m Women - National,OMEGA,https://www.omegatiming.com/File/000206050101040101FFFFFFFFFFFF6D.pdf,,undercard,,a national field (100% of it from the host country)
diamond-league/2026-05-31-rabat,200m,men,final,200m Men,OMEGA,https://www.omegatiming.com/File/000206050102080101FFFFFFFFFFFF6D.pdf,,race,dl-2026-rabat/200m-men/final,
diamond-league/2026-05-31-rabat,200m,women,final,200m Women,OMEGA,https://www.omegatiming.com/File/0002060501010C0101FFFFFFFFFFFF6D.pdf,,race,dl-2026-rabat/200m-women/final,
diamond-league/2026-05-31-rabat,3000msc,men,final,3000m Steeplechase Men,OMEGA,https://www.omegatiming.com/File/0002060501020B0101FFFFFFFFFFFF6D.pdf,,race,dl-2026-rabat/3000msc-men/final,
diamond-league/2026-05-31-rabat,400m,men,final,400m Men,OMEGA,https://www.omegatiming.com/File/000206050102060101FFFFFFFFFFFF6D.pdf,,race,dl-2026-rabat/400m-men/final,
diamond-league/2026-05-31-rabat,400mh,women,final,400m Hurdles Women,OMEGA,https://www.omegatiming.com/File/000206050101080101FFFFFFFFFFFF6D.pdf,,race,dl-2026-rabat/400mh-women/final,
diamond-league/2026-05-31-rabat,800m,men,final,800m Men,OMEGA,https://www.omegatiming.com/File/0002060501020A0101FFFFFFFFFFFF6D.pdf,,race,dl-2026-rabat/800m-men/final,
diamond-league/2026-05-31-rabat,800m,women,final,800m Women - National,OMEGA,https://www.omegatiming.com/File/000206050101020101FFFFFFFFFFFF6D.pdf,,undercard,,a national field (100% of it from the host country)
diamond-league/2026-06-04-roma,100m,men,final,100m Men,OMEGA,https://www.omegatiming.com/File/0002060601010A0101FFFFFFFFFFFF6D.pdf,,race,dl-2026-rome/100m-men/final,
diamond-league/2026-06-04-roma,100m,men,,100m Men Master,OMEGA,https://www.omegatiming.com/File/000206060101020101FFFFFFFFFFFF6D.pdf,,unmatched,,an age-group race
diamond-league/2026-06-04-roma,100m,women,,100m Women Master,OMEGA,https://www.omegatiming.com/File/000206060102020101FFFFFFFFFFFF6D.pdf,,unmatched,,an age-group race
diamond-league/2026-06-04-roma,100mh,women,final,100m Hurdles Women,OMEGA,https://www.omegatiming.com/File/000206060102050101FFFFFFFFFFFF6D.pdf,,race,dl-2026-rome/100mh-women/final,
diamond-league/2026-06-04-roma,110mh,men,final,110m Hurdles Men,OMEGA,https://www.omegatiming.com/File/000206060101090101FFFFFFFFFFFF6D.pdf,,race,dl-2026-rome/110mh-men/final,
diamond-league/2026-06-04-roma,1500m,women,final,1500m Women,OMEGA,https://www.omegatiming.com/File/000206060102090101FFFFFFFFFFFF6D.pdf,,race,dl-2026-rome/1500m-women/final,
diamond-league/2026-06-04-roma,200m,women,final,200m Women,OMEGA,https://www.omegatiming.com/File/000206060102080101FFFFFFFFFFFF6D.pdf,,race,dl-2026-rome/200m-women/final,
diamond-league/2026-06-04-roma,400m,women,final,400m Women,OMEGA,https://www.omegatiming.com/File/000206060102070101FFFFFFFFFFFF6D.pdf,,race,dl-2026-rome/400m-women/final,
diamond-league/2026-06-04-roma,400mh,women,final,400m Hurdles Women,OMEGA,https://www.omegatiming.com/File/000206060102040101FFFFFFFFFFFF6D.pdf,,race,dl-2026-rome/400mh-women/final,
diamond-league/2026-06-04-roma,5000m,women,final,5000m Women,OMEGA,https://www.omegatiming.com/File/000206060102060101FFFFFFFFFFFF6D.pdf,,race,dl-2026-rome/5000m-women/final,
diamond-league/2026-06-04-roma,800m,men,final,800m Men,OMEGA,https://www.omegatiming.com/File/000206060101060101FFFFFFFFFFFF6D.pdf,,race,dl-2026-rome/800m-men/final,
diamond-league/2026-06-07-stockholm,100m,men,final,100m Men - promotional,OMEGA,https://www.omegatiming.com/File/000206080102040101FFFFFFFFFFFF6D.pdf,,race,dl-2026-stockholm/100m-men/final,
diamond-league/2026-06-07-stockholm,100m,women,final,100m Women,OMEGA,https://www.omegatiming.com/File/000206080103080101FFFFFFFFFFFF6D.pdf,,race,dl-2026-stockholm/100m-women/final,
diamond-league/2026-06-07-stockholm,1500m,men,final,1500m Men - national,OMEGA,https://www.omegatiming.com/File/000206080102010101FFFFFFFFFFFF6D.pdf,,undercard,,a national field (82% of it from the host country)
diamond-league/2026-06-07-stockholm,1500m,women,final,1500m Women,OMEGA,https://www.omegatiming.com/File/000206080103050101FFFFFFFFFFFF6D.pdf,,race,dl-2026-stockholm/1500m-women/final,
diamond-league/2026-06-07-stockholm,1500m,women,final,1500m Women - national,OMEGA,https://www.omegatiming.com/File/000206080103010101FFFFFFFFFFFF6D.pdf,,race,,"a national or regional race, so named"
diamond-league/2026-06-07-stockholm,200m,men,final,200m Men,OMEGA,https://www.omegatiming.com/File/0002060801020A0101FFFFFFFFFFFF6D.pdf,,race,dl-2026-stockholm/200m-men/final,
diamond-league/2026-06-07-stockholm,3000msc,men,final,3000m Steeplechase Men,OMEGA,https://www.omegatiming.com/File/000206080102080101FFFFFFFFFFFF6D.pdf,,race,dl-2026-stockholm/3000msc-men/final,
diamond-league/2026-06-07-stockholm,3000msc,women,final,3000m Steeplechase Women,OMEGA,https://www.omegatiming.com/File/000206080103060101FFFFFFFFFFFF6D.pdf,,race,dl-2026-stockholm/3000msc-women/final,
diamond-league/2026-06-07-stockholm,400m,men,final,400m Men,OMEGA,https://www.omegatiming.com/File/000206080102050101FFFFFFFFFFFF6D.pdf,,race,dl-2026-stockholm/400m-men/final,
diamond-league/2026-06-07-stockholm,400mh,men,final,400m Hurdles Men,OMEGA,https://www.omegatiming.com/File/000206080102090101FFFFFFFFFFFF6D.pdf,,race,dl-2026-stockholm/400mh-men/final,
diamond-league/2026-06-07-stockholm,800m,men,final,800m Men,OMEGA,https://www.omegatiming.com/File/000206080102060101FFFFFFFFFFFF6D.pdf,,race,dl-2026-stockholm/800m-men/final,
diamond-league/2026-06-07-stockholm,800m,men,final,800m Men - national,OMEGA,https://www.omegatiming.com/File/000206080102020101FFFFFFFFFFFF6D.pdf,,undercard,,a national field (89% of it from the host country)
diamond-league/2026-06-07-stockholm,800m,women,final,800m Women,OMEGA,https://www.omegatiming.com/File/000206080103090101FFFFFFFFFFFF6D.pdf,,race,dl-2026-stockholm/800m-women/final,
diamond-league/2026-06-07-stockholm,800m,women,final,800m Women - promotional,OMEGA,https://www.omegatiming.com/File/000206080103040101FFFFFFFFFFFF6D.pdf,,race,dl-2026-stockholm/800m-women/b-race,
diamond-league/2026-06-10-oslo,100m,men,,100m Men - national,OMEGA,https://www.omegatiming.com/File/000206090103060101FFFFFFFFFFFF6D.pdf,,unmatched,,a national field (89% of it from the host country)
diamond-league/2026-06-10-oslo,100m,women,final,100m Women,OMEGA,https://www.omegatiming.com/File/0002060901020C0101FFFFFFFFFFFF6D.pdf,,race,dl-2026-oslo/100m-women/final,
diamond-league/2026-06-10-oslo,100mh,women,,100m Hurdles Women - national,OMEGA,https://www.omegatiming.com/File/000206090102060101FFFFFFFFFFFF6D.pdf,,unmatched,,a national field (89% of it from the host country)
diamond-league/2026-06-10-oslo,110mh,men,,110m Hurdles Men - national,OMEGA,https://www.omegatiming.com/File/000206090103040101FFFFFFFFFFFF6D.pdf,,unmatched,,"a national or regional race, so named"
diamond-league/2026-06-10-oslo,1500m,men,,1500m Men - national,OMEGA,https://www.omegatiming.com/File/000206090103020101FFFFFFFFFFFF6D.pdf,,unmatched,,"a national or regional race, so named"
diamond-league/2026-06-10-oslo,1500m,women,,1500m Women - national,OMEGA,https://www.omegatiming.com/File/000206090102030101FFFFFFFFFFFF6D.pdf,,unmatched,,"a national or regional race, so named"
diamond-league/2026-06-10-oslo,200m,men,final,200m Men,OMEGA,https://www.omegatiming.com/File/000206090103080101FFFFFFFFFFFF6D.pdf,,race,dl-2026-oslo/200m-men/final,
diamond-league/2026-06-10-oslo,200m,women,,200m Women - national,OMEGA,https://www.omegatiming.com/File/000206090102010101FFFFFFFFFFFF6D.pdf,,unmatched,,a national field (89% of it from the host country)
diamond-league/2026-06-10-oslo,3000m,women,final,3000m Women,OMEGA,https://www.omegatiming.com/File/0002060901020A0101FFFFFFFFFFFF6D.pdf,,race,dl-2026-oslo/3000m-women/final,
diamond-league/2026-06-10-oslo,400m,men,,400m Men - national,OMEGA,https://www.omegatiming.com/File/000206090103010101FFFFFFFFFFFF6D.pdf,,unmatched,,"a national or regional race, so named"
diamond-league/2026-06-10-oslo,400m,women,final,400m Women,OMEGA,https://www.omegatiming.com/File/000206090102090101FFFFFFFFFFFF6D.pdf,,race,dl-2026-oslo/400m-women/final,
diamond-league/2026-06-10-oslo,400m,women,,400m Women - national,OMEGA,https://www.omegatiming.com/File/000206090102020101FFFFFFFFFFFF6D.pdf,,unmatched,,"a national or regional race, so named"
diamond-league/2026-06-10-oslo,400mh,men,final,400m Hurdles Men,OMEGA,https://www.omegatiming.com/File/0002060901030C0101FFFFFFFFFFFF6D.pdf,,race,dl-2026-oslo/400mh-men/final,
diamond-league/2026-06-10-oslo,400mh,women,final,400m Hurdles Women,OMEGA,https://www.omegatiming.com/File/0002060901020D0101FFFFFFFFFFFF6D.pdf,,race,dl-2026-oslo/400mh-women/final,
diamond-league/2026-06-10-oslo,5000m,men,final,5000m Men,OMEGA,https://www.omegatiming.com/File/0002060901030A0101FFFFFFFFFFFF6D.pdf,,race,dl-2026-oslo/5000m-men/final,
diamond-league/2026-06-10-oslo,800m,men,final,800m Men,OMEGA,https://www.omegatiming.com/File/000206090103070101FFFFFFFFFFFF6D.pdf,,race,dl-2026-oslo/800m-men/final,
diamond-league/2026-06-10-oslo,800m,men,,800m Men - national,OMEGA,https://www.omegatiming.com/File/000206090103030101FFFFFFFFFFFF6D.pdf,,unmatched,,"a national or regional race, so named"
diamond-league/2026-06-10-oslo,800m,women,,800m Women - national,OMEGA,https://www.omegatiming.com/File/000206090102050101FFFFFFFFFFFF6D.pdf,,unmatched,,"a national or regional race, so named"
diamond-league/2026-06-10-oslo,mile,men,final,Dream Mile Men,OMEGA,https://www.omegatiming.com/File/0002060901030B0101FFFFFFFFFFFF6D.pdf,,race,dl-2026-oslo/mile-men/final,
diamond-league/2026-06-19-doha,100m,women,final,100m Women,OMEGA,https://www.omegatiming.com/File/0002060A0101050101FFFFFFFFFFFF6D.pdf,,race,dl-2026-doha/100m-women/final,
diamond-league/2026-06-19-doha,110mh,men,final,110m Hurdles Men,OMEGA,https://www.omegatiming.com/File/0002060A0102070101FFFFFFFFFFFF6D.pdf,,race,dl-2026-doha/110mh-men/final,
diamond-league/2026-06-19-doha,1500m,women,final,1500m Women,OMEGA,https://www.omegatiming.com/File/0002060A0101080101FFFFFFFFFFFF6D.pdf,,race,dl-2026-doha/1500m-women/final,
diamond-league/2026-06-19-doha,200m,men,final,200m Men,OMEGA,https://www.omegatiming.com/File/0002060A0102090101FFFFFFFFFFFF6D.pdf,,race,dl-2026-doha/200m-men/final,
diamond-league/2026-06-19-doha,3000msc,men,final,3000m Steeplechase Men,OMEGA,https://www.omegatiming.com/File/0002060A01020A0101FFFFFFFFFFFF6D.pdf,,race,dl-2026-doha/3000msc-men/final,
diamond-league/2026-06-19-doha,400m,women,final,400m Women,OMEGA,https://www.omegatiming.com/File/0002060A0101090101FFFFFFFFFFFF6D.pdf,,race,dl-2026-doha/400m-women/final,
diamond-league/2026-06-19-doha,400mh,women,final,400m Hurdles Women,OMEGA,https://www.omegatiming.com/File/0002060A0101040101FFFFFFFFFFFF6D.pdf,,race,dl-2026-doha/400mh-women/final,
diamond-league/2026-06-19-doha,800m,women,final,800m Women,OMEGA,https://www.omegatiming.com/File/0002060A0101060101FFFFFFFFFFFF6D.pdf,,race,dl-2026-doha/800m-women/final,
diamond-league/2026-06-28-paris,100m,men,final,100m Men,OMEGA,https://www.omegatiming.com/File/0002060B0101070101FFFFFFFFFFFF6D.pdf,,race,dl-2026-paris/100m-men/final,
diamond-league/2026-06-28-paris,100mh,women,final,100m Hurdles Women - Final,OMEGA,https://www.omegatiming.com/File/0002060B0102060201FFFFFFFFFFFF6D.pdf,,race,dl-2026-paris/100mh-women/final,
diamond-league/2026-06-28-paris,100mh,women,heat,100m Hurdles Women - Heat 1,OMEGA,https://www.omegatiming.com/File/0002060B0102060101FFFFFFFFFFFF6D.pdf,,race,dl-2026-paris/100mh-women/heat-1,
diamond-league/2026-06-28-paris,100mh,women,heat,100m Hurdles Women - Heat 2,OMEGA,https://www.omegatiming.com/File/0002060B0102060102FFFFFFFFFFFF6D.pdf,,race,dl-2026-paris/100mh-women/heat-2,
diamond-league/2026-06-28-paris,110mh,men,final,110m Hurdles Men - Final,OMEGA,https://www.omegatiming.com/File/0002060B0101040201FFFFFFFFFFFF6D.pdf,,race,dl-2026-paris/110mh-men/final,
diamond-league/2026-06-28-paris,110mh,men,heat,110m Hurdles Men - Heat 1,OMEGA,https://www.omegatiming.com/File/0002060B0101040101FFFFFFFFFFFF6D.pdf,,race,dl-2026-paris/110mh-men/heat-1,
diamond-league/2026-06-28-paris,110mh,men,heat,110m Hurdles Men - Heat 2,OMEGA,https://www.omegatiming.com/File/0002060B0101040102FFFFFFFFFFFF6D.pdf,,race,dl-2026-paris/110mh-men/heat-2,
diamond-league/2026-06-28-paris,1500m,men,final,1500m Men,OMEGA,https://www.omegatiming.com/File/0002060B0101090101FFFFFFFFFFFF6D.pdf,,race,dl-2026-paris/1500m-men/final,
diamond-league/2026-06-28-paris,1500m,women,final,1500m Women,OMEGA,https://www.omegatiming.com/File/0002060B01020A0101FFFFFFFFFFFF6D.pdf,,race,dl-2026-paris/1500m-women/final,
diamond-league/2026-06-28-paris,3000msc,men,final,3000m Steeplechase Men,OMEGA,https://www.omegatiming.com/File/0002060B01010A0101FFFFFFFFFFFF6D.pdf,,race,dl-2026-paris/3000msc-men/final,
diamond-league/2026-06-28-paris,400m,men,final,400m Men,OMEGA,https://www.omegatiming.com/File/0002060B0101060101FFFFFFFFFFFF6D.pdf,,race,dl-2026-paris/400m-men/final,
diamond-league/2026-06-28-paris,400m,women,final,400m Women,OMEGA,https://www.omegatiming.com/File/0002060B0102090101FFFFFFFFFFFF6D.pdf,,race,dl-2026-paris/400m-women/final,
diamond-league/2026-06-28-paris,5000m,men,final,5000m Men,OMEGA,https://www.omegatiming.com/File/0002060B01010B0101FFFFFFFFFFFF6D.pdf,,race,dl-2026-paris/5000m-men/final,
diamond-league/2026-06-28-paris,800m,men,final,800m Men,OMEGA,https://www.omegatiming.com/File/0002060B0101080101FFFFFFFFFFFF6D.pdf,,race,dl-2026-paris/800m-men/final,
diamond-league/2026-06-28-paris,800m,women,final,800m Women,OMEGA,https://www.omegatiming.com/File/0002060B0102070101FFFFFFFFFFFF6D.pdf,,race,dl-2026-paris/800m-women/final,
diamond-league/2026-07-03-eugene,100m,men,final,100m Men,OMEGA,https://www.omegatiming.com/File/0002060C0101090101FFFFFFFFFFFF6D.pdf,,race,dl-2026-eugene/100m-men/final,
diamond-league/2026-07-03-eugene,100m,women,final,100m Women - Final,OMEGA,https://www.omegatiming.com/File/0002060C0102070201FFFFFFFFFFFF6D.pdf,,race,dl-2026-eugene/100m-women/final,
diamond-league/2026-07-03-eugene,100m,women,heat,100m Women - Round 1 Heat 1,OMEGA,https://www.omegatiming.com/File/0002060C0102070101FFFFFFFFFFFF6D.pdf,,race,dl-2026-eugene/100m-women/heat-1,
diamond-league/2026-07-03-eugene,100m,women,heat,100m Women - Round 1 Heat 2,OMEGA,https://www.omegatiming.com/File/0002060C0102070102FFFFFFFFFFFF6D.pdf,,race,dl-2026-eugene/100m-women/heat-2,
diamond-league/2026-07-03-eugene,100mh,women,final,100m Hurdles Women,OMEGA,https://www.omegatiming.com/File/0002060C01020C0101FFFFFFFFFFFF6D.pdf,,race,dl-2026-eugene/100mh-women/final,
diamond-league/2026-07-03-eugene,110mh,men,final,110m Hurdles Men,OMEGA,https://www.omegatiming.com/File/0002060C0101080101FFFFFFFFFFFF6D.pdf,,race,dl-2026-eugene/110mh-men/final,
diamond-league/2026-07-03-eugene,1500m,women,final,1500m Women,OMEGA,https://www.omegatiming.com/File/0002060C0102040101FFFFFFFFFFFF6D.pdf,,race,dl-2026-eugene/1500m-women/final,
diamond-league/2026-07-03-eugene,2-miles,men,final,2 Miles Men,OMEGA,https://www.omegatiming.com/File/0002060C0101040101FFFFFFFFFFFF6D.pdf,,race,dl-2026-eugene/2-miles-men/final,
diamond-league/2026-07-03-eugene,2-miles,women,final,2 Miles Women,OMEGA,https://www.omegatiming.com/File/0002060C0102090101FFFFFFFFFFFF6D.pdf,,race,dl-2026-eugene/2-miles-women/final,
diamond-league/2026-07-03-eugene,200m,men,final,200m Men,OMEGA,https://www.omegatiming.com/File/0002060C01010B0101FFFFFFFFFFFF6D.pdf,,race,dl-2026-eugene/200m-men/final,
diamond-league/2026-07-03-eugene,3000msc,women,final,3000m Steeplechase Women,OMEGA,https://www.omegatiming.com/File/0002060C01020B0101FFFFFFFFFFFF6D.pdf,,race,dl-2026-eugene/3000msc-women/final,
diamond-league/2026-07-03-eugene,400m,men,final,400m Men,OMEGA,https://www.omegatiming.com/File/0002060C0101070101FFFFFFFFFFFF6D.pdf,,race,dl-2026-eugene/400m-men/final,
diamond-league/2026-07-03-eugene,400m,women,final,400m Women,OMEGA,https://www.omegatiming.com/File/0002060C0102030101FFFFFFFFFFFF6D.pdf,,race,dl-2026-eugene/400m-women/final,
diamond-league/2026-07-03-eugene,800m,men,final,800m Men,OMEGA,https://www.omegatiming.com/File/0002060C0101030101FFFFFFFFFFFF6D.pdf,,race,dl-2026-eugene/800m-men/final,
diamond-league/2026-07-03-eugene,800m,women,final,800m Women - Mutola 800m,OMEGA,https://www.omegatiming.com/File/0002060C01020D0101FFFFFFFFFFFF6D.pdf,,race,dl-2026-eugene/800m-women/final,
diamond-league/2026-07-03-eugene,mile,men,final,1 Mile Men,OMEGA,https://www.omegatiming.com/File/0002060C0101020101FFFFFFFFFFFF6D.pdf,,race,dl-2026-eugene/mile-men/b-race,
diamond-league/2026-07-03-eugene,mile,men,final,1 Mile Men - Bowerman Mile,OMEGA,https://www.omegatiming.com/File/0002060C01010C0101FFFFFFFFFFFF6D.pdf,,race,dl-2026-eugene/mile-men/final,
diamond-league/2026-07-03-eugene,mile,women,final,1 Mile Women,OMEGA,https://www.omegatiming.com/File/0002060C01020E0101FFFFFFFFFFFF6D.pdf,,race,dl-2026-eugene/mile-women/final,
diamond-league/2026-07-10-monaco,1000m,men,final,1000m Men,OMEGA,https://www.omegatiming.com/File/0002060D0102040101FFFFFFFFFFFF6D.pdf,,race,dl-2026-monaco/1000m-men/final,
diamond-league/2026-07-10-monaco,100m,men,final,100m Men,OMEGA,https://www.omegatiming.com/File/0002060D0102090101FFFFFFFFFFFF6D.pdf,,race,dl-2026-monaco/100m-men/final,
diamond-league/2026-07-10-monaco,100mh,women,final,100m Hurdles Women,OMEGA,https://www.omegatiming.com/File/0002060D0101070101FFFFFFFFFFFF6D.pdf,,race,dl-2026-monaco/100mh-women/final,
diamond-league/2026-07-10-monaco,200m,women,final,200m Women,OMEGA,https://www.omegatiming.com/File/0002060D0101080101FFFFFFFFFFFF6D.pdf,,race,dl-2026-monaco/200m-women/final,
diamond-league/2026-07-10-monaco,3000m,women,final,3000m Women,OMEGA,https://www.omegatiming.com/File/0002060D0101060101FFFFFFFFFFFF6D.pdf,,race,dl-2026-monaco/3000m-women/final,
diamond-league/2026-07-10-monaco,3000msc,men,final,3000m Steeplechase Men,OMEGA,https://www.omegatiming.com/File/0002060D0102070101FFFFFFFFFFFF6D.pdf,,race,dl-2026-monaco/3000msc-men/final,
diamond-league/2026-07-10-monaco,400m,men,final,400m Men,OMEGA,https://www.omegatiming.com/File/0002060D0102050101FFFFFFFFFFFF6D.pdf,,race,dl-2026-monaco/400m-men/final,
diamond-league/2026-07-10-monaco,400m,women,final,400m Women,OMEGA,https://www.omegatiming.com/File/0002060D0101050101FFFFFFFFFFFF6D.pdf,,race,dl-2026-monaco/400m-women/final,
diamond-league/2026-07-10-monaco,5000m,men,final,5000m Men,OMEGA,https://www.omegatiming.com/File/0002060D0102080101FFFFFFFFFFFF6D.pdf,,race,dl-2026-monaco/5000m-men/final,
diamond-league/2026-07-18-london,100m,men,final,100m Men,OMEGA,https://www.omegatiming.com/File/0002060E01020A0101FFFFFFFFFFFF6D.pdf,,race,dl-2026-london/100m-men/final,
diamond-league/2026-07-18-london,110mh,men,final,110m Hurdles Men,OMEGA,https://www.omegatiming.com/File/0002060E0102090101FFFFFFFFFFFF6D.pdf,,race,dl-2026-london/110mh-men/final,
diamond-league/2026-07-18-london,200m,women,final,200m Women,OMEGA,https://www.omegatiming.com/File/0002060E0103090101FFFFFFFFFFFF6D.pdf,,race,dl-2026-london/200m-women/final,
diamond-league/2026-07-18-london,3000m,women,final,3000m Women,OMEGA,https://www.omegatiming.com/File/0002060E0103070101FFFFFFFFFFFF6D.pdf,,race,dl-2026-london/3000m-women/final,
diamond-league/2026-07-18-london,400m,men,final,400m Men,OMEGA,https://www.omegatiming.com/File/0002060E01020B0101FFFFFFFFFFFF6D.pdf,,race,dl-2026-london/400m-men/final,
diamond-league/2026-07-18-london,400m,women,final,400m Women,OMEGA,https://www.omegatiming.com/File/0002060E0103060101FFFFFFFFFFFF6D.pdf,,race,dl-2026-london/400m-women/final,
diamond-league/2026-07-18-london,400m,women,final,400m Women - National,OMEGA,https://www.omegatiming.com/File/0002060E0103030101FFFFFFFFFFFF6D.pdf,,undercard,,a national field (100% of it from the host country)
diamond-league/2026-07-18-london,400mh,men,final,400m Hurdles Men,OMEGA,https://www.omegatiming.com/File/0002060E0102070101FFFFFFFFFFFF6D.pdf,,race,dl-2026-london/400mh-men/final,
diamond-league/2026-07-18-london,800m,men,final,800m Men,OMEGA,https://www.omegatiming.com/File/0002060E0102080101FFFFFFFFFFFF6D.pdf,,race,dl-2026-london/800m-men/final,
diamond-league/2026-07-18-london,800m,men,final,800m Men - National,OMEGA,https://www.omegatiming.com/File/0002060E0102050101FFFFFFFFFFFF6D.pdf,,undercard,,a national field (100% of it from the host country)
diamond-league/2026-07-18-london,800m,women,final,800m Women,OMEGA,https://www.omegatiming.com/File/0002060E01030A0101FFFFFFFFFFFF6D.pdf,,race,dl-2026-london/800m-women/final,
diamond-league/2026-07-18-london,mile,men,final,1 Mile Men,OMEGA,https://www.omegatiming.com/File/0002060E01020C0101FFFFFFFFFFFF6D.pdf,,race,dl-2026-london/mile-men/final,
diamond-league/2026-08-20-lausanne,100m,women,final,100m Women - Heat A,OMEGA,https://www.omegatiming.com/File/0002060F0102010102FFFFFFFFFFFF6D.pdf,,race,dl-2026-lausanne/100m-women/b-race-1,
diamond-league/2026-08-20-lausanne,100m,women,final,100m Women - Heat B,OMEGA,https://www.omegatiming.com/File/0002060F0102010101FFFFFFFFFFFF6D.pdf,,race,dl-2026-lausanne/100m-women/b-race-2,
diamond-league/2026-08-20-lausanne,100mh,women,final,100m Hurdles Women,OMEGA,https://www.omegatiming.com/File/0002060F01020B0101FFFFFFFFFFFF6D.pdf,,race,dl-2026-lausanne/100mh-women/final,
diamond-league/2026-08-20-lausanne,110mh,men,final,110m Hurdles Men,OMEGA,https://www.omegatiming.com/File/0002060F01010C0101FFFFFFFFFFFF6D.pdf,,race,dl-2026-lausanne/110mh-men/final,
diamond-league/2026-08-20-lausanne,200m,men,final,200m Men,OMEGA,https://www.omegatiming.com/File/0002060F01010D0101FFFFFFFFFFFF6D.pdf,,race,dl-2026-lausanne/200m-men/final,
diamond-league/2026-08-20-lausanne,200m,women,final,200m Women,OMEGA,https://www.omegatiming.com/File/0002060F0102090101FFFFFFFFFFFF6D.pdf,,race,dl-2026-lausanne/200m-women/final,
diamond-league/2026-08-20-lausanne,200m,women,final,200m Women - B Race,OMEGA,https://www.omegatiming.com/File/0002060F0102060101FFFFFFFFFFFF6D.pdf,,race,dl-2026-lausanne/200m-women/b-race,
diamond-league/2026-08-20-lausanne,3000msc,women,final,3000m Steeplechase Women,OMEGA,https://www.omegatiming.com/File/0002060F01020A0101FFFFFFFFFFFF6D.pdf,,race,dl-2026-lausanne/3000msc-women/final,
diamond-league/2026-08-20-lausanne,400mh,men,final,400m Hurdles Men,OMEGA,https://www.omegatiming.com/File/0002060F0101070101FFFFFFFFFFFF6D.pdf,,race,dl-2026-lausanne/400mh-men/final,
diamond-league/2026-08-20-lausanne,400mh,women,final,400m Hurdles Women,OMEGA,https://www.omegatiming.com/File/0002060F0102070101FFFFFFFFFFFF6D.pdf,,race,dl-2026-lausanne/400mh-women/final,
diamond-league/2026-08-20-lausanne,5000m,men,final,5000m Men,OMEGA,https://www.omegatiming.com/File/0002060F01010B0101FFFFFFFFFFFF6D.pdf,,race,dl-2026-lausanne/5000m-men/final,
diamond-league/2026-08-20-lausanne,800m,men,final,800m Men,OMEGA,https://www.omegatiming.com/File/0002060F0101090101FFFFFFFFFFFF6D.pdf,,race,dl-2026-lausanne/800m-men/final,
diamond-league/2026-08-20-lausanne,800m,women,final,800m Women,OMEGA,https://www.omegatiming.com/File/0002060F01020C0101FFFFFFFFFFFF6D.pdf,,race,dl-2026-lausanne/800m-women/final,
diamond-league/2026-08-22-chorzow,100m,men,,100m Men - Diamond Cup powered by Patec,OMEGA,https://www.omegatiming.com/File/000206100102070101FFFFFFFFFFFF6D.pdf,,unmatched,,a national field (83% of it from the host country)
diamond-league/2026-08-22-chorzow,100m,men,final,100m Men - Final,OMEGA,https://www.omegatiming.com/File/0002061001020B0201FFFFFFFFFFFF6D.pdf,,race,dl-2026-silesia/100m-men/final,
diamond-league/2026-08-22-chorzow,100m,men,heat,100m Men - Round 1 Heat 1,OMEGA,https://www.omegatiming.com/File/0002061001020B0101FFFFFFFFFFFF6D.pdf,,race,dl-2026-silesia/100m-men/heat-1,
diamond-league/2026-08-22-chorzow,100m,men,heat,100m Men - Round 1 Heat 2,OMEGA,https://www.omegatiming.com/File/0002061001020B0102FFFFFFFFFFFF6D.pdf,,race,dl-2026-silesia/100m-men/heat-2,
diamond-league/2026-08-22-chorzow,100m,women,final,100m Women,OMEGA,https://www.omegatiming.com/File/0002061001010C0101FFFFFFFFFFFF6D.pdf,,race,dl-2026-silesia/100m-women/final,
diamond-league/2026-08-22-chorzow,100mh,women,final,100m Hurdles Women,OMEGA,https://www.omegatiming.com/File/000206100101060101FFFFFFFFFFFF6D.pdf,,race,dl-2026-silesia/100mh-women/final,
diamond-league/2026-08-22-chorzow,110mh,men,final,110m Hurdles Men,OMEGA,https://www.omegatiming.com/File/0002061001020E0101FFFFFFFFFFFF6D.pdf,,race,dl-2026-silesia/110mh-men/final,
diamond-league/2026-08-22-chorzow,1500m,men,final,1500m Men,OMEGA,https://www.omegatiming.com/File/000206100102110101FFFFFFFFFFFF6D.pdf,,race,dl-2026-silesia/1500m-men/final,
diamond-league/2026-08-22-chorzow,1500m,women,final,1500m Women,OMEGA,https://www.omegatiming.com/File/0002061001010B0101FFFFFFFFFFFF6D.pdf,,race,dl-2026-silesia/1500m-women/final,
diamond-league/2026-08-22-chorzow,3000msc,men,final,3000m Steeplechase Men,OMEGA,https://www.omegatiming.com/File/0002061001020D0101FFFFFFFFFFFF6D.pdf,,race,dl-2026-silesia/3000msc-men/final,
diamond-league/2026-08-22-chorzow,300m,women,final,300m Women,OMEGA,https://www.omegatiming.com/File/000206100101070101FFFFFFFFFFFF6D.pdf,,race,dl-2026-silesia/300m-women/final,
diamond-league/2026-08-22-chorzow,400m,men,final,400m Men,OMEGA,https://www.omegatiming.com/File/000206100102100101FFFFFFFFFFFF6D.pdf,,race,dl-2026-silesia/400m-men/final,
diamond-league/2026-08-22-chorzow,400m,women,final,400m Women,OMEGA,https://www.omegatiming.com/File/000206100101090101FFFFFFFFFFFF6D.pdf,,race,dl-2026-silesia/400m-women/final,
diamond-league/2026-08-22-chorzow,400mh,men,final,400m Hurdles Men,OMEGA,https://www.omegatiming.com/File/0002061001020C0101FFFFFFFFFFFF6D.pdf,,race,dl-2026-silesia/400mh-men/final,
diamond-league/2026-08-22-chorzow,5000m,women,final,5000m Women,OMEGA,https://www.omegatiming.com/File/0002061001010A0101FFFFFFFFFFFF6D.pdf,,race,dl-2026-silesia/5000m-women/final,
diamond-league/2026-08-26-zurich,100m,women,final,100m Women,OMEGA,https://www.omegatiming.com/File/000206110101070101FFFFFFFFFFFF6D.pdf,,race,dl-2026-zurich/100m-women/final,
diamond-league/2026-08-26-zurich,100mh,women,final,100m Hurdles Women,OMEGA,https://www.omegatiming.com/File/000206110101090101FFFFFFFFFFFF6D.pdf,,race,dl-2026-zurich/100mh-women/final,
diamond-league/2026-08-26-zurich,110mh,men,final,110m Hurdles Men,OMEGA,https://www.omegatiming.com/File/000206110103050101FFFFFFFFFFFF6D.pdf,,race,dl-2026-zurich/110mh-men/final,
diamond-league/2026-08-26-zurich,1500m,men,final,1500m Men,OMEGA,https://www.omegatiming.com/File/0002061101030C0101FFFFFFFFFFFF6D.pdf,,race,dl-2026-zurich/1500m-men/final,
diamond-league/2026-08-26-zurich,1500m,women,final,1500m Women,OMEGA,https://www.omegatiming.com/File/000206110101040101FFFFFFFFFFFF6D.pdf,,race,dl-2026-zurich/1500m-women/final,
diamond-league/2026-08-26-zurich,200m,men,final,200m Men,OMEGA,https://www.omegatiming.com/File/0002061101030D0101FFFFFFFFFFFF6D.pdf,,race,dl-2026-zurich/200m-men/final,
diamond-league/2026-08-26-zurich,200m,women,final,200m Women,OMEGA,https://www.omegatiming.com/File/000206110101050101FFFFFFFFFFFF6D.pdf,,race,dl-2026-zurich/200m-women/final,
diamond-league/2026-08-26-zurich,3000m,men,final,3000m Men,OMEGA,https://www.omegatiming.com/File/000206110103070101FFFFFFFFFFFF6D.pdf,,race,dl-2026-zurich/3000m-men/final,
diamond-league/2026-08-26-zurich,3000msc,women,final,3000m Steeplechase Women,OMEGA,https://www.omegatiming.com/File/000206110101080101FFFFFFFFFFFF6D.pdf,,race,dl-2026-zurich/3000msc-women/final,
diamond-league/2026-08-26-zurich,400m,men,final,400m Men,OMEGA,https://www.omegatiming.com/File/000206110103040101FFFFFFFFFFFF6D.pdf,,race,dl-2026-zurich/400m-men/final,
diamond-league/2026-08-26-zurich,400mh,men,final,400m Hurdles Men,OMEGA,https://www.omegatiming.com/File/000206110103090101FFFFFFFFFFFF6D.pdf,,race,dl-2026-zurich/400mh-men/final,
diamond-league/2026-08-26-zurich,400mh,women,final,400m Hurdles Women,OMEGA,https://www.omegatiming.com/File/000206110101060101FFFFFFFFFFFF6D.pdf,,race,dl-2026-zurich/400mh-women/final,
diamond-league/2026-08-26-zurich,800m,men,final,800m Men,OMEGA,https://www.omegatiming.com/File/0002061101030B0101FFFFFFFFFFFF6D.pdf,,race,dl-2026-zurich/800m-men/final,
diamond-league/2026-08-26-zurich,800m,women,final,800m Women,OMEGA,https://www.omegatiming.com/File/0002061101010A0101FFFFFFFFFFFF6D.pdf,,race,dl-2026-zurich/800m-women/final,
diamond-league/2026-09-04-bruxelles,100m,men,final,100m Men,OMEGA,https://www.omegatiming.com/File/000206120102090101FFFFFFFFFFFF6D.pdf,,race,dl-2026-brussels/100m-men/final,
diamond-league/2026-09-04-bruxelles,100m,men,final,100m Men - Invitational,OMEGA,https://www.omegatiming.com/File/000206120102120101FFFFFFFFFFFF6D.pdf,,race,,a national field (100% of it from the host country)
diamond-league/2026-09-04-bruxelles,100m,women,final,100m Women,OMEGA,https://www.omegatiming.com/File/000206120101130101FFFFFFFFFFFF6D.pdf,,race,dl-2026-brussels/100m-women/final,
diamond-league/2026-09-04-bruxelles,100m,women,final,100m Women - Invitational,OMEGA,https://www.omegatiming.com/File/0002061201010F0101FFFFFFFFFFFF6D.pdf,,race,,an invitational race
diamond-league/2026-09-04-bruxelles,100mh,women,final,100m Hurdles Women,OMEGA,https://www.omegatiming.com/File/000206120101160101FFFFFFFFFFFF6D.pdf,,race,dl-2026-brussels/100mh-women/final,
diamond-league/2026-09-04-bruxelles,110mh,men,final,110m Hurdles Men,OMEGA,https://www.omegatiming.com/File/0002061201020C0101FFFFFFFFFFFF6D.pdf,,race,dl-2026-brussels/110mh-men/final,
diamond-league/2026-09-04-bruxelles,1500m,men,final,1500m Men,OMEGA,https://www.omegatiming.com/File/0002061201020D0101FFFFFFFFFFFF6D.pdf,,race,dl-2026-brussels/1500m-men/final,
diamond-league/2026-09-04-bruxelles,1500m,women,final,1500m Women,OMEGA,https://www.omegatiming.com/File/000206120101150101FFFFFFFFFFFF6D.pdf,,race,dl-2026-brussels/1500m-women/final,
diamond-league/2026-09-04-bruxelles,200m,men,final,200m Men,OMEGA,https://www.omegatiming.com/File/000206120102150101FFFFFFFFFFFF6D.pdf,,race,dl-2026-brussels/200m-men/final,
diamond-league/2026-09-04-bruxelles,200m,women,final,200m Women,OMEGA,https://www.omegatiming.com/File/0002061201010C0101FFFFFFFFFFFF6D.pdf,,race,dl-2026-brussels/200m-women/final,
diamond-league/2026-09-04-bruxelles,3000msc,men,final,3000m Steeplechase Men,OMEGA,https://www.omegatiming.com/File/000206120102160101FFFFFFFFFFFF6D.pdf,,race,dl-2026-brussels/3000msc-men/final,
diamond-league/2026-09-04-bruxelles,3000msc,women,final,3000m Steeplechase Women,OMEGA,https://www.omegatiming.com/File/000206120101090101FFFFFFFFFFFF6D.pdf,,race,dl-2026-brussels/3000msc-women/final,
diamond-league/2026-09-04-bruxelles,400m,men,final,400m Men,OMEGA,https://www.omegatiming.com/File/0002061201020E0101FFFFFFFFFFFF6D.pdf,,race,dl-2026-brussels/400m-men/final,
diamond-league/2026-09-04-bruxelles,400m,men,final,400m Men - Invitational,OMEGA,https://www.omegatiming.com/File/000206120102060101FFFFFFFFFFFF6D.pdf,,race,,an invitational race
diamond-league/2026-09-04-bruxelles,400m,women,final,400m Women,OMEGA,https://www.omegatiming.com/File/000206120101110101FFFFFFFFFFFF6D.pdf,,race,dl-2026-brussels/400m-women/final,
diamond-league/2026-09-04-bruxelles,400m,women,final,400m Women - Invitational,OMEGA,https://www.omegatiming.com/File/000206120101070101FFFFFFFFFFFF6D.pdf,,race,,an invitational race
diamond-league/2026-09-04-bruxelles,400mh,men,final,400m Hurdles Men,OMEGA,https://www.omegatiming.com/File/000206120102170101FFFFFFFFFFFF6D.pdf,,race,dl-2026-brussels/400mh-men/final,
diamond-league/2026-09-04-bruxelles,400mh,women,final,400m Hurdles Women,OMEGA,https://www.omegatiming.com/File/000206120101080101FFFFFFFFFFFF6D.pdf,,race,dl-2026-brussels/400mh-women/final,
diamond-league/2026-09-04-bruxelles,5000m,men,final,5000m Men,OMEGA,https://www.omegatiming.com/File/000206120102130101FFFFFFFFFFFF6D.pdf,,race,dl-2026-brussels/5000m-men/final,
diamond-league/2026-09-04-bruxelles,5000m,women,final,5000m Women,OMEGA,https://www.omegatiming.com/File/0002061201010B0101FFFFFFFFFFFF6D.pdf,,race,dl-2026-brussels/5000m-women/final,
diamond-league/2026-09-04-bruxelles,800m,men,final,800m Men,OMEGA,https://www.omegatiming.com/File/0002061201020B0101FFFFFFFFFFFF6D.pdf,,race,dl-2026-brussels/800m-men/final,
diamond-league/2026-09-04-bruxelles,800m,women,final,800m Women,OMEGA,https://www.omegatiming.com/File/000206120101170101FFFFFFFFFFFF6D.pdf,,race,dl-2026-brussels/800m-women/final,
