series,year,name,meeting,city,event,round,races
iaaf-world-championships-1976-1980,1980,IAAF World Championships in Athletics,,Sittard,400mh-women,heat,4
iaaf-world-championships-1976-1980,1980,IAAF World Championships in Athletics,,Sittard,400mh-women,semi-final,2
iaaf-world-championships-1976-1980,1980,IAAF World Championships in Athletics,,Sittard,400mh-women,final,2
iaaf-world-championships-1976-1980,1980,IAAF World Championships in Athletics,,Sittard,3000m-women,heat,2
iaaf-world-championships-1976-1980,1980,IAAF World Championships in Athletics,,Sittard,3000m-women,final,1
world-indoor-championships,1985,IAAF World Indoor Games,,Paris,60m-men,heat,6
world-indoor-championships,1985,IAAF World Indoor Games,,Paris,60m-men,semi-final,2
world-indoor-championships,1985,IAAF World Indoor Games,,Paris,60m-men,final,1
world-indoor-championships,1985,IAAF World Indoor Games,,Paris,200m-men,heat,5
world-indoor-championships,1985,IAAF World Indoor Games,,Paris,200m-men,semi-final,2
world-indoor-championships,1985,IAAF World Indoor Games,,Paris,200m-men,final,1
world-indoor-championships,1985,IAAF World Indoor Games,,Paris,400m-men,heat,5
world-indoor-championships,1985,IAAF World Indoor Games,,Paris,400m-men,semi-final,2
world-indoor-championships,1985,IAAF World Indoor Games,,Paris,400m-men,final,1
world-indoor-championships,1985,IAAF World Indoor Games,,Paris,800m-men,heat,2
world-indoor-championships,1985,IAAF World Indoor Games,,Paris,800m-men,final,1
world-indoor-championships,1985,IAAF World Indoor Games,,Paris,1500m-men,heat,2
world-indoor-championships,1985,IAAF World Indoor Games,,Paris,1500m-men,final,1
world-indoor-championships,1985,IAAF World Indoor Games,,Paris,3000m-men,heat,2
world-indoor-championships,1985,IAAF World Indoor Games,,Paris,3000m-men,final,1
world-indoor-championships,1985,IAAF World Indoor Games,,Paris,60mh-men,heat,3
world-indoor-championships,1985,IAAF World Indoor Games,,Paris,60mh-men,semi-final,2
world-indoor-championships,1985,IAAF World Indoor Games,,Paris,60mh-men,final,1
world-indoor-championships,1985,IAAF World Indoor Games,,Paris,60m-women,heat,3
world-indoor-championships,1985,IAAF World Indoor Games,,Paris,60m-women,semi-final,2
world-indoor-championships,1985,IAAF World Indoor Games,,Paris,60m-women,final,1
world-indoor-championships,1985,IAAF World Indoor Games,,Paris,200m-women,heat,2
world-indoor-championships,1985,IAAF World Indoor Games,,Paris,200m-women,final,1
world-indoor-championships,1985,IAAF World Indoor Games,,Paris,400m-women,final,1
world-indoor-championships,1985,IAAF World Indoor Games,,Paris,800m-women,final,1
world-indoor-championships,1985,IAAF World Indoor Games,,Paris,1500m-women,final,1
world-indoor-championships,1985,IAAF World Indoor Games,,Paris,3000m-women,final,1
world-indoor-championships,1985,IAAF World Indoor Games,,Paris,60mh-women,heat,3
world-indoor-championships,1985,IAAF World Indoor Games,,Paris,60mh-women,semi-final,2
world-indoor-championships,1985,IAAF World Indoor Games,,Paris,60mh-women,final,1
world-cup,1977,1st IAAF World Cup in Athletics,,Düsseldorf,100m-men,final,1
world-cup,1977,1st IAAF World Cup in Athletics,,Düsseldorf,200m-men,final,1
world-cup,1977,1st IAAF World Cup in Athletics,,Düsseldorf,400m-men,final,1
world-cup,1977,1st IAAF World Cup in Athletics,,Düsseldorf,800m-men,final,1
world-cup,1977,1st IAAF World Cup in Athletics,,Düsseldorf,1500m-men,final,1
world-cup,1977,1st IAAF World Cup in Athletics,,Düsseldorf,5000m-men,final,1
world-cup,1977,1st IAAF World Cup in Athletics,,Düsseldorf,10000m-men,final,1
world-cup,1977,1st IAAF World Cup in Athletics,,Düsseldorf,110mh-men,final,1
world-cup,1977,1st IAAF World Cup in Athletics,,Düsseldorf,400mh-men,final,1
world-cup,1977,1st IAAF World Cup in Athletics,,Düsseldorf,3000msc-men,final,1
world-cup,1977,1st IAAF World Cup in Athletics,,Düsseldorf,100m-women,final,1
world-cup,1977,1st IAAF World Cup in Athletics,,Düsseldorf,200m-women,final,1
world-cup,1977,1st IAAF World Cup in Athletics,,Düsseldorf,400m-women,final,1
world-cup,1977,1st IAAF World Cup in Athletics,,Düsseldorf,800m-women,final,1
world-cup,1977,1st IAAF World Cup in Athletics,,Düsseldorf,1500m-women,final,1
world-cup,1977,1st IAAF World Cup in Athletics,,Düsseldorf,3000m-women,final,1
world-cup,1977,1st IAAF World Cup in Athletics,,Düsseldorf,100mh-women,final,1
world-cup,1979,2nd IAAF World Cup in Athletics,,Montreal,100m-men,final,1
world-cup,1979,2nd IAAF World Cup in Athletics,,Montreal,200m-men,final,1
world-cup,1979,2nd IAAF World Cup in Athletics,,Montreal,400m-men,final,1
world-cup,1979,2nd IAAF World Cup in Athletics,,Montreal,800m-men,final,1
world-cup,1979,2nd IAAF World Cup in Athletics,,Montreal,1500m-men,final,1
world-cup,1979,2nd IAAF World Cup in Athletics,,Montreal,5000m-men,final,1
world-cup,1979,2nd IAAF World Cup in Athletics,,Montreal,10000m-men,final,1
world-cup,1979,2nd IAAF World Cup in Athletics,,Montreal,110mh-men,final,1
world-cup,1979,2nd IAAF World Cup in Athletics,,Montreal,400mh-men,final,1
world-cup,1979,2nd IAAF World Cup in Athletics,,Montreal,3000msc-men,final,1
world-cup,1979,2nd IAAF World Cup in Athletics,,Montreal,100m-women,final,1
world-cup,1979,2nd IAAF World Cup in Athletics,,Montreal,200m-women,final,1
world-cup,1979,2nd IAAF World Cup in Athletics,,Montreal,400m-women,final,1
world-cup,1979,2nd IAAF World Cup in Athletics,,Montreal,800m-women,final,1
world-cup,1979,2nd IAAF World Cup in Athletics,,Montreal,1500m-women,final,1
world-cup,1979,2nd IAAF World Cup in Athletics,,Montreal,3000m-women,final,1
world-cup,1979,2nd IAAF World Cup in Athletics,,Montreal,100mh-women,final,1
world-cup,1979,2nd IAAF World Cup in Athletics,,Montreal,400mh-women,final,1
world-cup,1981,3rd IAAF World Cup in Athletics,,Rome,100m-men,final,1
world-cup,1981,3rd IAAF World Cup in Athletics,,Rome,200m-men,final,1
world-cup,1981,3rd IAAF World Cup in Athletics,,Rome,400m-men,final,1
world-cup,1981,3rd IAAF World Cup in Athletics,,Rome,800m-men,final,1
world-cup,1981,3rd IAAF World Cup in Athletics,,Rome,1500m-men,final,1
world-cup,1981,3rd IAAF World Cup in Athletics,,Rome,5000m-men,final,1
world-cup,1981,3rd IAAF World Cup in Athletics,,Rome,10000m-men,final,1
world-cup,1981,3rd IAAF World Cup in Athletics,,Rome,110mh-men,final,1
world-cup,1981,3rd IAAF World Cup in Athletics,,Rome,400mh-men,final,1
world-cup,1981,3rd IAAF World Cup in Athletics,,Rome,3000msc-men,final,1
world-cup,1981,3rd IAAF World Cup in Athletics,,Rome,100m-women,final,1
world-cup,1981,3rd IAAF World Cup in Athletics,,Rome,200m-women,final,1
world-cup,1981,3rd IAAF World Cup in Athletics,,Rome,400m-women,final,1
world-cup,1981,3rd IAAF World Cup in Athletics,,Rome,800m-women,final,1
world-cup,1981,3rd IAAF World Cup in Athletics,,Rome,1500m-women,final,1
world-cup,1981,3rd IAAF World Cup in Athletics,,Rome,3000m-women,final,1
world-cup,1981,3rd IAAF World Cup in Athletics,,Rome,100mh-women,final,1
world-cup,1981,3rd IAAF World Cup in Athletics,,Rome,400mh-women,final,1
world-cup,1985,4th IAAF World Cup in Athletics,,Canberra,100m-men,final,1
world-cup,1985,4th IAAF World Cup in Athletics,,Canberra,200m-men,final,1
world-cup,1985,4th IAAF World Cup in Athletics,,Canberra,400m-men,final,1
world-cup,1985,4th IAAF World Cup in Athletics,,Canberra,800m-men,final,1
world-cup,1985,4th IAAF World Cup in Athletics,,Canberra,1500m-men,final,1
world-cup,1985,4th IAAF World Cup in Athletics,,Canberra,5000m-men,final,1
world-cup,1985,4th IAAF World Cup in Athletics,,Canberra,10000m-men,final,1
world-cup,1985,4th IAAF World Cup in Athletics,,Canberra,110mh-men,final,1
world-cup,1985,4th IAAF World Cup in Athletics,,Canberra,400mh-men,final,1
world-cup,1985,4th IAAF World Cup in Athletics,,Canberra,3000msc-men,final,1
world-cup,1985,4th IAAF World Cup in Athletics,,Canberra,100m-women,final,1
world-cup,1985,4th IAAF World Cup in Athletics,,Canberra,200m-women,final,1
world-cup,1985,4th IAAF World Cup in Athletics,,Canberra,400m-women,final,1
world-cup,1985,4th IAAF World Cup in Athletics,,Canberra,800m-women,final,1
world-cup,1985,4th IAAF World Cup in Athletics,,Canberra,1500m-women,final,1
world-cup,1985,4th IAAF World Cup in Athletics,,Canberra,3000m-women,final,1
world-cup,1985,4th IAAF World Cup in Athletics,,Canberra,100mh-women,final,1
world-cup,1985,4th IAAF World Cup in Athletics,,Canberra,400mh-women,final,1
world-cup,1985,4th IAAF World Cup in Athletics,,Canberra,10000m-women,final,1
world-cup,1989,5th IAAF World Cup in Athletics,,Barcelona,100m-men,final,1
world-cup,1989,5th IAAF World Cup in Athletics,,Barcelona,200m-men,final,1
world-cup,1989,5th IAAF World Cup in Athletics,,Barcelona,400m-men,final,1
world-cup,1989,5th IAAF World Cup in Athletics,,Barcelona,800m-men,final,1
world-cup,1989,5th IAAF World Cup in Athletics,,Barcelona,1500m-men,final,1
world-cup,1989,5th IAAF World Cup in Athletics,,Barcelona,5000m-men,final,1
world-cup,1989,5th IAAF World Cup in Athletics,,Barcelona,10000m-men,final,1
world-cup,1989,5th IAAF World Cup in Athletics,,Barcelona,110mh-men,final,1
world-cup,1989,5th IAAF World Cup in Athletics,,Barcelona,400mh-men,final,1
world-cup,1989,5th IAAF World Cup in Athletics,,Barcelona,3000msc-men,final,1
world-cup,1989,5th IAAF World Cup in Athletics,,Barcelona,100m-women,final,1
world-cup,1989,5th IAAF World Cup in Athletics,,Barcelona,200m-women,final,1
world-cup,1989,5th IAAF World Cup in Athletics,,Barcelona,400m-women,final,1
world-cup,1989,5th IAAF World Cup in Athletics,,Barcelona,800m-women,final,1
world-cup,1989,5th IAAF World Cup in Athletics,,Barcelona,1500m-women,final,1
world-cup,1989,5th IAAF World Cup in Athletics,,Barcelona,3000m-women,final,1
world-cup,1989,5th IAAF World Cup in Athletics,,Barcelona,100mh-women,final,1
world-cup,1989,5th IAAF World Cup in Athletics,,Barcelona,400mh-women,final,1
world-cup,1989,5th IAAF World Cup in Athletics,,Barcelona,10000m-women,final,1
world-cup,1992,6th IAAF World Cup in Athletics,,Havana,100m-men,final,1
world-cup,1992,6th IAAF World Cup in Athletics,,Havana,200m-men,final,1
world-cup,1992,6th IAAF World Cup in Athletics,,Havana,400m-men,final,1
world-cup,1992,6th IAAF World Cup in Athletics,,Havana,800m-men,final,1
world-cup,1992,6th IAAF World Cup in Athletics,,Havana,1500m-men,final,1
world-cup,1992,6th IAAF World Cup in Athletics,,Havana,5000m-men,final,1
world-cup,1992,6th IAAF World Cup in Athletics,,Havana,10000m-men,final,1
world-cup,1992,6th IAAF World Cup in Athletics,,Havana,110mh-men,final,1
world-cup,1992,6th IAAF World Cup in Athletics,,Havana,400mh-men,final,1
world-cup,1992,6th IAAF World Cup in Athletics,,Havana,3000msc-men,final,1
world-cup,1992,6th IAAF World Cup in Athletics,,Havana,100m-women,final,1
world-cup,1992,6th IAAF World Cup in Athletics,,Havana,200m-women,final,1
world-cup,1992,6th IAAF World Cup in Athletics,,Havana,400m-women,final,1
world-cup,1992,6th IAAF World Cup in Athletics,,Havana,800m-women,final,1
world-cup,1992,6th IAAF World Cup in Athletics,,Havana,1500m-women,final,1
world-cup,1992,6th IAAF World Cup in Athletics,,Havana,3000m-women,final,1
world-cup,1992,6th IAAF World Cup in Athletics,,Havana,100mh-women,final,1
world-cup,1992,6th IAAF World Cup in Athletics,,Havana,400mh-women,final,1
world-cup,1992,6th IAAF World Cup in Athletics,,Havana,10000m-women,final,1
world-cup,1994,7th IAAF World Cup in Athletics,,London,100m-men,final,1
world-cup,1994,7th IAAF World Cup in Athletics,,London,200m-men,final,1
world-cup,1994,7th IAAF World Cup in Athletics,,London,400m-men,final,1
world-cup,1994,7th IAAF World Cup in Athletics,,London,800m-men,final,1
world-cup,1994,7th IAAF World Cup in Athletics,,London,1500m-men,final,1
world-cup,1994,7th IAAF World Cup in Athletics,,London,5000m-men,final,1
world-cup,1994,7th IAAF World Cup in Athletics,,London,10000m-men,final,1
world-cup,1994,7th IAAF World Cup in Athletics,,London,110mh-men,final,1
world-cup,1994,7th IAAF World Cup in Athletics,,London,400mh-men,final,1
world-cup,1994,7th IAAF World Cup in Athletics,,London,3000msc-men,final,1
world-cup,1994,7th IAAF World Cup in Athletics,,London,100m-women,final,1
world-cup,1994,7th IAAF World Cup in Athletics,,London,200m-women,final,1
world-cup,1994,7th IAAF World Cup in Athletics,,London,400m-women,final,1
world-cup,1994,7th IAAF World Cup in Athletics,,London,800m-women,final,1
world-cup,1994,7th IAAF World Cup in Athletics,,London,1500m-women,final,1
world-cup,1994,7th IAAF World Cup in Athletics,,London,3000m-women,final,1
world-cup,1994,7th IAAF World Cup in Athletics,,London,100mh-women,final,1
world-cup,1994,7th IAAF World Cup in Athletics,,London,400mh-women,final,1
world-cup,1994,7th IAAF World Cup in Athletics,,London,10000m-women,final,1
athletics-world-cup-london-2018,2018,Athletics World Cup 2018,,London,100m-men,final,1
athletics-world-cup-london-2018,2018,Athletics World Cup 2018,,London,200m-men,final,1
athletics-world-cup-london-2018,2018,Athletics World Cup 2018,,London,400m-men,final,1
athletics-world-cup-london-2018,2018,Athletics World Cup 2018,,London,800m-men,final,1
athletics-world-cup-london-2018,2018,Athletics World Cup 2018,,London,1500m-men,final,1
athletics-world-cup-london-2018,2018,Athletics World Cup 2018,,London,110mh-men,final,1
athletics-world-cup-london-2018,2018,Athletics World Cup 2018,,London,400mh-men,final,1
athletics-world-cup-london-2018,2018,Athletics World Cup 2018,,London,100m-women,final,1
athletics-world-cup-london-2018,2018,Athletics World Cup 2018,,London,200m-women,final,1
athletics-world-cup-london-2018,2018,Athletics World Cup 2018,,London,400m-women,final,1
athletics-world-cup-london-2018,2018,Athletics World Cup 2018,,London,800m-women,final,1
athletics-world-cup-london-2018,2018,Athletics World Cup 2018,,London,1500m-women,final,1
athletics-world-cup-london-2018,2018,Athletics World Cup 2018,,London,100mh-women,final,1
athletics-world-cup-london-2018,2018,Athletics World Cup 2018,,London,400mh-women,final,1
iaaf-grand-prix-final,1997,13th IAAF Grand Prix Final,,Fukuoka,200m-men,final,1
iaaf-grand-prix-final,1997,13th IAAF Grand Prix Final,,Fukuoka,800m-men,final,1
iaaf-grand-prix-final,1997,13th IAAF Grand Prix Final,,Fukuoka,mile-men,final,1
iaaf-grand-prix-final,1997,13th IAAF Grand Prix Final,,Fukuoka,5000m-men,final,1
iaaf-grand-prix-final,1997,13th IAAF Grand Prix Final,,Fukuoka,3000msc-men,final,1
iaaf-grand-prix-final,1997,13th IAAF Grand Prix Final,,Fukuoka,110mh-men,final,1
iaaf-grand-prix-final,1997,13th IAAF Grand Prix Final,,Fukuoka,400mh-men,final,1
iaaf-grand-prix-final,1997,13th IAAF Grand Prix Final,,Fukuoka,200m-women,final,1
iaaf-grand-prix-final,1997,13th IAAF Grand Prix Final,,Fukuoka,800m-women,final,1
iaaf-grand-prix-final,1997,13th IAAF Grand Prix Final,,Fukuoka,mile-women,final,1
iaaf-grand-prix-final,1997,13th IAAF Grand Prix Final,,Fukuoka,5000m-women,final,1
iaaf-grand-prix-final,1997,13th IAAF Grand Prix Final,,Fukuoka,100mh-women,final,1
iaaf-grand-prix-final,1997,13th IAAF Grand Prix Final,,Fukuoka,400mh-women,final,1
iaaf-grand-prix-final,1998,IAAF Golden League/Grand Prix Final,,Moscow,100m-men,final,1
iaaf-grand-prix-final,1998,IAAF Golden League/Grand Prix Final,,Moscow,400m-men,final,1
iaaf-grand-prix-final,1998,IAAF Golden League/Grand Prix Final,,Moscow,1500m-men,final,1
iaaf-grand-prix-final,1998,IAAF Golden League/Grand Prix Final,,Moscow,3000m-men,final,1
iaaf-grand-prix-final,1998,IAAF Golden League/Grand Prix Final,,Moscow,400mh-men,final,1
iaaf-grand-prix-final,1998,IAAF Golden League/Grand Prix Final,,Moscow,100m-women,final,1
iaaf-grand-prix-final,1998,IAAF Golden League/Grand Prix Final,,Moscow,400m-women,final,1
iaaf-grand-prix-final,1998,IAAF Golden League/Grand Prix Final,,Moscow,1500m-women,final,1
iaaf-grand-prix-final,1998,IAAF Golden League/Grand Prix Final,,Moscow,3000m-women,final,1
iaaf-grand-prix-final,1998,IAAF Golden League/Grand Prix Final,,Moscow,100mh-women,final,1
iaaf-grand-prix-final,1999,15th IAAF Grand Prix Final,,Munich,200m-men,final,1
iaaf-grand-prix-final,1999,15th IAAF Grand Prix Final,,Munich,800m-men,final,1
iaaf-grand-prix-final,1999,15th IAAF Grand Prix Final,,Munich,1500m-men,final,1
iaaf-grand-prix-final,1999,15th IAAF Grand Prix Final,,Munich,3000m-men,final,1
iaaf-grand-prix-final,1999,15th IAAF Grand Prix Final,,Munich,3000msc-men,final,1
iaaf-grand-prix-final,1999,15th IAAF Grand Prix Final,,Munich,110mh-men,final,1
iaaf-grand-prix-final,1999,15th IAAF Grand Prix Final,,Munich,200m-women,final,1
iaaf-grand-prix-final,1999,15th IAAF Grand Prix Final,,Munich,800m-women,final,1
iaaf-grand-prix-final,1999,15th IAAF Grand Prix Final,,Munich,1500m-women,final,1
iaaf-grand-prix-final,1999,15th IAAF Grand Prix Final,,Munich,3000m-women,final,1
iaaf-grand-prix-final,1999,15th IAAF Grand Prix Final,,Munich,400mh-women,final,1
iaaf-grand-prix-final,2000,16th IAAF Grand Prix Final,,Doha,100m-men,final,1
iaaf-grand-prix-final,2000,16th IAAF Grand Prix Final,,Doha,400m-men,final,1
iaaf-grand-prix-final,2000,16th IAAF Grand Prix Final,,Doha,1500m-men,final,1
iaaf-grand-prix-final,2000,16th IAAF Grand Prix Final,,Doha,3000m-men,final,1
iaaf-grand-prix-final,2000,16th IAAF Grand Prix Final,,Doha,400mh-men,final,1
iaaf-grand-prix-final,2000,16th IAAF Grand Prix Final,,Doha,100m-women,final,1
iaaf-grand-prix-final,2000,16th IAAF Grand Prix Final,,Doha,400m-women,final,1
iaaf-grand-prix-final,2000,16th IAAF Grand Prix Final,,Doha,1500m-women,final,1
iaaf-grand-prix-final,2000,16th IAAF Grand Prix Final,,Doha,3000m-women,final,1
iaaf-grand-prix-final,2000,16th IAAF Grand Prix Final,,Doha,100mh-women,final,1
goodwill-games,1986,1986 Goodwill Games,,Moscow,100m-men,final,2
goodwill-games,1986,1986 Goodwill Games,,Moscow,200m-men,final,2
goodwill-games,1986,1986 Goodwill Games,,Moscow,400m-men,final,3
goodwill-games,1986,1986 Goodwill Games,,Moscow,800m-men,final,2
goodwill-games,1986,1986 Goodwill Games,,Moscow,1500m-men,final,2
goodwill-games,1986,1986 Goodwill Games,,Moscow,5000m-men,final,1
goodwill-games,1986,1986 Goodwill Games,,Moscow,10000m-men,final,1
goodwill-games,1986,1986 Goodwill Games,,Moscow,110mh-men,final,2
goodwill-games,1986,1986 Goodwill Games,,Moscow,400mh-men,final,2
goodwill-games,1986,1986 Goodwill Games,,Moscow,3000msc-men,final,2
goodwill-games,1986,1986 Goodwill Games,,Moscow,100m-women,final,1
goodwill-games,1986,1986 Goodwill Games,,Moscow,200m-women,final,2
goodwill-games,1986,1986 Goodwill Games,,Moscow,800m-women,final,1
goodwill-games,1986,1986 Goodwill Games,,Moscow,1500m-women,final,1
goodwill-games,1986,1986 Goodwill Games,,Moscow,3000m-women,final,1
goodwill-games,1986,1986 Goodwill Games,,Moscow,5000m-women,final,1
goodwill-games,1986,1986 Goodwill Games,,Moscow,400mh-women,final,2
goodwill-games,1986,1986 Goodwill Games,,Moscow,100mh-women,heat,2
goodwill-games,1986,1986 Goodwill Games,,Moscow,100mh-women,final,1
goodwill-games,1990,1990 Goodwill Games,,Seattle,100m-men,final,1
goodwill-games,1990,1990 Goodwill Games,,Seattle,200m-men,final,1
goodwill-games,1990,1990 Goodwill Games,,Seattle,400m-men,final,1
goodwill-games,1990,1990 Goodwill Games,,Seattle,800m-men,final,1
goodwill-games,1990,1990 Goodwill Games,,Seattle,1500m-men,final,1
goodwill-games,1990,1990 Goodwill Games,,Seattle,5000m-men,final,1
goodwill-games,1990,1990 Goodwill Games,,Seattle,10000m-men,final,1
goodwill-games,1990,1990 Goodwill Games,,Seattle,110mh-men,final,1
goodwill-games,1990,1990 Goodwill Games,,Seattle,400mh-men,final,1
goodwill-games,1990,1990 Goodwill Games,,Seattle,3000msc-men,final,1
goodwill-games,1990,1990 Goodwill Games,,Seattle,100m-women,final,1
goodwill-games,1990,1990 Goodwill Games,,Seattle,200m-women,final,1
goodwill-games,1990,1990 Goodwill Games,,Seattle,400m-women,final,1
goodwill-games,1990,1990 Goodwill Games,,Seattle,800m-women,final,1
goodwill-games,1990,1990 Goodwill Games,,Seattle,1500m-women,final,1
goodwill-games,1990,1990 Goodwill Games,,Seattle,3000m-women,final,1
goodwill-games,1990,1990 Goodwill Games,,Seattle,5000m-women,final,1
goodwill-games,1990,1990 Goodwill Games,,Seattle,10000m-women,final,1
goodwill-games,1990,1990 Goodwill Games,,Seattle,100mh-women,final,1
goodwill-games,1990,1990 Goodwill Games,,Seattle,400mh-women,final,1
goodwill-games,1994,1994 Goodwill Games,,Saint Petersburg,100m-men,final,1
goodwill-games,1994,1994 Goodwill Games,,Saint Petersburg,200m-men,final,1
goodwill-games,1994,1994 Goodwill Games,,Saint Petersburg,400m-men,final,1
goodwill-games,1994,1994 Goodwill Games,,Saint Petersburg,800m-men,final,1
goodwill-games,1994,1994 Goodwill Games,,Saint Petersburg,mile-men,final,1
goodwill-games,1994,1994 Goodwill Games,,Saint Petersburg,5000m-men,final,1
goodwill-games,1994,1994 Goodwill Games,,Saint Petersburg,10000m-men,final,1
goodwill-games,1994,1994 Goodwill Games,,Saint Petersburg,110mh-men,final,1
goodwill-games,1994,1994 Goodwill Games,,Saint Petersburg,400mh-men,final,1
goodwill-games,1994,1994 Goodwill Games,,Saint Petersburg,3000msc-men,final,1
goodwill-games,1994,1994 Goodwill Games,,Saint Petersburg,100m-women,final,1
goodwill-games,1994,1994 Goodwill Games,,Saint Petersburg,200m-women,final,1
goodwill-games,1994,1994 Goodwill Games,,Saint Petersburg,400m-women,final,1
goodwill-games,1994,1994 Goodwill Games,,Saint Petersburg,800m-women,final,1
goodwill-games,1994,1994 Goodwill Games,,Saint Petersburg,1500m-women,final,1
goodwill-games,1994,1994 Goodwill Games,,Saint Petersburg,3000m-women,final,1
goodwill-games,1994,1994 Goodwill Games,,Saint Petersburg,5000m-women,final,1
goodwill-games,1994,1994 Goodwill Games,,Saint Petersburg,10000m-women,final,1
goodwill-games,1994,1994 Goodwill Games,,Saint Petersburg,100mh-women,final,1
goodwill-games,1994,1994 Goodwill Games,,Saint Petersburg,400mh-women,final,1
goodwill-games,1994,1994 Goodwill Games,,Saint Petersburg,2000msc-women,final,1
goodwill-games,1998,1998 Goodwill Games,,Uniondale,100m-men,final,1
goodwill-games,1998,1998 Goodwill Games,,Uniondale,200m-men,final,1
goodwill-games,1998,1998 Goodwill Games,,Uniondale,400m-men,final,1
goodwill-games,1998,1998 Goodwill Games,,Uniondale,800m-men,final,1
goodwill-games,1998,1998 Goodwill Games,,Uniondale,mile-men,final,1
goodwill-games,1998,1998 Goodwill Games,,Uniondale,5000m-men,final,1
goodwill-games,1998,1998 Goodwill Games,,Uniondale,10000m-men,final,1
goodwill-games,1998,1998 Goodwill Games,,Uniondale,110mh-men,final,1
goodwill-games,1998,1998 Goodwill Games,,Uniondale,400mh-men,final,1
goodwill-games,1998,1998 Goodwill Games,,Uniondale,3000msc-men,final,1
goodwill-games,1998,1998 Goodwill Games,,Uniondale,100m-women,final,1
goodwill-games,1998,1998 Goodwill Games,,Uniondale,200m-women,final,1
goodwill-games,1998,1998 Goodwill Games,,Uniondale,400m-women,final,1
goodwill-games,1998,1998 Goodwill Games,,Uniondale,800m-women,final,1
goodwill-games,1998,1998 Goodwill Games,,Uniondale,mile-women,final,1
goodwill-games,1998,1998 Goodwill Games,,Uniondale,5000m-women,final,1
goodwill-games,1998,1998 Goodwill Games,,Uniondale,10000m-women,final,1
goodwill-games,1998,1998 Goodwill Games,,Uniondale,100mh-women,final,1
goodwill-games,1998,1998 Goodwill Games,,Uniondale,400mh-women,final,1
goodwill-games,1998,1998 Goodwill Games,,Uniondale,3000msc-women,final,1
friendship-games-1984,1984,Friendship Games 1984 (Druzhba-84) athletics - men's events,,Moscow,100m-men,final,1
friendship-games-1984,1984,Friendship Games 1984 (Druzhba-84) athletics - men's events,,Moscow,200m-men,final,1
friendship-games-1984,1984,Friendship Games 1984 (Druzhba-84) athletics - men's events,,Moscow,800m-men,final,1
friendship-games-1984,1984,Friendship Games 1984 (Druzhba-84) athletics - men's events,,Moscow,110mh-men,heat,2
friendship-games-1984,1984,Friendship Games 1984 (Druzhba-84) athletics - men's events,,Moscow,110mh-men,final,1
friendship-games-1984,1984,Friendship Games 1984 (Druzhba-84) athletics - men's events,,Moscow,400mh-men,heat,3
friendship-games-1984,1984,Friendship Games 1984 (Druzhba-84) athletics - men's events,,Moscow,400mh-men,final,1
friendship-games-1984,1984,Friendship Games 1984 (Druzhba-84) athletics - men's events,,Moscow,10000m-men,final,1
friendship-games-1984,1984,Friendship Games 1984 (Druzhba-84) athletics - men's events,,Moscow,3000msc-men,final,1
friendship-games-1984,1984,Friendship Games 1984 (Druzhba-84) athletics - women's events,,Prague,100m-women,heat,3
friendship-games-1984,1984,Friendship Games 1984 (Druzhba-84) athletics - women's events,,Prague,100m-women,final,2
friendship-games-1984,1984,Friendship Games 1984 (Druzhba-84) athletics - women's events,,Prague,200m-women,heat,2
friendship-games-1984,1984,Friendship Games 1984 (Druzhba-84) athletics - women's events,,Prague,200m-women,final,2
friendship-games-1984,1984,Friendship Games 1984 (Druzhba-84) athletics - women's events,,Prague,400m-women,heat,2
friendship-games-1984,1984,Friendship Games 1984 (Druzhba-84) athletics - women's events,,Prague,400m-women,final,2
friendship-games-1984,1984,Friendship Games 1984 (Druzhba-84) athletics - women's events,,Prague,100mh-women,heat,2
friendship-games-1984,1984,Friendship Games 1984 (Druzhba-84) athletics - women's events,,Prague,100mh-women,final,2
friendship-games-1984,1984,Friendship Games 1984 (Druzhba-84) athletics - women's events,,Prague,400mh-women,heat,2
friendship-games-1984,1984,Friendship Games 1984 (Druzhba-84) athletics - women's events,,Prague,400mh-women,final,1
friendship-games-1984,1984,Friendship Games 1984 (Druzhba-84) athletics - women's events,,Prague,800m-women,final,2
friendship-games-1984,1984,Friendship Games 1984 (Druzhba-84) athletics - women's events,,Prague,1500m-women,final,1
friendship-games-1984,1984,Friendship Games 1984 (Druzhba-84) athletics - women's events,,Prague,3000m-women,final,1
liberty-bell-classic-1980,1980,Liberty Bell Classic,,Philadelphia,100m-men,final,1
liberty-bell-classic-1980,1980,Liberty Bell Classic,,Philadelphia,200m-men,final,1
liberty-bell-classic-1980,1980,Liberty Bell Classic,,Philadelphia,400m-men,final,1
liberty-bell-classic-1980,1980,Liberty Bell Classic,,Philadelphia,800m-men,final,1
liberty-bell-classic-1980,1980,Liberty Bell Classic,,Philadelphia,1500m-men,final,1
liberty-bell-classic-1980,1980,Liberty Bell Classic,,Philadelphia,5000m-men,final,1
liberty-bell-classic-1980,1980,Liberty Bell Classic,,Philadelphia,110mh-men,final,1
liberty-bell-classic-1980,1980,Liberty Bell Classic,,Philadelphia,400mh-men,final,1
liberty-bell-classic-1980,1980,Liberty Bell Classic,,Philadelphia,100m-women,final,1
liberty-bell-classic-1980,1980,Liberty Bell Classic,,Philadelphia,200m-women,final,1
liberty-bell-classic-1980,1980,Liberty Bell Classic,,Philadelphia,400m-women,final,1
liberty-bell-classic-1980,1980,Liberty Bell Classic,,Philadelphia,800m-women,final,1
liberty-bell-classic-1980,1980,Liberty Bell Classic,,Philadelphia,1500m-women,final,1
liberty-bell-classic-1980,1980,Liberty Bell Classic,,Philadelphia,100mh-women,final,1
commonwealth-games,1930,1930 British Empire Games,,Hamilton,100y-men,heat,3
commonwealth-games,1930,1930 British Empire Games,,Hamilton,100y-men,final,1
commonwealth-games,1930,1930 British Empire Games,,Hamilton,120yh-men,heat,2
commonwealth-games,1930,1930 British Empire Games,,Hamilton,120yh-men,final,1
commonwealth-games,1930,1930 British Empire Games,,Hamilton,2-milessc-men,final,1
commonwealth-games,1930,1930 British Empire Games,,Hamilton,220y-men,heat,3
commonwealth-games,1930,1930 British Empire Games,,Hamilton,220y-men,final,1
commonwealth-games,1930,1930 British Empire Games,,Hamilton,3-miles-men,final,1
commonwealth-games,1930,1930 British Empire Games,,Hamilton,440y-men,heat,3
commonwealth-games,1930,1930 British Empire Games,,Hamilton,440y-men,final,1
commonwealth-games,1930,1930 British Empire Games,,Hamilton,440yh-men,heat,2
commonwealth-games,1930,1930 British Empire Games,,Hamilton,440yh-men,final,1
commonwealth-games,1930,1930 British Empire Games,,Hamilton,6-miles-men,final,1
commonwealth-games,1930,1930 British Empire Games,,Hamilton,880y-men,heat,2
commonwealth-games,1930,1930 British Empire Games,,Hamilton,880y-men,final,1
commonwealth-games,1930,1930 British Empire Games,,Hamilton,mile-men,final,1
commonwealth-games,1934,1934 British Empire Games,,London,100y-men,heat,6
commonwealth-games,1934,1934 British Empire Games,,London,100y-men,semi-final,2
commonwealth-games,1934,1934 British Empire Games,,London,100y-men,final,1
commonwealth-games,1934,1934 British Empire Games,,London,100y-women,heat,3
commonwealth-games,1934,1934 British Empire Games,,London,100y-women,final,1
commonwealth-games,1934,1934 British Empire Games,,London,120yh-men,heat,3
commonwealth-games,1934,1934 British Empire Games,,London,120yh-men,final,1
commonwealth-games,1934,1934 British Empire Games,,London,2-milessc-men,final,1
commonwealth-games,1934,1934 British Empire Games,,London,220y-men,heat,6
commonwealth-games,1934,1934 British Empire Games,,London,220y-men,semi-final,2
commonwealth-games,1934,1934 British Empire Games,,London,220y-men,final,1
commonwealth-games,1934,1934 British Empire Games,,London,220y-women,heat,3
commonwealth-games,1934,1934 British Empire Games,,London,220y-women,final,1
commonwealth-games,1934,1934 British Empire Games,,London,3-miles-men,final,1
commonwealth-games,1934,1934 British Empire Games,,London,440y-men,heat,5
commonwealth-games,1934,1934 British Empire Games,,London,440y-men,semi-final,2
commonwealth-games,1934,1934 British Empire Games,,London,440y-men,final,1
commonwealth-games,1934,1934 British Empire Games,,London,440yh-men,final,1
commonwealth-games,1934,1934 British Empire Games,,London,6-miles-men,final,1
commonwealth-games,1934,1934 British Empire Games,,London,80mh-women,heat,2
commonwealth-games,1934,1934 British Empire Games,,London,80mh-women,final,1
commonwealth-games,1934,1934 British Empire Games,,London,880y-men,heat,3
commonwealth-games,1934,1934 British Empire Games,,London,880y-men,final,1
commonwealth-games,1934,1934 British Empire Games,,London,880y-women,final,1
commonwealth-games,1934,1934 British Empire Games,,London,mile-men,heat,2
commonwealth-games,1934,1934 British Empire Games,,London,mile-men,final,1
commonwealth-games,1938,1938 British Empire Games,,Sydney,100y-men,heat,4
commonwealth-games,1938,1938 British Empire Games,,Sydney,100y-men,semi-final,2
commonwealth-games,1938,1938 British Empire Games,,Sydney,100y-men,final,1
commonwealth-games,1938,1938 British Empire Games,,Sydney,100y-women,heat,4
commonwealth-games,1938,1938 British Empire Games,,Sydney,100y-women,semi-final,2
commonwealth-games,1938,1938 British Empire Games,,Sydney,100y-women,final,1
commonwealth-games,1938,1938 British Empire Games,,Sydney,120yh-men,heat,2
commonwealth-games,1938,1938 British Empire Games,,Sydney,120yh-men,final,1
commonwealth-games,1938,1938 British Empire Games,,Sydney,220y-men,heat,4
commonwealth-games,1938,1938 British Empire Games,,Sydney,220y-men,semi-final,2
commonwealth-games,1938,1938 British Empire Games,,Sydney,220y-men,final,1
commonwealth-games,1938,1938 British Empire Games,,Sydney,220y-women,heat,4
commonwealth-games,1938,1938 British Empire Games,,Sydney,220y-women,semi-final,2
commonwealth-games,1938,1938 British Empire Games,,Sydney,220y-women,final,1
commonwealth-games,1938,1938 British Empire Games,,Sydney,220yh-men,heat,2
commonwealth-games,1938,1938 British Empire Games,,Sydney,220yh-men,final,1
commonwealth-games,1938,1938 British Empire Games,,Sydney,3-miles-men,final,1
commonwealth-games,1938,1938 British Empire Games,,Sydney,440y-men,heat,3
commonwealth-games,1938,1938 British Empire Games,,Sydney,440y-men,final,1
commonwealth-games,1938,1938 British Empire Games,,Sydney,440yh-men,final,1
commonwealth-games,1938,1938 British Empire Games,,Sydney,6-miles-men,final,1
commonwealth-games,1938,1938 British Empire Games,,Sydney,80mh-women,heat,2
commonwealth-games,1938,1938 British Empire Games,,Sydney,80mh-women,final,1
commonwealth-games,1938,1938 British Empire Games,,Sydney,880y-men,heat,2
commonwealth-games,1938,1938 British Empire Games,,Sydney,880y-men,final,1
commonwealth-games,1938,1938 British Empire Games,,Sydney,mile-men,heat,2
commonwealth-games,1938,1938 British Empire Games,,Sydney,mile-men,final,1
commonwealth-games,1950,1950 British Empire Games,,Auckland,100y-men,heat,4
commonwealth-games,1950,1950 British Empire Games,,Auckland,100y-men,semi-final,2
commonwealth-games,1950,1950 British Empire Games,,Auckland,100y-men,final,1
commonwealth-games,1950,1950 British Empire Games,,Auckland,100y-women,heat,3
commonwealth-games,1950,1950 British Empire Games,,Auckland,100y-women,semi-final,2
commonwealth-games,1950,1950 British Empire Games,,Auckland,100y-women,final,1
commonwealth-games,1950,1950 British Empire Games,,Auckland,120yh-men,heat,2
commonwealth-games,1950,1950 British Empire Games,,Auckland,120yh-men,final,1
commonwealth-games,1950,1950 British Empire Games,,Auckland,220y-men,heat,4
commonwealth-games,1950,1950 British Empire Games,,Auckland,220y-men,semi-final,2
commonwealth-games,1950,1950 British Empire Games,,Auckland,220y-men,final,1
commonwealth-games,1950,1950 British Empire Games,,Auckland,220y-women,heat,3
commonwealth-games,1950,1950 British Empire Games,,Auckland,220y-women,semi-final,2
commonwealth-games,1950,1950 British Empire Games,,Auckland,220y-women,final,1
commonwealth-games,1950,1950 British Empire Games,,Auckland,3-miles-men,final,1
commonwealth-games,1950,1950 British Empire Games,,Auckland,440y-men,heat,3
commonwealth-games,1950,1950 British Empire Games,,Auckland,440y-men,semi-final,2
commonwealth-games,1950,1950 British Empire Games,,Auckland,440y-men,final,1
commonwealth-games,1950,1950 British Empire Games,,Auckland,440yh-men,heat,3
commonwealth-games,1950,1950 British Empire Games,,Auckland,440yh-men,semi-final,2
commonwealth-games,1950,1950 British Empire Games,,Auckland,440yh-men,final,1
commonwealth-games,1950,1950 British Empire Games,,Auckland,6-miles-men,final,1
commonwealth-games,1950,1950 British Empire Games,,Auckland,80mh-women,heat,2
commonwealth-games,1950,1950 British Empire Games,,Auckland,80mh-women,final,1
commonwealth-games,1950,1950 British Empire Games,,Auckland,880y-men,heat,2
commonwealth-games,1950,1950 British Empire Games,,Auckland,880y-men,final,1
commonwealth-games,1950,1950 British Empire Games,,Auckland,mile-men,heat,2
commonwealth-games,1950,1950 British Empire Games,,Auckland,mile-men,final,1
commonwealth-games,1954,1954 British Empire and Commonwealth Games,,Vancouver,100y-men,heat,4
commonwealth-games,1954,1954 British Empire and Commonwealth Games,,Vancouver,100y-men,semi-final,2
commonwealth-games,1954,1954 British Empire and Commonwealth Games,,Vancouver,100y-men,final,1
commonwealth-games,1954,1954 British Empire and Commonwealth Games,,Vancouver,100y-women,heat,2
commonwealth-games,1954,1954 British Empire and Commonwealth Games,,Vancouver,100y-women,final,1
commonwealth-games,1954,1954 British Empire and Commonwealth Games,,Vancouver,120yh-men,heat,2
commonwealth-games,1954,1954 British Empire and Commonwealth Games,,Vancouver,120yh-men,final,1
commonwealth-games,1954,1954 British Empire and Commonwealth Games,,Vancouver,220y-men,heat,6
commonwealth-games,1954,1954 British Empire and Commonwealth Games,,Vancouver,220y-men,semi-final,2
commonwealth-games,1954,1954 British Empire and Commonwealth Games,,Vancouver,220y-men,final,1
commonwealth-games,1954,1954 British Empire and Commonwealth Games,,Vancouver,220y-women,heat,3
commonwealth-games,1954,1954 British Empire and Commonwealth Games,,Vancouver,220y-women,final,1
commonwealth-games,1954,1954 British Empire and Commonwealth Games,,Vancouver,3-miles-men,final,1
commonwealth-games,1954,1954 British Empire and Commonwealth Games,,Vancouver,440y-men,heat,6
commonwealth-games,1954,1954 British Empire and Commonwealth Games,,Vancouver,440y-men,semi-final,2
commonwealth-games,1954,1954 British Empire and Commonwealth Games,,Vancouver,440y-men,final,1
commonwealth-games,1954,1954 British Empire and Commonwealth Games,,Vancouver,440yh-men,heat,2
commonwealth-games,1954,1954 British Empire and Commonwealth Games,,Vancouver,440yh-men,final,1
commonwealth-games,1954,1954 British Empire and Commonwealth Games,,Vancouver,6-miles-men,final,1
commonwealth-games,1954,1954 British Empire and Commonwealth Games,,Vancouver,80mh-women,heat,2
commonwealth-games,1954,1954 British Empire and Commonwealth Games,,Vancouver,80mh-women,final,1
commonwealth-games,1954,1954 British Empire and Commonwealth Games,,Vancouver,880y-men,heat,3
commonwealth-games,1954,1954 British Empire and Commonwealth Games,,Vancouver,880y-men,final,1
commonwealth-games,1954,1954 British Empire and Commonwealth Games,,Vancouver,mile-men,heat,2
commonwealth-games,1954,1954 British Empire and Commonwealth Games,,Vancouver,mile-men,final,1
commonwealth-games,1958,1958 British Empire and Commonwealth Games,,Cardiff,100y-men,heat,12
commonwealth-games,1958,1958 British Empire and Commonwealth Games,,Cardiff,100y-men,quarter-final,6
commonwealth-games,1958,1958 British Empire and Commonwealth Games,,Cardiff,100y-men,semi-final,2
commonwealth-games,1958,1958 British Empire and Commonwealth Games,,Cardiff,100y-men,final,1
commonwealth-games,1958,1958 British Empire and Commonwealth Games,,Cardiff,100y-women,heat,6
commonwealth-games,1958,1958 British Empire and Commonwealth Games,,Cardiff,100y-women,semi-final,2
commonwealth-games,1958,1958 British Empire and Commonwealth Games,,Cardiff,100y-women,final,1
commonwealth-games,1958,1958 British Empire and Commonwealth Games,,Cardiff,120yh-men,heat,4
commonwealth-games,1958,1958 British Empire and Commonwealth Games,,Cardiff,120yh-men,semi-final,2
commonwealth-games,1958,1958 British Empire and Commonwealth Games,,Cardiff,120yh-men,final,1
commonwealth-games,1958,1958 British Empire and Commonwealth Games,,Cardiff,220y-men,heat,9
commonwealth-games,1958,1958 British Empire and Commonwealth Games,,Cardiff,220y-men,quarter-final,6
commonwealth-games,1958,1958 British Empire and Commonwealth Games,,Cardiff,220y-men,semi-final,2
commonwealth-games,1958,1958 British Empire and Commonwealth Games,,Cardiff,220y-men,final,1
commonwealth-games,1958,1958 British Empire and Commonwealth Games,,Cardiff,220y-women,heat,6
commonwealth-games,1958,1958 British Empire and Commonwealth Games,,Cardiff,220y-women,semi-final,2
commonwealth-games,1958,1958 British Empire and Commonwealth Games,,Cardiff,220y-women,final,1
commonwealth-games,1958,1958 British Empire and Commonwealth Games,,Cardiff,3-miles-men,final,1
commonwealth-games,1958,1958 British Empire and Commonwealth Games,,Cardiff,440y-men,heat,8
commonwealth-games,1958,1958 British Empire and Commonwealth Games,,Cardiff,440y-men,quarter-final,4
commonwealth-games,1958,1958 British Empire and Commonwealth Games,,Cardiff,440y-men,semi-final,2
commonwealth-games,1958,1958 British Empire and Commonwealth Games,,Cardiff,440y-men,final,1
commonwealth-games,1958,1958 British Empire and Commonwealth Games,,Cardiff,440yh-men,heat,3
commonwealth-games,1958,1958 British Empire and Commonwealth Games,,Cardiff,440yh-men,semi-final,2
commonwealth-games,1958,1958 British Empire and Commonwealth Games,,Cardiff,440yh-men,final,1
commonwealth-games,1958,1958 British Empire and Commonwealth Games,,Cardiff,6-miles-men,final,1
commonwealth-games,1958,1958 British Empire and Commonwealth Games,,Cardiff,80mh-women,heat,3
commonwealth-games,1958,1958 British Empire and Commonwealth Games,,Cardiff,80mh-women,final,1
commonwealth-games,1958,1958 British Empire and Commonwealth Games,,Cardiff,880y-men,heat,4
commonwealth-games,1958,1958 British Empire and Commonwealth Games,,Cardiff,880y-men,final,1
commonwealth-games,1958,1958 British Empire and Commonwealth Games,,Cardiff,mile-men,heat,3
commonwealth-games,1958,1958 British Empire and Commonwealth Games,,Cardiff,mile-men,final,1
commonwealth-games,1962,1962 British Empire and Commonwealth Games,,Perth,100y-men,heat,9
commonwealth-games,1962,1962 British Empire and Commonwealth Games,,Perth,100y-men,quarter-final,6
commonwealth-games,1962,1962 British Empire and Commonwealth Games,,Perth,100y-men,semi-final,2
commonwealth-games,1962,1962 British Empire and Commonwealth Games,,Perth,100y-men,final,1
commonwealth-games,1962,1962 British Empire and Commonwealth Games,,Perth,100y-women,heat,4
commonwealth-games,1962,1962 British Empire and Commonwealth Games,,Perth,100y-women,semi-final,2
commonwealth-games,1962,1962 British Empire and Commonwealth Games,,Perth,100y-women,final,1
commonwealth-games,1962,1962 British Empire and Commonwealth Games,,Perth,120yh-men,heat,3
commonwealth-games,1962,1962 British Empire and Commonwealth Games,,Perth,120yh-men,final,1
commonwealth-games,1962,1962 British Empire and Commonwealth Games,,Perth,220y-men,heat,6
commonwealth-games,1962,1962 British Empire and Commonwealth Games,,Perth,220y-men,quarter-final,4
commonwealth-games,1962,1962 British Empire and Commonwealth Games,,Perth,220y-men,semi-final,2
commonwealth-games,1962,1962 British Empire and Commonwealth Games,,Perth,220y-men,final,1
commonwealth-games,1962,1962 British Empire and Commonwealth Games,,Perth,220y-women,heat,4
commonwealth-games,1962,1962 British Empire and Commonwealth Games,,Perth,220y-women,semi-final,2
commonwealth-games,1962,1962 British Empire and Commonwealth Games,,Perth,220y-women,final,1
commonwealth-games,1962,1962 British Empire and Commonwealth Games,,Perth,3-miles-men,final,1
commonwealth-games,1962,1962 British Empire and Commonwealth Games,,Perth,3000msc-men,final,1
commonwealth-games,1962,1962 British Empire and Commonwealth Games,,Perth,440y-men,heat,6
commonwealth-games,1962,1962 British Empire and Commonwealth Games,,Perth,440y-men,semi-final,2
commonwealth-games,1962,1962 British Empire and Commonwealth Games,,Perth,440y-men,final,1
commonwealth-games,1962,1962 British Empire and Commonwealth Games,,Perth,440yh-men,heat,2
commonwealth-games,1962,1962 British Empire and Commonwealth Games,,Perth,440yh-men,final,1
commonwealth-games,1962,1962 British Empire and Commonwealth Games,,Perth,6-miles-men,final,1
commonwealth-games,1962,1962 British Empire and Commonwealth Games,,Perth,80mh-women,heat,2
commonwealth-games,1962,1962 British Empire and Commonwealth Games,,Perth,80mh-women,final,1
commonwealth-games,1962,1962 British Empire and Commonwealth Games,,Perth,880y-men,heat,6
commonwealth-games,1962,1962 British Empire and Commonwealth Games,,Perth,880y-men,semi-final,2
commonwealth-games,1962,1962 British Empire and Commonwealth Games,,Perth,880y-men,final,1
commonwealth-games,1962,1962 British Empire and Commonwealth Games,,Perth,880y-women,final,1
commonwealth-games,1962,1962 British Empire and Commonwealth Games,,Perth,mile-men,heat,3
commonwealth-games,1962,1962 British Empire and Commonwealth Games,,Perth,mile-men,final,1
commonwealth-games,1966,1966 British Empire and Commonwealth Games,,Kingston,100y-men,heat,8
commonwealth-games,1966,1966 British Empire and Commonwealth Games,,Kingston,100y-men,quarter-final,4
commonwealth-games,1966,1966 British Empire and Commonwealth Games,,Kingston,100y-men,semi-final,2
commonwealth-games,1966,1966 British Empire and Commonwealth Games,,Kingston,100y-men,final,1
commonwealth-games,1966,1966 British Empire and Commonwealth Games,,Kingston,100y-women,heat,5
commonwealth-games,1966,1966 British Empire and Commonwealth Games,,Kingston,100y-women,semi-final,2
commonwealth-games,1966,1966 British Empire and Commonwealth Games,,Kingston,100y-women,final,1
commonwealth-games,1966,1966 British Empire and Commonwealth Games,,Kingston,120yh-men,heat,3
commonwealth-games,1966,1966 British Empire and Commonwealth Games,,Kingston,120yh-men,final,1
commonwealth-games,1966,1966 British Empire and Commonwealth Games,,Kingston,220y-men,heat,8
commonwealth-games,1966,1966 British Empire and Commonwealth Games,,Kingston,220y-men,quarter-final,4
commonwealth-games,1966,1966 British Empire and Commonwealth Games,,Kingston,220y-men,semi-final,2
commonwealth-games,1966,1966 British Empire and Commonwealth Games,,Kingston,220y-men,final,1
commonwealth-games,1966,1966 British Empire and Commonwealth Games,,Kingston,220y-women,heat,5
commonwealth-games,1966,1966 British Empire and Commonwealth Games,,Kingston,220y-women,semi-final,2
commonwealth-games,1966,1966 British Empire and Commonwealth Games,,Kingston,220y-women,final,1
commonwealth-games,1966,1966 British Empire and Commonwealth Games,,Kingston,3-miles-men,final,1
commonwealth-games,1966,1966 British Empire and Commonwealth Games,,Kingston,3000msc-men,final,1
commonwealth-games,1966,1966 British Empire and Commonwealth Games,,Kingston,440y-men,heat,7
commonwealth-games,1966,1966 British Empire and Commonwealth Games,,Kingston,440y-men,semi-final,2
commonwealth-games,1966,1966 British Empire and Commonwealth Games,,Kingston,440y-men,final,1
commonwealth-games,1966,1966 British Empire and Commonwealth Games,,Kingston,440y-women,heat,3
commonwealth-games,1966,1966 British Empire and Commonwealth Games,,Kingston,440y-women,final,1
commonwealth-games,1966,1966 British Empire and Commonwealth Games,,Kingston,440yh-men,heat,2
commonwealth-games,1966,1966 British Empire and Commonwealth Games,,Kingston,440yh-men,final,1
commonwealth-games,1966,1966 British Empire and Commonwealth Games,,Kingston,6-miles-men,final,1
commonwealth-games,1966,1966 British Empire and Commonwealth Games,,Kingston,80mh-women,heat,2
commonwealth-games,1966,1966 British Empire and Commonwealth Games,,Kingston,80mh-women,final,1
commonwealth-games,1966,1966 British Empire and Commonwealth Games,,Kingston,880y-men,heat,5
commonwealth-games,1966,1966 British Empire and Commonwealth Games,,Kingston,880y-men,semi-final,2
commonwealth-games,1966,1966 British Empire and Commonwealth Games,,Kingston,880y-men,final,1
commonwealth-games,1966,1966 British Empire and Commonwealth Games,,Kingston,880y-women,heat,2
commonwealth-games,1966,1966 British Empire and Commonwealth Games,,Kingston,880y-women,final,1
commonwealth-games,1966,1966 British Empire and Commonwealth Games,,Kingston,mile-men,heat,3
commonwealth-games,1966,1966 British Empire and Commonwealth Games,,Kingston,mile-men,final,1
commonwealth-games,1970,1970 British Commonwealth Games,,Edinburgh,10000m-men,final,1
commonwealth-games,1970,1970 British Commonwealth Games,,Edinburgh,100m-men,heat,8
commonwealth-games,1970,1970 British Commonwealth Games,,Edinburgh,100m-men,quarter-final,4
commonwealth-games,1970,1970 British Commonwealth Games,,Edinburgh,100m-men,semi-final,2
commonwealth-games,1970,1970 British Commonwealth Games,,Edinburgh,100m-men,final,1
commonwealth-games,1970,1970 British Commonwealth Games,,Edinburgh,100m-women,heat,5
commonwealth-games,1970,1970 British Commonwealth Games,,Edinburgh,100m-women,semi-final,2
commonwealth-games,1970,1970 British Commonwealth Games,,Edinburgh,100m-women,final,1
commonwealth-games,1970,1970 British Commonwealth Games,,Edinburgh,100mh-women,heat,2
commonwealth-games,1970,1970 British Commonwealth Games,,Edinburgh,100mh-women,final,1
commonwealth-games,1970,1970 British Commonwealth Games,,Edinburgh,110mh-men,heat,3
commonwealth-games,1970,1970 British Commonwealth Games,,Edinburgh,110mh-men,semi-final,2
commonwealth-games,1970,1970 British Commonwealth Games,,Edinburgh,110mh-men,final,1
commonwealth-games,1970,1970 British Commonwealth Games,,Edinburgh,1500m-men,heat,3
commonwealth-games,1970,1970 British Commonwealth Games,,Edinburgh,1500m-men,final,1
commonwealth-games,1970,1970 British Commonwealth Games,,Edinburgh,1500m-women,final,1
commonwealth-games,1970,1970 British Commonwealth Games,,Edinburgh,200m-men,heat,8
commonwealth-games,1970,1970 British Commonwealth Games,,Edinburgh,200m-men,quarter-final,4
commonwealth-games,1970,1970 British Commonwealth Games,,Edinburgh,200m-men,semi-final,2
commonwealth-games,1970,1970 British Commonwealth Games,,Edinburgh,200m-men,final,1
commonwealth-games,1970,1970 British Commonwealth Games,,Edinburgh,200m-women,heat,5
commonwealth-games,1970,1970 British Commonwealth Games,,Edinburgh,200m-women,semi-final,2
commonwealth-games,1970,1970 British Commonwealth Games,,Edinburgh,200m-women,final,1
commonwealth-games,1970,1970 British Commonwealth Games,,Edinburgh,3000msc-men,heat,2
commonwealth-games,1970,1970 British Commonwealth Games,,Edinburgh,3000msc-men,final,1
commonwealth-games,1970,1970 British Commonwealth Games,,Edinburgh,400m-men,heat,7
commonwealth-games,1970,1970 British Commonwealth Games,,Edinburgh,400m-men,quarter-final,4
commonwealth-games,1970,1970 British Commonwealth Games,,Edinburgh,400m-men,semi-final,2
commonwealth-games,1970,1970 British Commonwealth Games,,Edinburgh,400m-men,final,1
commonwealth-games,1970,1970 British Commonwealth Games,,Edinburgh,400m-women,heat,2
commonwealth-games,1970,1970 British Commonwealth Games,,Edinburgh,400m-women,final,1
commonwealth-games,1970,1970 British Commonwealth Games,,Edinburgh,400mh-men,heat,3
commonwealth-games,1970,1970 British Commonwealth Games,,Edinburgh,400mh-men,semi-final,2
commonwealth-games,1970,1970 British Commonwealth Games,,Edinburgh,400mh-men,final,1
commonwealth-games,1970,1970 British Commonwealth Games,,Edinburgh,5000m-men,heat,2
commonwealth-games,1970,1970 British Commonwealth Games,,Edinburgh,5000m-men,final,1
commonwealth-games,1970,1970 British Commonwealth Games,,Edinburgh,800m-men,heat,4
commonwealth-games,1970,1970 British Commonwealth Games,,Edinburgh,800m-men,semi-final,2
commonwealth-games,1970,1970 British Commonwealth Games,,Edinburgh,800m-men,final,1
commonwealth-games,1970,1970 British Commonwealth Games,,Edinburgh,800m-women,heat,2
commonwealth-games,1970,1970 British Commonwealth Games,,Edinburgh,800m-women,final,1
commonwealth-games,1974,1974 British Commonwealth Games,,Christchurch,10000m-men,final,1
commonwealth-games,1974,1974 British Commonwealth Games,,Christchurch,100m-men,heat,5
commonwealth-games,1974,1974 British Commonwealth Games,,Christchurch,100m-men,semi-final,2
commonwealth-games,1974,1974 British Commonwealth Games,,Christchurch,100m-men,final,1
commonwealth-games,1974,1974 British Commonwealth Games,,Christchurch,100m-women,heat,5
commonwealth-games,1974,1974 British Commonwealth Games,,Christchurch,100m-women,semi-final,2
commonwealth-games,1974,1974 British Commonwealth Games,,Christchurch,100m-women,final,1
commonwealth-games,1974,1974 British Commonwealth Games,,Christchurch,100mh-women,heat,3
commonwealth-games,1974,1974 British Commonwealth Games,,Christchurch,100mh-women,semi-final,2
commonwealth-games,1974,1974 British Commonwealth Games,,Christchurch,100mh-women,final,1
commonwealth-games,1974,1974 British Commonwealth Games,,Christchurch,110mh-men,heat,2
commonwealth-games,1974,1974 British Commonwealth Games,,Christchurch,110mh-men,final,1
commonwealth-games,1974,1974 British Commonwealth Games,,Christchurch,1500m-men,heat,3
commonwealth-games,1974,1974 British Commonwealth Games,,Christchurch,1500m-men,final,1
commonwealth-games,1974,1974 British Commonwealth Games,,Christchurch,1500m-women,heat,3
commonwealth-games,1974,1974 British Commonwealth Games,,Christchurch,1500m-women,final,1
commonwealth-games,1974,1974 British Commonwealth Games,,Christchurch,200m-men,heat,5
commonwealth-games,1974,1974 British Commonwealth Games,,Christchurch,200m-men,semi-final,2
commonwealth-games,1974,1974 British Commonwealth Games,,Christchurch,200m-men,final,1
commonwealth-games,1974,1974 British Commonwealth Games,,Christchurch,200m-women,heat,5
commonwealth-games,1974,1974 British Commonwealth Games,,Christchurch,200m-women,semi-final,2
commonwealth-games,1974,1974 British Commonwealth Games,,Christchurch,200m-women,final,1
commonwealth-games,1974,1974 British Commonwealth Games,,Christchurch,3000msc-men,final,1
commonwealth-games,1974,1974 British Commonwealth Games,,Christchurch,400m-men,heat,5
commonwealth-games,1974,1974 British Commonwealth Games,,Christchurch,400m-men,semi-final,2
commonwealth-games,1974,1974 British Commonwealth Games,,Christchurch,400m-men,final,1
commonwealth-games,1974,1974 British Commonwealth Games,,Christchurch,400m-women,heat,4
commonwealth-games,1974,1974 British Commonwealth Games,,Christchurch,400m-women,semi-final,2
commonwealth-games,1974,1974 British Commonwealth Games,,Christchurch,400m-women,final,1
commonwealth-games,1974,1974 British Commonwealth Games,,Christchurch,400mh-men,heat,3
commonwealth-games,1974,1974 British Commonwealth Games,,Christchurch,400mh-men,semi-final,2
commonwealth-games,1974,1974 British Commonwealth Games,,Christchurch,400mh-men,final,1
commonwealth-games,1974,1974 British Commonwealth Games,,Christchurch,5000m-men,heat,2
commonwealth-games,1974,1974 British Commonwealth Games,,Christchurch,5000m-men,final,1
commonwealth-games,1974,1974 British Commonwealth Games,,Christchurch,800m-men,heat,4
commonwealth-games,1974,1974 British Commonwealth Games,,Christchurch,800m-men,semi-final,2
commonwealth-games,1974,1974 British Commonwealth Games,,Christchurch,800m-men,final,1
commonwealth-games,1974,1974 British Commonwealth Games,,Christchurch,800m-women,heat,3
commonwealth-games,1974,1974 British Commonwealth Games,,Christchurch,800m-women,semi-final,2
commonwealth-games,1974,1974 British Commonwealth Games,,Christchurch,800m-women,final,1
commonwealth-games,1978,1978 Commonwealth Games,,Edmonton,10000m-men,final,1
commonwealth-games,1978,1978 Commonwealth Games,,Edmonton,100m-men,heat,6
commonwealth-games,1978,1978 Commonwealth Games,,Edmonton,100m-men,quarter-final,4
commonwealth-games,1978,1978 Commonwealth Games,,Edmonton,100m-men,semi-final,2
commonwealth-games,1978,1978 Commonwealth Games,,Edmonton,100m-men,final,1
commonwealth-games,1978,1978 Commonwealth Games,,Edmonton,100m-women,heat,5
commonwealth-games,1978,1978 Commonwealth Games,,Edmonton,100m-women,semi-final,2
commonwealth-games,1978,1978 Commonwealth Games,,Edmonton,100m-women,final,1
commonwealth-games,1978,1978 Commonwealth Games,,Edmonton,100mh-women,heat,2
commonwealth-games,1978,1978 Commonwealth Games,,Edmonton,100mh-women,final,1
commonwealth-games,1978,1978 Commonwealth Games,,Edmonton,110mh-men,heat,2
commonwealth-games,1978,1978 Commonwealth Games,,Edmonton,110mh-men,final,1
commonwealth-games,1978,1978 Commonwealth Games,,Edmonton,1500m-men,heat,2
commonwealth-games,1978,1978 Commonwealth Games,,Edmonton,1500m-men,final,1
commonwealth-games,1978,1978 Commonwealth Games,,Edmonton,1500m-women,heat,2
commonwealth-games,1978,1978 Commonwealth Games,,Edmonton,1500m-women,final,1
commonwealth-games,1978,1978 Commonwealth Games,,Edmonton,200m-men,heat,6
commonwealth-games,1978,1978 Commonwealth Games,,Edmonton,200m-men,quarter-final,4
commonwealth-games,1978,1978 Commonwealth Games,,Edmonton,200m-men,semi-final,2
commonwealth-games,1978,1978 Commonwealth Games,,Edmonton,200m-men,final,1
commonwealth-games,1978,1978 Commonwealth Games,,Edmonton,200m-women,heat,5
commonwealth-games,1978,1978 Commonwealth Games,,Edmonton,200m-women,semi-final,2
commonwealth-games,1978,1978 Commonwealth Games,,Edmonton,200m-women,final,1
commonwealth-games,1978,1978 Commonwealth Games,,Edmonton,3000m-women,final,1
commonwealth-games,1978,1978 Commonwealth Games,,Edmonton,3000msc-men,heat,2
commonwealth-games,1978,1978 Commonwealth Games,,Edmonton,3000msc-men,final,1
commonwealth-games,1978,1978 Commonwealth Games,,Edmonton,400m-men,heat,6
commonwealth-games,1978,1978 Commonwealth Games,,Edmonton,400m-men,quarter-final,4
commonwealth-games,1978,1978 Commonwealth Games,,Edmonton,400m-men,semi-final,2
commonwealth-games,1978,1978 Commonwealth Games,,Edmonton,400m-men,final,1
commonwealth-games,1978,1978 Commonwealth Games,,Edmonton,400m-women,heat,3
commonwealth-games,1978,1978 Commonwealth Games,,Edmonton,400m-women,semi-final,2
commonwealth-games,1978,1978 Commonwealth Games,,Edmonton,400m-women,final,1
commonwealth-games,1978,1978 Commonwealth Games,,Edmonton,400mh-men,heat,3
commonwealth-games,1978,1978 Commonwealth Games,,Edmonton,400mh-men,semi-final,2
commonwealth-games,1978,1978 Commonwealth Games,,Edmonton,400mh-men,final,1
commonwealth-games,1978,1978 Commonwealth Games,,Edmonton,5000m-men,heat,2
commonwealth-games,1978,1978 Commonwealth Games,,Edmonton,5000m-men,final,1
commonwealth-games,1978,1978 Commonwealth Games,,Edmonton,800m-men,heat,4
commonwealth-games,1978,1978 Commonwealth Games,,Edmonton,800m-men,semi-final,2
commonwealth-games,1978,1978 Commonwealth Games,,Edmonton,800m-men,final,1
commonwealth-games,1978,1978 Commonwealth Games,,Edmonton,800m-women,heat,3
commonwealth-games,1978,1978 Commonwealth Games,,Edmonton,800m-women,semi-final,2
commonwealth-games,1978,1978 Commonwealth Games,,Edmonton,800m-women,final,1
commonwealth-games,1982,1982 Commonwealth Games,,Brisbane,10000m-men,final,1
commonwealth-games,1982,1982 Commonwealth Games,,Brisbane,100m-men,heat,5
commonwealth-games,1982,1982 Commonwealth Games,,Brisbane,100m-men,quarter-final,4
commonwealth-games,1982,1982 Commonwealth Games,,Brisbane,100m-men,semi-final,2
commonwealth-games,1982,1982 Commonwealth Games,,Brisbane,100m-men,final,1
commonwealth-games,1982,1982 Commonwealth Games,,Brisbane,100m-women,heat,4
commonwealth-games,1982,1982 Commonwealth Games,,Brisbane,100m-women,semi-final,2
commonwealth-games,1982,1982 Commonwealth Games,,Brisbane,100m-women,final,1
commonwealth-games,1982,1982 Commonwealth Games,,Brisbane,100mh-women,heat,2
commonwealth-games,1982,1982 Commonwealth Games,,Brisbane,100mh-women,final,1
commonwealth-games,1982,1982 Commonwealth Games,,Brisbane,110mh-men,heat,2
commonwealth-games,1982,1982 Commonwealth Games,,Brisbane,110mh-men,final,1
commonwealth-games,1982,1982 Commonwealth Games,,Brisbane,1500m-men,heat,3
commonwealth-games,1982,1982 Commonwealth Games,,Brisbane,1500m-men,final,1
commonwealth-games,1982,1982 Commonwealth Games,,Brisbane,1500m-women,heat,2
commonwealth-games,1982,1982 Commonwealth Games,,Brisbane,1500m-women,final,1
commonwealth-games,1982,1982 Commonwealth Games,,Brisbane,200m-men,heat,6
commonwealth-games,1982,1982 Commonwealth Games,,Brisbane,200m-men,quarter-final,4
commonwealth-games,1982,1982 Commonwealth Games,,Brisbane,200m-men,semi-final,2
commonwealth-games,1982,1982 Commonwealth Games,,Brisbane,200m-men,final,1
commonwealth-games,1982,1982 Commonwealth Games,,Brisbane,200m-women,heat,4
commonwealth-games,1982,1982 Commonwealth Games,,Brisbane,200m-women,semi-final,2
commonwealth-games,1982,1982 Commonwealth Games,,Brisbane,200m-women,final,1
commonwealth-games,1982,1982 Commonwealth Games,,Brisbane,3000m-women,final,1
commonwealth-games,1982,1982 Commonwealth Games,,Brisbane,3000msc-men,final,1
commonwealth-games,1982,1982 Commonwealth Games,,Brisbane,400m-men,heat,5
commonwealth-games,1982,1982 Commonwealth Games,,Brisbane,400m-men,quarter-final,4
commonwealth-games,1982,1982 Commonwealth Games,,Brisbane,400m-men,semi-final,2
commonwealth-games,1982,1982 Commonwealth Games,,Brisbane,400m-men,final,1
commonwealth-games,1982,1982 Commonwealth Games,,Brisbane,400m-women,heat,3
commonwealth-games,1982,1982 Commonwealth Games,,Brisbane,400m-women,semi-final,2
commonwealth-games,1982,1982 Commonwealth Games,,Brisbane,400m-women,final,1
commonwealth-games,1982,1982 Commonwealth Games,,Brisbane,400mh-men,heat,2
commonwealth-games,1982,1982 Commonwealth Games,,Brisbane,400mh-men,final,1
commonwealth-games,1982,1982 Commonwealth Games,,Brisbane,400mh-women,heat,2
commonwealth-games,1982,1982 Commonwealth Games,,Brisbane,400mh-women,final,1
commonwealth-games,1982,1982 Commonwealth Games,,Brisbane,5000m-men,final,1
commonwealth-games,1982,1982 Commonwealth Games,,Brisbane,800m-men,heat,3
commonwealth-games,1982,1982 Commonwealth Games,,Brisbane,800m-men,semi-final,2
commonwealth-games,1982,1982 Commonwealth Games,,Brisbane,800m-men,final,1
commonwealth-games,1982,1982 Commonwealth Games,,Brisbane,800m-women,heat,2
commonwealth-games,1982,1982 Commonwealth Games,,Brisbane,800m-women,final,1
commonwealth-games,1986,1986 Commonwealth Games,,Edinburgh,10000m-men,final,1
commonwealth-games,1986,1986 Commonwealth Games,,Edinburgh,10000m-women,final,1
commonwealth-games,1986,1986 Commonwealth Games,,Edinburgh,100m-men,heat,3
commonwealth-games,1986,1986 Commonwealth Games,,Edinburgh,100m-men,semi-final,2
commonwealth-games,1986,1986 Commonwealth Games,,Edinburgh,100m-men,final,1
commonwealth-games,1986,1986 Commonwealth Games,,Edinburgh,100m-women,heat,2
commonwealth-games,1986,1986 Commonwealth Games,,Edinburgh,100m-women,final,1
commonwealth-games,1986,1986 Commonwealth Games,,Edinburgh,100mh-women,heat,2
commonwealth-games,1986,1986 Commonwealth Games,,Edinburgh,100mh-women,final,1
commonwealth-games,1986,1986 Commonwealth Games,,Edinburgh,110mh-men,heat,2
commonwealth-games,1986,1986 Commonwealth Games,,Edinburgh,110mh-men,final,1
commonwealth-games,1986,1986 Commonwealth Games,,Edinburgh,1500m-men,heat,2
commonwealth-games,1986,1986 Commonwealth Games,,Edinburgh,1500m-men,final,1
commonwealth-games,1986,1986 Commonwealth Games,,Edinburgh,1500m-women,heat,2
commonwealth-games,1986,1986 Commonwealth Games,,Edinburgh,1500m-women,final,1
commonwealth-games,1986,1986 Commonwealth Games,,Edinburgh,200m-men,heat,3
commonwealth-games,1986,1986 Commonwealth Games,,Edinburgh,200m-men,semi-final,2
commonwealth-games,1986,1986 Commonwealth Games,,Edinburgh,200m-men,final,1
commonwealth-games,1986,1986 Commonwealth Games,,Edinburgh,200m-women,heat,2
commonwealth-games,1986,1986 Commonwealth Games,,Edinburgh,200m-women,final,1
commonwealth-games,1986,1986 Commonwealth Games,,Edinburgh,3000m-women,final,1
commonwealth-games,1986,1986 Commonwealth Games,,Edinburgh,3000msc-men,final,1
commonwealth-games,1986,1986 Commonwealth Games,,Edinburgh,400m-men,heat,3
commonwealth-games,1986,1986 Commonwealth Games,,Edinburgh,400m-men,semi-final,2
commonwealth-games,1986,1986 Commonwealth Games,,Edinburgh,400m-men,final,1
commonwealth-games,1986,1986 Commonwealth Games,,Edinburgh,400m-women,heat,2
commonwealth-games,1986,1986 Commonwealth Games,,Edinburgh,400m-women,final,1
commonwealth-games,1986,1986 Commonwealth Games,,Edinburgh,400mh-men,heat,2
commonwealth-games,1986,1986 Commonwealth Games,,Edinburgh,400mh-men,final,1
commonwealth-games,1986,1986 Commonwealth Games,,Edinburgh,400mh-women,heat,2
commonwealth-games,1986,1986 Commonwealth Games,,Edinburgh,400mh-women,final,1
commonwealth-games,1986,1986 Commonwealth Games,,Edinburgh,5000m-men,final,1
commonwealth-games,1986,1986 Commonwealth Games,,Edinburgh,800m-men,heat,3
commonwealth-games,1986,1986 Commonwealth Games,,Edinburgh,800m-men,semi-final,2
commonwealth-games,1986,1986 Commonwealth Games,,Edinburgh,800m-men,final,1
commonwealth-games,1986,1986 Commonwealth Games,,Edinburgh,800m-women,heat,2
commonwealth-games,1986,1986 Commonwealth Games,,Edinburgh,800m-women,final,1
commonwealth-games,1990,1990 Commonwealth Games,,Auckland,10000m-men,final,1
commonwealth-games,1990,1990 Commonwealth Games,,Auckland,10000m-women,final,1
commonwealth-games,1990,1990 Commonwealth Games,,Auckland,100m-men,heat,6
commonwealth-games,1990,1990 Commonwealth Games,,Auckland,100m-men,quarter-final,4
commonwealth-games,1990,1990 Commonwealth Games,,Auckland,100m-men,semi-final,2
commonwealth-games,1990,1990 Commonwealth Games,,Auckland,100m-men,final,1
commonwealth-games,1990,1990 Commonwealth Games,,Auckland,100m-women,heat,3
commonwealth-games,1990,1990 Commonwealth Games,,Auckland,100m-women,semi-final,2
commonwealth-games,1990,1990 Commonwealth Games,,Auckland,100m-women,final,1
commonwealth-games,1990,1990 Commonwealth Games,,Auckland,100mh-women,heat,2
commonwealth-games,1990,1990 Commonwealth Games,,Auckland,100mh-women,final,1
commonwealth-games,1990,1990 Commonwealth Games,,Auckland,110mh-men,heat,2
commonwealth-games,1990,1990 Commonwealth Games,,Auckland,110mh-men,final,1
commonwealth-games,1990,1990 Commonwealth Games,,Auckland,1500m-men,heat,2
commonwealth-games,1990,1990 Commonwealth Games,,Auckland,1500m-men,final,1
commonwealth-games,1990,1990 Commonwealth Games,,Auckland,1500m-women,heat,2
commonwealth-games,1990,1990 Commonwealth Games,,Auckland,1500m-women,final,1
commonwealth-games,1990,1990 Commonwealth Games,,Auckland,200m-men,heat,6
commonwealth-games,1990,1990 Commonwealth Games,,Auckland,200m-men,quarter-final,4
commonwealth-games,1990,1990 Commonwealth Games,,Auckland,200m-men,semi-final,2
commonwealth-games,1990,1990 Commonwealth Games,,Auckland,200m-men,final,1
commonwealth-games,1990,1990 Commonwealth Games,,Auckland,200m-women,heat,3
commonwealth-games,1990,1990 Commonwealth Games,,Auckland,200m-women,final,1
commonwealth-games,1990,1990 Commonwealth Games,,Auckland,3000m-women,final,1
commonwealth-games,1990,1990 Commonwealth Games,,Auckland,3000msc-men,final,1
commonwealth-games,1990,1990 Commonwealth Games,,Auckland,400m-men,heat,5
commonwealth-games,1990,1990 Commonwealth Games,,Auckland,400m-men,quarter-final,4
commonwealth-games,1990,1990 Commonwealth Games,,Auckland,400m-men,semi-final,2
commonwealth-games,1990,1990 Commonwealth Games,,Auckland,400m-men,final,1
commonwealth-games,1990,1990 Commonwealth Games,,Auckland,400m-women,heat,2
commonwealth-games,1990,1990 Commonwealth Games,,Auckland,400m-women,final,1
commonwealth-games,1990,1990 Commonwealth Games,,Auckland,400mh-men,heat,2
commonwealth-games,1990,1990 Commonwealth Games,,Auckland,400mh-men,final,1
commonwealth-games,1990,1990 Commonwealth Games,,Auckland,400mh-women,heat,2
commonwealth-games,1990,1990 Commonwealth Games,,Auckland,400mh-women,final,1
commonwealth-games,1990,1990 Commonwealth Games,,Auckland,5000m-men,heat,2
commonwealth-games,1990,1990 Commonwealth Games,,Auckland,5000m-men,final,1
commonwealth-games,1990,1990 Commonwealth Games,,Auckland,800m-men,heat,4
commonwealth-games,1990,1990 Commonwealth Games,,Auckland,800m-men,semi-final,2
commonwealth-games,1990,1990 Commonwealth Games,,Auckland,800m-men,final,1
commonwealth-games,1990,1990 Commonwealth Games,,Auckland,800m-women,heat,2
commonwealth-games,1990,1990 Commonwealth Games,,Auckland,800m-women,final,1
commonwealth-games,1994,1994 Commonwealth Games,,Victoria,10000m-men,final,1
commonwealth-games,1994,1994 Commonwealth Games,,Victoria,10000m-women,final,1
commonwealth-games,1994,1994 Commonwealth Games,,Victoria,100m-men,heat,8
commonwealth-games,1994,1994 Commonwealth Games,,Victoria,100m-men,quarter-final,4
commonwealth-games,1994,1994 Commonwealth Games,,Victoria,100m-men,semi-final,2
commonwealth-games,1994,1994 Commonwealth Games,,Victoria,100m-men,final,1
commonwealth-games,1994,1994 Commonwealth Games,,Victoria,100m-women,heat,4
commonwealth-games,1994,1994 Commonwealth Games,,Victoria,100m-women,semi-final,2
commonwealth-games,1994,1994 Commonwealth Games,,Victoria,100m-women,final,1
commonwealth-games,1994,1994 Commonwealth Games,,Victoria,100mh-women,heat,2
commonwealth-games,1994,1994 Commonwealth Games,,Victoria,100mh-women,final,1
commonwealth-games,1994,1994 Commonwealth Games,,Victoria,110mh-men,heat,2
commonwealth-games,1994,1994 Commonwealth Games,,Victoria,110mh-men,final,1
commonwealth-games,1994,1994 Commonwealth Games,,Victoria,1500m-men,heat,3
commonwealth-games,1994,1994 Commonwealth Games,,Victoria,1500m-men,semi-final,2
commonwealth-games,1994,1994 Commonwealth Games,,Victoria,1500m-men,final,1
commonwealth-games,1994,1994 Commonwealth Games,,Victoria,1500m-women,final,1
commonwealth-games,1994,1994 Commonwealth Games,,Victoria,200m-men,heat,9
commonwealth-games,1994,1994 Commonwealth Games,,Victoria,200m-men,quarter-final,4
commonwealth-games,1994,1994 Commonwealth Games,,Victoria,200m-men,semi-final,2
commonwealth-games,1994,1994 Commonwealth Games,,Victoria,200m-men,final,1
commonwealth-games,1994,1994 Commonwealth Games,,Victoria,200m-women,heat,4
commonwealth-games,1994,1994 Commonwealth Games,,Victoria,200m-women,semi-final,2
commonwealth-games,1994,1994 Commonwealth Games,,Victoria,200m-women,final,1
commonwealth-games,1994,1994 Commonwealth Games,,Victoria,3000m-women,final,1
commonwealth-games,1994,1994 Commonwealth Games,,Victoria,3000msc-men,final,1
commonwealth-games,1994,1994 Commonwealth Games,,Victoria,400m-men,heat,8
commonwealth-games,1994,1994 Commonwealth Games,,Victoria,400m-men,quarter-final,4
commonwealth-games,1994,1994 Commonwealth Games,,Victoria,400m-men,semi-final,2
commonwealth-games,1994,1994 Commonwealth Games,,Victoria,400m-men,final,1
commonwealth-games,1994,1994 Commonwealth Games,,Victoria,400m-women,heat,4
commonwealth-games,1994,1994 Commonwealth Games,,Victoria,400m-women,semi-final,2
commonwealth-games,1994,1994 Commonwealth Games,,Victoria,400m-women,final,1
commonwealth-games,1994,1994 Commonwealth Games,,Victoria,400mh-men,heat,3
commonwealth-games,1994,1994 Commonwealth Games,,Victoria,400mh-men,final,1
commonwealth-games,1994,1994 Commonwealth Games,,Victoria,400mh-women,heat,2
commonwealth-games,1994,1994 Commonwealth Games,,Victoria,400mh-women,final,1
commonwealth-games,1994,1994 Commonwealth Games,,Victoria,5000m-men,heat,2
commonwealth-games,1994,1994 Commonwealth Games,,Victoria,5000m-men,final,1
commonwealth-games,1994,1994 Commonwealth Games,,Victoria,800m-men,heat,4
commonwealth-games,1994,1994 Commonwealth Games,,Victoria,800m-men,semi-final,2
commonwealth-games,1994,1994 Commonwealth Games,,Victoria,800m-men,final,1
commonwealth-games,1994,1994 Commonwealth Games,,Victoria,800m-women,heat,3
commonwealth-games,1994,1994 Commonwealth Games,,Victoria,800m-women,final,1
commonwealth-games,1998,1998 Commonwealth Games,,Kuala Lumpur,10000m-men,final,1
commonwealth-games,1998,1998 Commonwealth Games,,Kuala Lumpur,10000m-women,final,1
commonwealth-games,1998,1998 Commonwealth Games,,Kuala Lumpur,100m-men,heat,8
commonwealth-games,1998,1998 Commonwealth Games,,Kuala Lumpur,100m-men,quarter-final,4
commonwealth-games,1998,1998 Commonwealth Games,,Kuala Lumpur,100m-men,semi-final,2
commonwealth-games,1998,1998 Commonwealth Games,,Kuala Lumpur,100m-men,final,1
commonwealth-games,1998,1998 Commonwealth Games,,Kuala Lumpur,100m-women,heat,4
commonwealth-games,1998,1998 Commonwealth Games,,Kuala Lumpur,100m-women,semi-final,2
commonwealth-games,1998,1998 Commonwealth Games,,Kuala Lumpur,100m-women,final,1
commonwealth-games,1998,1998 Commonwealth Games,,Kuala Lumpur,100mh-women,heat,2
commonwealth-games,1998,1998 Commonwealth Games,,Kuala Lumpur,100mh-women,final,1
commonwealth-games,1998,1998 Commonwealth Games,,Kuala Lumpur,110mh-men,heat,3
commonwealth-games,1998,1998 Commonwealth Games,,Kuala Lumpur,110mh-men,final,1
commonwealth-games,1998,1998 Commonwealth Games,,Kuala Lumpur,1500m-men,heat,2
commonwealth-games,1998,1998 Commonwealth Games,,Kuala Lumpur,1500m-men,final,1
commonwealth-games,1998,1998 Commonwealth Games,,Kuala Lumpur,1500m-women,final,1
commonwealth-games,1998,1998 Commonwealth Games,,Kuala Lumpur,200m-men,heat,8
commonwealth-games,1998,1998 Commonwealth Games,,Kuala Lumpur,200m-men,quarter-final,4
commonwealth-games,1998,1998 Commonwealth Games,,Kuala Lumpur,200m-men,semi-final,2
commonwealth-games,1998,1998 Commonwealth Games,,Kuala Lumpur,200m-men,final,1
commonwealth-games,1998,1998 Commonwealth Games,,Kuala Lumpur,200m-women,heat,4
commonwealth-games,1998,1998 Commonwealth Games,,Kuala Lumpur,200m-women,semi-final,2
commonwealth-games,1998,1998 Commonwealth Games,,Kuala Lumpur,200m-women,final,1
commonwealth-games,1998,1998 Commonwealth Games,,Kuala Lumpur,3000msc-men,final,1
commonwealth-games,1998,1998 Commonwealth Games,,Kuala Lumpur,400m-men,heat,6
commonwealth-games,1998,1998 Commonwealth Games,,Kuala Lumpur,400m-men,quarter-final,4
commonwealth-games,1998,1998 Commonwealth Games,,Kuala Lumpur,400m-men,semi-final,2
commonwealth-games,1998,1998 Commonwealth Games,,Kuala Lumpur,400m-men,final,1
commonwealth-games,1998,1998 Commonwealth Games,,Kuala Lumpur,400m-women,heat,4
commonwealth-games,1998,1998 Commonwealth Games,,Kuala Lumpur,400m-women,semi-final,2
commonwealth-games,1998,1998 Commonwealth Games,,Kuala Lumpur,400m-women,final,1
commonwealth-games,1998,1998 Commonwealth Games,,Kuala Lumpur,400mh-men,heat,3
commonwealth-games,1998,1998 Commonwealth Games,,Kuala Lumpur,400mh-men,final,1
commonwealth-games,1998,1998 Commonwealth Games,,Kuala Lumpur,400mh-women,final,1
commonwealth-games,1998,1998 Commonwealth Games,,Kuala Lumpur,5000m-men,heat,2
commonwealth-games,1998,1998 Commonwealth Games,,Kuala Lumpur,5000m-men,final,1
commonwealth-games,1998,1998 Commonwealth Games,,Kuala Lumpur,5000m-women,final,1
commonwealth-games,1998,1998 Commonwealth Games,,Kuala Lumpur,800m-men,heat,5
commonwealth-games,1998,1998 Commonwealth Games,,Kuala Lumpur,800m-men,semi-final,2
commonwealth-games,1998,1998 Commonwealth Games,,Kuala Lumpur,800m-men,final,1
commonwealth-games,1998,1998 Commonwealth Games,,Kuala Lumpur,800m-women,heat,4
commonwealth-games,1998,1998 Commonwealth Games,,Kuala Lumpur,800m-women,semi-final,2
commonwealth-games,1998,1998 Commonwealth Games,,Kuala Lumpur,800m-women,final,1
commonwealth-games,2002,2002 Commonwealth Games,,Manchester,10000m-men,final,1
commonwealth-games,2002,2002 Commonwealth Games,,Manchester,10000m-women,final,1
commonwealth-games,2002,2002 Commonwealth Games,,Manchester,100m-men,heat,7
commonwealth-games,2002,2002 Commonwealth Games,,Manchester,100m-men,quarter-final,4
commonwealth-games,2002,2002 Commonwealth Games,,Manchester,100m-men,semi-final,2
commonwealth-games,2002,2002 Commonwealth Games,,Manchester,100m-men,final,1
commonwealth-games,2002,2002 Commonwealth Games,,Manchester,100m-women,heat,4
commonwealth-games,2002,2002 Commonwealth Games,,Manchester,100m-women,semi-final,2
commonwealth-games,2002,2002 Commonwealth Games,,Manchester,100m-women,final,1
commonwealth-games,2002,2002 Commonwealth Games,,Manchester,100mh-women,heat,2
commonwealth-games,2002,2002 Commonwealth Games,,Manchester,100mh-women,final,1
commonwealth-games,2002,2002 Commonwealth Games,,Manchester,110mh-men,heat,3
commonwealth-games,2002,2002 Commonwealth Games,,Manchester,110mh-men,final,1
commonwealth-games,2002,2002 Commonwealth Games,,Manchester,1500m-men,heat,2
commonwealth-games,2002,2002 Commonwealth Games,,Manchester,1500m-men,final,1
commonwealth-games,2002,2002 Commonwealth Games,,Manchester,1500m-women,heat,2
commonwealth-games,2002,2002 Commonwealth Games,,Manchester,1500m-women,final,1
commonwealth-games,2002,2002 Commonwealth Games,,Manchester,200m-men,heat,7
commonwealth-games,2002,2002 Commonwealth Games,,Manchester,200m-men,quarter-final,4
commonwealth-games,2002,2002 Commonwealth Games,,Manchester,200m-men,semi-final,2
commonwealth-games,2002,2002 Commonwealth Games,,Manchester,200m-men,final,1
commonwealth-games,2002,2002 Commonwealth Games,,Manchester,200m-women,heat,4
commonwealth-games,2002,2002 Commonwealth Games,,Manchester,200m-women,semi-final,2
commonwealth-games,2002,2002 Commonwealth Games,,Manchester,200m-women,final,1
commonwealth-games,2002,2002 Commonwealth Games,,Manchester,3000msc-men,final,1
commonwealth-games,2002,2002 Commonwealth Games,,Manchester,400m-men,heat,7
commonwealth-games,2002,2002 Commonwealth Games,,Manchester,400m-men,quarter-final,4
commonwealth-games,2002,2002 Commonwealth Games,,Manchester,400m-men,semi-final,2
commonwealth-games,2002,2002 Commonwealth Games,,Manchester,400m-men,final,1
commonwealth-games,2002,2002 Commonwealth Games,,Manchester,400m-women,heat,5
commonwealth-games,2002,2002 Commonwealth Games,,Manchester,400m-women,quarter-final,3
commonwealth-games,2002,2002 Commonwealth Games,,Manchester,400m-women,semi-final,2
commonwealth-games,2002,2002 Commonwealth Games,,Manchester,400m-women,final,1
commonwealth-games,2002,2002 Commonwealth Games,,Manchester,400mh-men,heat,2
commonwealth-games,2002,2002 Commonwealth Games,,Manchester,400mh-men,final,1
commonwealth-games,2002,2002 Commonwealth Games,,Manchester,400mh-women,heat,2
commonwealth-games,2002,2002 Commonwealth Games,,Manchester,400mh-women,final,1
commonwealth-games,2002,2002 Commonwealth Games,,Manchester,5000m-men,final,1
commonwealth-games,2002,2002 Commonwealth Games,,Manchester,5000m-women,final,1
commonwealth-games,2002,2002 Commonwealth Games,,Manchester,800m-men,heat,4
commonwealth-games,2002,2002 Commonwealth Games,,Manchester,800m-men,semi-final,2
commonwealth-games,2002,2002 Commonwealth Games,,Manchester,800m-men,final,1
commonwealth-games,2002,2002 Commonwealth Games,,Manchester,800m-women,heat,5
commonwealth-games,2002,2002 Commonwealth Games,,Manchester,800m-women,semi-final,2
commonwealth-games,2002,2002 Commonwealth Games,,Manchester,800m-women,final,1
commonwealth-games,2006,2006 Commonwealth Games,,Melbourne,10000m-men,final,1
commonwealth-games,2006,2006 Commonwealth Games,,Melbourne,10000m-women,final,1
commonwealth-games,2006,2006 Commonwealth Games,,Melbourne,100m-men,heat,8
commonwealth-games,2006,2006 Commonwealth Games,,Melbourne,100m-men,quarter-final,4
commonwealth-games,2006,2006 Commonwealth Games,,Melbourne,100m-men,semi-final,2
commonwealth-games,2006,2006 Commonwealth Games,,Melbourne,100m-men,final,1
commonwealth-games,2006,2006 Commonwealth Games,,Melbourne,100m-women,heat,5
commonwealth-games,2006,2006 Commonwealth Games,,Melbourne,100m-women,semi-final,3
commonwealth-games,2006,2006 Commonwealth Games,,Melbourne,100m-women,final,1
commonwealth-games,2006,2006 Commonwealth Games,,Melbourne,100mh-women,heat,2
commonwealth-games,2006,2006 Commonwealth Games,,Melbourne,100mh-women,final,1
commonwealth-games,2006,2006 Commonwealth Games,,Melbourne,110mh-men,heat,3
commonwealth-games,2006,2006 Commonwealth Games,,Melbourne,110mh-men,final,1
commonwealth-games,2006,2006 Commonwealth Games,,Melbourne,1500m-men,heat,2
commonwealth-games,2006,2006 Commonwealth Games,,Melbourne,1500m-men,final,1
commonwealth-games,2006,2006 Commonwealth Games,,Melbourne,1500m-women,heat,2
commonwealth-games,2006,2006 Commonwealth Games,,Melbourne,1500m-women,final,1
commonwealth-games,2006,2006 Commonwealth Games,,Melbourne,200m-men,heat,8
commonwealth-games,2006,2006 Commonwealth Games,,Melbourne,200m-men,quarter-final,4
commonwealth-games,2006,2006 Commonwealth Games,,Melbourne,200m-men,semi-final,2
commonwealth-games,2006,2006 Commonwealth Games,,Melbourne,200m-men,final,1
commonwealth-games,2006,2006 Commonwealth Games,,Melbourne,200m-women,heat,4
commonwealth-games,2006,2006 Commonwealth Games,,Melbourne,200m-women,semi-final,2
commonwealth-games,2006,2006 Commonwealth Games,,Melbourne,200m-women,final,1
commonwealth-games,2006,2006 Commonwealth Games,,Melbourne,3000msc-men,final,1
commonwealth-games,2006,2006 Commonwealth Games,,Melbourne,3000msc-women,final,1
commonwealth-games,2006,2006 Commonwealth Games,,Melbourne,400m-men,heat,8
commonwealth-games,2006,2006 Commonwealth Games,,Melbourne,400m-men,semi-final,3
commonwealth-games,2006,2006 Commonwealth Games,,Melbourne,400m-men,final,1
commonwealth-games,2006,2006 Commonwealth Games,,Melbourne,400m-women,heat,5
commonwealth-games,2006,2006 Commonwealth Games,,Melbourne,400m-women,semi-final,3
commonwealth-games,2006,2006 Commonwealth Games,,Melbourne,400m-women,final,1
commonwealth-games,2006,2006 Commonwealth Games,,Melbourne,400mh-men,heat,4
commonwealth-games,2006,2006 Commonwealth Games,,Melbourne,400mh-men,semi-final,2
commonwealth-games,2006,2006 Commonwealth Games,,Melbourne,400mh-men,final,1
commonwealth-games,2006,2006 Commonwealth Games,,Melbourne,400mh-women,heat,2
commonwealth-games,2006,2006 Commonwealth Games,,Melbourne,400mh-women,final,1
commonwealth-games,2006,2006 Commonwealth Games,,Melbourne,5000m-men,final,1
commonwealth-games,2006,2006 Commonwealth Games,,Melbourne,5000m-women,final,1
commonwealth-games,2006,2006 Commonwealth Games,,Melbourne,800m-men,heat,3
commonwealth-games,2006,2006 Commonwealth Games,,Melbourne,800m-men,final,1
commonwealth-games,2006,2006 Commonwealth Games,,Melbourne,800m-women,heat,5
commonwealth-games,2006,2006 Commonwealth Games,,Melbourne,800m-women,semi-final,2
commonwealth-games,2006,2006 Commonwealth Games,,Melbourne,800m-women,final,1
commonwealth-games,2010,2010 Commonwealth Games,,Delhi,10000m-men,final,1
commonwealth-games,2010,2010 Commonwealth Games,,Delhi,10000m-women,final,1
commonwealth-games,2010,2010 Commonwealth Games,,Delhi,100m-men,heat,8
commonwealth-games,2010,2010 Commonwealth Games,,Delhi,100m-men,quarter-final,4
commonwealth-games,2010,2010 Commonwealth Games,,Delhi,100m-men,semi-final,2
commonwealth-games,2010,2010 Commonwealth Games,,Delhi,100m-men,final,1
commonwealth-games,2010,2010 Commonwealth Games,,Delhi,100m-women,heat,5
commonwealth-games,2010,2010 Commonwealth Games,,Delhi,100m-women,semi-final,3
commonwealth-games,2010,2010 Commonwealth Games,,Delhi,100m-women,final,1
commonwealth-games,2010,2010 Commonwealth Games,,Delhi,100mh-women,heat,2
commonwealth-games,2010,2010 Commonwealth Games,,Delhi,100mh-women,final,1
commonwealth-games,2010,2010 Commonwealth Games,,Delhi,110mh-men,heat,2
commonwealth-games,2010,2010 Commonwealth Games,,Delhi,110mh-men,final,1
commonwealth-games,2010,2010 Commonwealth Games,,Delhi,1500m-men,heat,2
commonwealth-games,2010,2010 Commonwealth Games,,Delhi,1500m-men,final,1
commonwealth-games,2010,2010 Commonwealth Games,,Delhi,1500m-women,heat,2
commonwealth-games,2010,2010 Commonwealth Games,,Delhi,1500m-women,final,1
commonwealth-games,2010,2010 Commonwealth Games,,Delhi,200m-men,heat,8
commonwealth-games,2010,2010 Commonwealth Games,,Delhi,200m-men,quarter-final,4
commonwealth-games,2010,2010 Commonwealth Games,,Delhi,200m-men,semi-final,2
commonwealth-games,2010,2010 Commonwealth Games,,Delhi,200m-men,final,1
commonwealth-games,2010,2010 Commonwealth Games,,Delhi,200m-women,heat,5
commonwealth-games,2010,2010 Commonwealth Games,,Delhi,200m-women,semi-final,3
commonwealth-games,2010,2010 Commonwealth Games,,Delhi,200m-women,final,1
commonwealth-games,2010,2010 Commonwealth Games,,Delhi,3000msc-men,final,1
commonwealth-games,2010,2010 Commonwealth Games,,Delhi,3000msc-women,final,1
commonwealth-games,2010,2010 Commonwealth Games,,Delhi,400m-men,heat,6
commonwealth-games,2010,2010 Commonwealth Games,,Delhi,400m-men,semi-final,3
commonwealth-games,2010,2010 Commonwealth Games,,Delhi,400m-men,final,1
commonwealth-games,2010,2010 Commonwealth Games,,Delhi,400m-women,heat,5
commonwealth-games,2010,2010 Commonwealth Games,,Delhi,400m-women,semi-final,3
commonwealth-games,2010,2010 Commonwealth Games,,Delhi,400m-women,final,1
commonwealth-games,2010,2010 Commonwealth Games,,Delhi,400mh-men,heat,3
commonwealth-games,2010,2010 Commonwealth Games,,Delhi,400mh-men,final,1
commonwealth-games,2010,2010 Commonwealth Games,,Delhi,400mh-women,heat,2
commonwealth-games,2010,2010 Commonwealth Games,,Delhi,400mh-women,final,1
commonwealth-games,2010,2010 Commonwealth Games,,Delhi,5000m-men,final,1
commonwealth-games,2010,2010 Commonwealth Games,,Delhi,5000m-women,final,1
commonwealth-games,2010,2010 Commonwealth Games,,Delhi,800m-men,heat,4
commonwealth-games,2010,2010 Commonwealth Games,,Delhi,800m-men,semi-final,2
commonwealth-games,2010,2010 Commonwealth Games,,Delhi,800m-men,final,1
commonwealth-games,2010,2010 Commonwealth Games,,Delhi,800m-women,heat,3
commonwealth-games,2010,2010 Commonwealth Games,,Delhi,800m-women,final,1
commonwealth-games,2014,2014 Commonwealth Games,,Glasgow,10000m-men,final,1
commonwealth-games,2014,2014 Commonwealth Games,,Glasgow,10000m-women,final,1
commonwealth-games,2014,2014 Commonwealth Games,,Glasgow,100m-men,heat,9
commonwealth-games,2014,2014 Commonwealth Games,,Glasgow,100m-men,semi-final,3
commonwealth-games,2014,2014 Commonwealth Games,,Glasgow,100m-men,final,1
commonwealth-games,2014,2014 Commonwealth Games,,Glasgow,100m-women,heat,6
commonwealth-games,2014,2014 Commonwealth Games,,Glasgow,100m-women,semi-final,3
commonwealth-games,2014,2014 Commonwealth Games,,Glasgow,100m-women,final,1
commonwealth-games,2014,2014 Commonwealth Games,,Glasgow,100mh-women,heat,3
commonwealth-games,2014,2014 Commonwealth Games,,Glasgow,100mh-women,final,1
commonwealth-games,2014,2014 Commonwealth Games,,Glasgow,110mh-men,heat,3
commonwealth-games,2014,2014 Commonwealth Games,,Glasgow,110mh-men,final,1
commonwealth-games,2014,2014 Commonwealth Games,,Glasgow,1500m-men,heat,2
commonwealth-games,2014,2014 Commonwealth Games,,Glasgow,1500m-men,final,1
commonwealth-games,2014,2014 Commonwealth Games,,Glasgow,1500m-women,heat,2
commonwealth-games,2014,2014 Commonwealth Games,,Glasgow,1500m-women,final,1
commonwealth-games,2014,2014 Commonwealth Games,,Glasgow,200m-men,heat,10
commonwealth-games,2014,2014 Commonwealth Games,,Glasgow,200m-men,semi-final,3
commonwealth-games,2014,2014 Commonwealth Games,,Glasgow,200m-men,final,1
commonwealth-games,2014,2014 Commonwealth Games,,Glasgow,200m-women,heat,6
commonwealth-games,2014,2014 Commonwealth Games,,Glasgow,200m-women,semi-final,3
commonwealth-games,2014,2014 Commonwealth Games,,Glasgow,200m-women,final,1
commonwealth-games,2014,2014 Commonwealth Games,,Glasgow,3000msc-men,final,1
commonwealth-games,2014,2014 Commonwealth Games,,Glasgow,3000msc-women,final,1
commonwealth-games,2014,2014 Commonwealth Games,,Glasgow,400m-men,heat,7
commonwealth-games,2014,2014 Commonwealth Games,,Glasgow,400m-men,semi-final,3
commonwealth-games,2014,2014 Commonwealth Games,,Glasgow,400m-men,final,1
commonwealth-games,2014,2014 Commonwealth Games,,Glasgow,400m-women,heat,6
commonwealth-games,2014,2014 Commonwealth Games,,Glasgow,400m-women,semi-final,3
commonwealth-games,2014,2014 Commonwealth Games,,Glasgow,400m-women,final,1
commonwealth-games,2014,2014 Commonwealth Games,,Glasgow,400mh-men,heat,3
commonwealth-games,2014,2014 Commonwealth Games,,Glasgow,400mh-men,final,1
commonwealth-games,2014,2014 Commonwealth Games,,Glasgow,400mh-women,heat,3
commonwealth-games,2014,2014 Commonwealth Games,,Glasgow,400mh-women,final,1
commonwealth-games,2014,2014 Commonwealth Games,,Glasgow,5000m-men,final,1
commonwealth-games,2014,2014 Commonwealth Games,,Glasgow,5000m-women,final,1
commonwealth-games,2014,2014 Commonwealth Games,,Glasgow,800m-men,heat,4
commonwealth-games,2014,2014 Commonwealth Games,,Glasgow,800m-men,semi-final,2
commonwealth-games,2014,2014 Commonwealth Games,,Glasgow,800m-men,final,1
commonwealth-games,2014,2014 Commonwealth Games,,Glasgow,800m-women,heat,4
commonwealth-games,2014,2014 Commonwealth Games,,Glasgow,800m-women,semi-final,2
commonwealth-games,2014,2014 Commonwealth Games,,Glasgow,800m-women,final,1
festival-of-empire-1911,1911,Inter-Empire Championships (Festival of Empire),,London,100y-men,final,1
festival-of-empire-1911,1911,Inter-Empire Championships (Festival of Empire),,London,220y-men,final,1
festival-of-empire-1911,1911,Inter-Empire Championships (Festival of Empire),,London,880y-men,final,1
festival-of-empire-1911,1911,Inter-Empire Championships (Festival of Empire),,London,mile-men,final,1
festival-of-empire-1911,1911,Inter-Empire Championships (Festival of Empire),,London,120yh-men,final,1
inter-allied-games-1919,1919,Inter-Allied Games,,Paris,100m-men,heat,5
inter-allied-games-1919,1919,Inter-Allied Games,,Paris,100m-men,semi-final,2
inter-allied-games-1919,1919,Inter-Allied Games,,Paris,100m-men,final,1
inter-allied-games-1919,1919,Inter-Allied Games,,Paris,200m-men,heat,5
inter-allied-games-1919,1919,Inter-Allied Games,,Paris,200m-men,semi-final,3
inter-allied-games-1919,1919,Inter-Allied Games,,Paris,200m-men,final,1
inter-allied-games-1919,1919,Inter-Allied Games,,Paris,400m-men,heat,5
inter-allied-games-1919,1919,Inter-Allied Games,,Paris,400m-men,semi-final,3
inter-allied-games-1919,1919,Inter-Allied Games,,Paris,400m-men,final,1
inter-allied-games-1919,1919,Inter-Allied Games,,Paris,800m-men,heat,3
inter-allied-games-1919,1919,Inter-Allied Games,,Paris,800m-men,final,1
inter-allied-games-1919,1919,Inter-Allied Games,,Paris,1500m-men,heat,2
inter-allied-games-1919,1919,Inter-Allied Games,,Paris,1500m-men,final,1
inter-allied-games-1919,1919,Inter-Allied Games,,Paris,110mh-men,heat,3
inter-allied-games-1919,1919,Inter-Allied Games,,Paris,110mh-men,final,1
inter-allied-games-1919,1919,Inter-Allied Games,,Paris,200mh-men,heat,3
inter-allied-games-1919,1919,Inter-Allied Games,,Paris,200mh-men,final,1
womens-world-games,1922,Women's Olympic Games (Jeux Olympiques Féminins) 1922,,Paris,60m-women,heat,2
womens-world-games,1922,Women's Olympic Games (Jeux Olympiques Féminins) 1922,,Paris,60m-women,final,1
womens-world-games,1922,Women's Olympic Games (Jeux Olympiques Féminins) 1922,,Paris,100y-women,heat,2
womens-world-games,1922,Women's Olympic Games (Jeux Olympiques Féminins) 1922,,Paris,100y-women,final,1
womens-world-games,1922,Women's Olympic Games (Jeux Olympiques Féminins) 1922,,Paris,300m-women,heat,2
womens-world-games,1922,Women's Olympic Games (Jeux Olympiques Féminins) 1922,,Paris,300m-women,final,1
womens-world-games,1922,Women's Olympic Games (Jeux Olympiques Féminins) 1922,,Paris,1000m-women,final,1
womens-world-games,1922,Women's Olympic Games (Jeux Olympiques Féminins) 1922,,Paris,100yh-women,heat,2
womens-world-games,1922,Women's Olympic Games (Jeux Olympiques Féminins) 1922,,Paris,100yh-women,final,1
womens-world-games,1926,2nd Women's World Games (II. Internationella kvinnliga idrottsspelen),,Gothenburg,60m-women,heat,3
womens-world-games,1926,2nd Women's World Games (II. Internationella kvinnliga idrottsspelen),,Gothenburg,60m-women,final,1
womens-world-games,1926,2nd Women's World Games (II. Internationella kvinnliga idrottsspelen),,Gothenburg,100y-women,heat,3
womens-world-games,1926,2nd Women's World Games (II. Internationella kvinnliga idrottsspelen),,Gothenburg,100y-women,final,1
womens-world-games,1926,2nd Women's World Games (II. Internationella kvinnliga idrottsspelen),,Gothenburg,250m-women,heat,3
womens-world-games,1926,2nd Women's World Games (II. Internationella kvinnliga idrottsspelen),,Gothenburg,250m-women,final,1
womens-world-games,1926,2nd Women's World Games (II. Internationella kvinnliga idrottsspelen),,Gothenburg,1000m-women,final,1
womens-world-games,1926,2nd Women's World Games (II. Internationella kvinnliga idrottsspelen),,Gothenburg,100yh-women,heat,2
womens-world-games,1926,2nd Women's World Games (II. Internationella kvinnliga idrottsspelen),,Gothenburg,100yh-women,final,1
womens-world-games,1930,3rd Women's World Games (III. Ženské světové hry),,Prague,60m-women,heat,5
womens-world-games,1930,3rd Women's World Games (III. Ženské světové hry),,Prague,60m-women,semi-final,3
womens-world-games,1930,3rd Women's World Games (III. Ženské světové hry),,Prague,60m-women,final,1
womens-world-games,1930,3rd Women's World Games (III. Ženské světové hry),,Prague,100m-women,heat,5
womens-world-games,1930,3rd Women's World Games (III. Ženské světové hry),,Prague,100m-women,semi-final,3
womens-world-games,1930,3rd Women's World Games (III. Ženské světové hry),,Prague,100m-women,final,1
womens-world-games,1930,3rd Women's World Games (III. Ženské světové hry),,Prague,200m-women,heat,5
womens-world-games,1930,3rd Women's World Games (III. Ženské světové hry),,Prague,200m-women,semi-final,3
womens-world-games,1930,3rd Women's World Games (III. Ženské světové hry),,Prague,200m-women,final,1
womens-world-games,1930,3rd Women's World Games (III. Ženské světové hry),,Prague,800m-women,semi-final,2
womens-world-games,1930,3rd Women's World Games (III. Ženské světové hry),,Prague,800m-women,final,1
womens-world-games,1930,3rd Women's World Games (III. Ženské světové hry),,Prague,80mh-women,heat,4
womens-world-games,1930,3rd Women's World Games (III. Ženské světové hry),,Prague,80mh-women,semi-final,3
womens-world-games,1930,3rd Women's World Games (III. Ženské světové hry),,Prague,80mh-women,final,1
womens-world-games,1934,4th Women's World Games (4è Jeux Féminins Mondiaux),,London,60m-women,heat,6
womens-world-games,1934,4th Women's World Games (4è Jeux Féminins Mondiaux),,London,60m-women,semi-final,2
womens-world-games,1934,4th Women's World Games (4è Jeux Féminins Mondiaux),,London,60m-women,final,1
womens-world-games,1934,4th Women's World Games (4è Jeux Féminins Mondiaux),,London,100m-women,heat,6
womens-world-games,1934,4th Women's World Games (4è Jeux Féminins Mondiaux),,London,100m-women,semi-final,2
womens-world-games,1934,4th Women's World Games (4è Jeux Féminins Mondiaux),,London,100m-women,final,1
womens-world-games,1934,4th Women's World Games (4è Jeux Féminins Mondiaux),,London,200m-women,heat,6
womens-world-games,1934,4th Women's World Games (4è Jeux Féminins Mondiaux),,London,200m-women,semi-final,2
womens-world-games,1934,4th Women's World Games (4è Jeux Féminins Mondiaux),,London,200m-women,final,1
womens-world-games,1934,4th Women's World Games (4è Jeux Féminins Mondiaux),,London,800m-women,semi-final,2
womens-world-games,1934,4th Women's World Games (4è Jeux Féminins Mondiaux),,London,800m-women,final,1
womens-world-games,1934,4th Women's World Games (4è Jeux Féminins Mondiaux),,London,80mh-women,heat,4
womens-world-games,1934,4th Women's World Games (4è Jeux Féminins Mondiaux),,London,80mh-women,semi-final,2
womens-world-games,1934,4th Women's World Games (4è Jeux Féminins Mondiaux),,London,80mh-women,final,1
womens-olympiad-monte-carlo,1921,Olympiades Féminines / 1er Meeting International d'Éducation Physique Féminine (Women's Olympiad),,Monte Carlo,60m-women,final,1
womens-olympiad-monte-carlo,1921,Olympiades Féminines / 1er Meeting International d'Éducation Physique Féminine (Women's Olympiad),,Monte Carlo,250m-women,final,1
womens-olympiad-monte-carlo,1921,Olympiades Féminines / 1er Meeting International d'Éducation Physique Féminine (Women's Olympiad),,Monte Carlo,800m-women,final,1
womens-olympiad-monte-carlo,1921,Olympiades Féminines / 1er Meeting International d'Éducation Physique Féminine (Women's Olympiad),,Monte Carlo,74mh-women,final,1
womens-olympiad-monte-carlo,1922,Jeux Athlétiques Internationaux Féminins / 2e Meeting International d'Éducation Physique Féminine,,Monte Carlo,60m-women,final,1
womens-olympiad-monte-carlo,1922,Jeux Athlétiques Internationaux Féminins / 2e Meeting International d'Éducation Physique Féminine,,Monte Carlo,250m-women,final,1
womens-olympiad-monte-carlo,1922,Jeux Athlétiques Internationaux Féminins / 2e Meeting International d'Éducation Physique Féminine,,Monte Carlo,800m-women,final,1
womens-olympiad-monte-carlo,1922,Jeux Athlétiques Internationaux Féminins / 2e Meeting International d'Éducation Physique Féminine,,Monte Carlo,74mh-women,final,1
womens-olympiad-monte-carlo,1923,Jeux Athlétiques Féminins de Monte-Carlo (3es Jeux Féminins),,Monte Carlo,60m-women,final,1
womens-olympiad-monte-carlo,1923,Jeux Athlétiques Féminins de Monte-Carlo (3es Jeux Féminins),,Monte Carlo,250m-women,final,1
womens-olympiad-monte-carlo,1923,Jeux Athlétiques Féminins de Monte-Carlo (3es Jeux Féminins),,Monte Carlo,800m-women,final,1
womens-olympiad-monte-carlo,1923,Jeux Athlétiques Féminins de Monte-Carlo (3es Jeux Féminins),,Monte Carlo,65mh-women,final,1
womens-olympiad-monte-carlo,1924,Women's International and British Games (1924 Women's Olympiad),,London,100y-women,final,1
womens-olympiad-monte-carlo,1924,Women's International and British Games (1924 Women's Olympiad),,London,250m-women,final,1
womens-olympiad-monte-carlo,1924,Women's International and British Games (1924 Women's Olympiad),,London,1000m-women,final,1
womens-olympiad-monte-carlo,1924,Women's International and British Games (1924 Women's Olympiad),,London,120yh-women,final,1
olympics-of-grace-1931,1931,Olimpiadi della Grazia (Olympics of Grace),,Florence,60m-women,heat,4
olympics-of-grace-1931,1931,Olimpiadi della Grazia (Olympics of Grace),,Florence,60m-women,semi-final,2
olympics-of-grace-1931,1931,Olimpiadi della Grazia (Olympics of Grace),,Florence,60m-women,final,1
olympics-of-grace-1931,1931,Olimpiadi della Grazia (Olympics of Grace),,Florence,100m-women,heat,6
olympics-of-grace-1931,1931,Olimpiadi della Grazia (Olympics of Grace),,Florence,100m-women,semi-final,3
olympics-of-grace-1931,1931,Olimpiadi della Grazia (Olympics of Grace),,Florence,100m-women,final,1
olympics-of-grace-1931,1931,Olimpiadi della Grazia (Olympics of Grace),,Florence,200m-women,semi-final,2
olympics-of-grace-1931,1931,Olimpiadi della Grazia (Olympics of Grace),,Florence,200m-women,final,1
olympics-of-grace-1931,1931,Olimpiadi della Grazia (Olympics of Grace),,Florence,80mh-women,semi-final,3
olympics-of-grace-1931,1931,Olimpiadi della Grazia (Olympics of Grace),,Florence,80mh-women,final,1
pacific-conference-games,1969,1969 Pacific Conference Games,,Tokyo,100m-men,heat,2
pacific-conference-games,1969,1969 Pacific Conference Games,,Tokyo,100m-men,final,1
pacific-conference-games,1969,1969 Pacific Conference Games,,Tokyo,200m-men,heat,2
pacific-conference-games,1969,1969 Pacific Conference Games,,Tokyo,200m-men,final,1
pacific-conference-games,1969,1969 Pacific Conference Games,,Tokyo,400m-men,heat,2
pacific-conference-games,1969,1969 Pacific Conference Games,,Tokyo,400m-men,final,1
pacific-conference-games,1969,1969 Pacific Conference Games,,Tokyo,800m-men,final,1
pacific-conference-games,1969,1969 Pacific Conference Games,,Tokyo,1500m-men,final,1
pacific-conference-games,1969,1969 Pacific Conference Games,,Tokyo,5000m-men,final,1
pacific-conference-games,1969,1969 Pacific Conference Games,,Tokyo,10000m-men,final,1
pacific-conference-games,1969,1969 Pacific Conference Games,,Tokyo,110mh-men,final,1
pacific-conference-games,1969,1969 Pacific Conference Games,,Tokyo,400mh-men,final,1
pacific-conference-games,1969,1969 Pacific Conference Games,,Tokyo,3000msc-men,final,1
pacific-conference-games,1969,1969 Pacific Conference Games,,Tokyo,100m-women,heat,2
pacific-conference-games,1969,1969 Pacific Conference Games,,Tokyo,100m-women,final,1
pacific-conference-games,1969,1969 Pacific Conference Games,,Tokyo,200m-women,heat,2
pacific-conference-games,1969,1969 Pacific Conference Games,,Tokyo,200m-women,final,1
pacific-conference-games,1969,1969 Pacific Conference Games,,Tokyo,400m-women,final,1
pacific-conference-games,1969,1969 Pacific Conference Games,,Tokyo,800m-women,final,1
pacific-conference-games,1969,1969 Pacific Conference Games,,Tokyo,1500m-women,final,1
pacific-conference-games,1969,1969 Pacific Conference Games,,Tokyo,100mh-women,heat,2
pacific-conference-games,1969,1969 Pacific Conference Games,,Tokyo,100mh-women,final,1
pacific-conference-games,1973,1973 Pacific Conference Games,,Toronto,100m-men,heat,2
pacific-conference-games,1973,1973 Pacific Conference Games,,Toronto,100m-men,final,1
pacific-conference-games,1973,1973 Pacific Conference Games,,Toronto,200m-men,heat,2
pacific-conference-games,1973,1973 Pacific Conference Games,,Toronto,200m-men,final,1
pacific-conference-games,1973,1973 Pacific Conference Games,,Toronto,400m-men,heat,2
pacific-conference-games,1973,1973 Pacific Conference Games,,Toronto,400m-men,final,1
pacific-conference-games,1973,1973 Pacific Conference Games,,Toronto,800m-men,heat,2
pacific-conference-games,1973,1973 Pacific Conference Games,,Toronto,800m-men,final,1
pacific-conference-games,1973,1973 Pacific Conference Games,,Toronto,1500m-men,final,1
pacific-conference-games,1973,1973 Pacific Conference Games,,Toronto,5000m-men,final,1
pacific-conference-games,1973,1973 Pacific Conference Games,,Toronto,10000m-men,final,1
pacific-conference-games,1973,1973 Pacific Conference Games,,Toronto,110mh-men,heat,2
pacific-conference-games,1973,1973 Pacific Conference Games,,Toronto,110mh-men,final,1
pacific-conference-games,1973,1973 Pacific Conference Games,,Toronto,400mh-men,final,1
pacific-conference-games,1973,1973 Pacific Conference Games,,Toronto,3000msc-men,final,1
pacific-conference-games,1973,1973 Pacific Conference Games,,Toronto,100m-women,heat,2
pacific-conference-games,1973,1973 Pacific Conference Games,,Toronto,100m-women,final,1
pacific-conference-games,1973,1973 Pacific Conference Games,,Toronto,200m-women,heat,2
pacific-conference-games,1973,1973 Pacific Conference Games,,Toronto,200m-women,final,1
pacific-conference-games,1973,1973 Pacific Conference Games,,Toronto,400m-women,final,1
pacific-conference-games,1973,1973 Pacific Conference Games,,Toronto,800m-women,heat,2
pacific-conference-games,1973,1973 Pacific Conference Games,,Toronto,800m-women,final,1
pacific-conference-games,1973,1973 Pacific Conference Games,,Toronto,1500m-women,final,1
pacific-conference-games,1973,1973 Pacific Conference Games,,Toronto,100mh-women,final,1
pacific-conference-games,1977,1977 Pacific Conference Games,,Canberra,100m-men,heat,2
pacific-conference-games,1977,1977 Pacific Conference Games,,Canberra,100m-men,final,1
pacific-conference-games,1977,1977 Pacific Conference Games,,Canberra,200m-men,heat,2
pacific-conference-games,1977,1977 Pacific Conference Games,,Canberra,200m-men,final,1
pacific-conference-games,1977,1977 Pacific Conference Games,,Canberra,400m-men,heat,2
pacific-conference-games,1977,1977 Pacific Conference Games,,Canberra,400m-men,final,1
pacific-conference-games,1977,1977 Pacific Conference Games,,Canberra,800m-men,final,1
pacific-conference-games,1977,1977 Pacific Conference Games,,Canberra,1500m-men,final,1
pacific-conference-games,1977,1977 Pacific Conference Games,,Canberra,5000m-men,final,1
pacific-conference-games,1977,1977 Pacific Conference Games,,Canberra,10000m-men,final,1
pacific-conference-games,1977,1977 Pacific Conference Games,,Canberra,110mh-men,final,1
pacific-conference-games,1977,1977 Pacific Conference Games,,Canberra,400mh-men,final,1
pacific-conference-games,1977,1977 Pacific Conference Games,,Canberra,3000msc-men,final,1
pacific-conference-games,1977,1977 Pacific Conference Games,,Canberra,100m-women,heat,2
pacific-conference-games,1977,1977 Pacific Conference Games,,Canberra,100m-women,final,1
pacific-conference-games,1977,1977 Pacific Conference Games,,Canberra,200m-women,heat,2
pacific-conference-games,1977,1977 Pacific Conference Games,,Canberra,200m-women,final,1
pacific-conference-games,1977,1977 Pacific Conference Games,,Canberra,400m-women,heat,2
pacific-conference-games,1977,1977 Pacific Conference Games,,Canberra,400m-women,final,1
pacific-conference-games,1977,1977 Pacific Conference Games,,Canberra,800m-women,final,1
pacific-conference-games,1977,1977 Pacific Conference Games,,Canberra,1500m-women,final,1
pacific-conference-games,1977,1977 Pacific Conference Games,,Canberra,100mh-women,final,1
pacific-conference-games,1977,1977 Pacific Conference Games,,Canberra,400mh-women,final,1
pacific-conference-games,1981,1981 Pacific Conference Games,,Christchurch,100m-men,heat,2
pacific-conference-games,1981,1981 Pacific Conference Games,,Christchurch,100m-men,final,1
pacific-conference-games,1981,1981 Pacific Conference Games,,Christchurch,200m-men,heat,2
pacific-conference-games,1981,1981 Pacific Conference Games,,Christchurch,200m-men,final,1
pacific-conference-games,1981,1981 Pacific Conference Games,,Christchurch,400m-men,heat,2
pacific-conference-games,1981,1981 Pacific Conference Games,,Christchurch,400m-men,final,1
pacific-conference-games,1981,1981 Pacific Conference Games,,Christchurch,800m-men,final,1
pacific-conference-games,1981,1981 Pacific Conference Games,,Christchurch,1500m-men,final,1
pacific-conference-games,1981,1981 Pacific Conference Games,,Christchurch,5000m-men,final,1
pacific-conference-games,1981,1981 Pacific Conference Games,,Christchurch,10000m-men,final,1
pacific-conference-games,1981,1981 Pacific Conference Games,,Christchurch,110mh-men,final,1
pacific-conference-games,1981,1981 Pacific Conference Games,,Christchurch,400mh-men,final,1
pacific-conference-games,1981,1981 Pacific Conference Games,,Christchurch,3000msc-men,final,1
pacific-conference-games,1981,1981 Pacific Conference Games,,Christchurch,100m-women,heat,2
pacific-conference-games,1981,1981 Pacific Conference Games,,Christchurch,100m-women,final,1
pacific-conference-games,1981,1981 Pacific Conference Games,,Christchurch,200m-women,heat,2
pacific-conference-games,1981,1981 Pacific Conference Games,,Christchurch,200m-women,final,1
pacific-conference-games,1981,1981 Pacific Conference Games,,Christchurch,400m-women,heat,2
pacific-conference-games,1981,1981 Pacific Conference Games,,Christchurch,400m-women,final,1
pacific-conference-games,1981,1981 Pacific Conference Games,,Christchurch,800m-women,final,1
pacific-conference-games,1981,1981 Pacific Conference Games,,Christchurch,1500m-women,final,1
pacific-conference-games,1981,1981 Pacific Conference Games,,Christchurch,3000m-women,final,1
pacific-conference-games,1981,1981 Pacific Conference Games,,Christchurch,100mh-women,final,1
pacific-conference-games,1981,1981 Pacific Conference Games,,Christchurch,400mh-women,final,1
pacific-conference-games,1985,1985 Pacific Conference Games,,Berkeley,100m-men,heat,2
pacific-conference-games,1985,1985 Pacific Conference Games,,Berkeley,100m-men,final,1
pacific-conference-games,1985,1985 Pacific Conference Games,,Berkeley,200m-men,heat,2
pacific-conference-games,1985,1985 Pacific Conference Games,,Berkeley,200m-men,final,1
pacific-conference-games,1985,1985 Pacific Conference Games,,Berkeley,400m-men,final,1
pacific-conference-games,1985,1985 Pacific Conference Games,,Berkeley,800m-men,final,1
pacific-conference-games,1985,1985 Pacific Conference Games,,Berkeley,1500m-men,final,1
pacific-conference-games,1985,1985 Pacific Conference Games,,Berkeley,5000m-men,final,1
pacific-conference-games,1985,1985 Pacific Conference Games,,Berkeley,10000m-men,final,1
pacific-conference-games,1985,1985 Pacific Conference Games,,Berkeley,110mh-men,final,1
pacific-conference-games,1985,1985 Pacific Conference Games,,Berkeley,400mh-men,final,1
pacific-conference-games,1985,1985 Pacific Conference Games,,Berkeley,3000msc-men,final,1
pacific-conference-games,1985,1985 Pacific Conference Games,,Berkeley,100m-women,heat,2
pacific-conference-games,1985,1985 Pacific Conference Games,,Berkeley,100m-women,final,1
pacific-conference-games,1985,1985 Pacific Conference Games,,Berkeley,200m-women,final,1
pacific-conference-games,1985,1985 Pacific Conference Games,,Berkeley,400m-women,heat,2
pacific-conference-games,1985,1985 Pacific Conference Games,,Berkeley,400m-women,final,1
pacific-conference-games,1985,1985 Pacific Conference Games,,Berkeley,800m-women,final,1
pacific-conference-games,1985,1985 Pacific Conference Games,,Berkeley,1500m-women,final,1
pacific-conference-games,1985,1985 Pacific Conference Games,,Berkeley,3000m-women,final,1
pacific-conference-games,1985,1985 Pacific Conference Games,,Berkeley,100mh-women,final,1
pacific-conference-games,1985,1985 Pacific Conference Games,,Berkeley,400mh-women,final,1
enhanced-games,2026,Enhanced Games 2026,,Las Vegas,100m-men,final,1
enhanced-games,2026,Enhanced Games 2026,,Las Vegas,100m-women,final,1
international-track-association,1973,"ITA Tour No. 1, Pocatello",ITA Pocatello,Pocatello,100m-men,heat,2
international-track-association,1973,"ITA Tour No. 1, Pocatello",ITA Pocatello,Pocatello,100m-men,final,1
international-track-association,1973,"ITA Tour No. 1, Pocatello",ITA Pocatello,Pocatello,60mh-men,heat,2
international-track-association,1973,"ITA Tour No. 1, Pocatello",ITA Pocatello,Pocatello,60mh-men,final,1
international-track-association,1973,"ITA Tour No. 11, San Diego",ITA San Diego,San Diego,60y-men,heat,2
international-track-association,1973,"ITA Tour No. 11, San Diego",ITA San Diego,San Diego,60y-men,final,1
international-track-association,1973,"ITA Tour No. 12, Salt Lake City",ITA Salt Lake City,Salt Lake City,60y-men,heat,2
international-track-association,1973,"ITA Tour No. 12, Salt Lake City",ITA Salt Lake City,Salt Lake City,60y-men,final,1
international-track-association,1973,"ITA Tour No. 13, Kansas City",ITA Kansas City,Kansas City,60y-men,heat,2
international-track-association,1973,"ITA Tour No. 13, Kansas City",ITA Kansas City,Kansas City,60y-men,final,1
international-track-association,1973,"ITA Tour No. 14, Louisville",ITA Louisville,Louisville,70y-men,heat,2
international-track-association,1973,"ITA Tour No. 14, Louisville",ITA Louisville,Louisville,70y-men,final,1
international-track-association,1973,"ITA Tour No. 15, Richmond",ITA Richmond,Richmond,60y-men,heat,2
international-track-association,1973,"ITA Tour No. 15, Richmond",ITA Richmond,Richmond,60y-men,final,1
international-track-association,1975,Montreal ITA,ITA Montreal,Montreal,50y-men,heat,2
international-track-association,1975,Montreal ITA,ITA Montreal,Montreal,50y-men,final,1
international-track-association,1975,Montreal ITA,ITA Montreal,Montreal,400m-men,final,2
usa-ussr-dual-meet,1972,USA–USSR Indoor Dual Meet 1972,,Richmond,60y-men,final,1
usa-ussr-dual-meet,1972,USA–USSR Indoor Dual Meet 1972,,Richmond,600y-men,final,1
usa-ussr-dual-meet,1972,USA–USSR Indoor Dual Meet 1972,,Richmond,1000y-men,final,1
usa-ussr-dual-meet,1972,USA–USSR Indoor Dual Meet 1972,,Richmond,mile-men,final,1
usa-ussr-dual-meet,1972,USA–USSR Indoor Dual Meet 1972,,Richmond,3-miles-men,final,1
usa-ussr-dual-meet,1972,USA–USSR Indoor Dual Meet 1972,,Richmond,60yh-men,final,1
usa-ussr-dual-meet,1973,USA–USSR Indoor Dual Meet 1973,,Richmond,60y-men,final,1
usa-ussr-dual-meet,1973,USA–USSR Indoor Dual Meet 1973,,Richmond,600y-men,final,1
usa-ussr-dual-meet,1973,USA–USSR Indoor Dual Meet 1973,,Richmond,1000y-men,final,1
usa-ussr-dual-meet,1973,USA–USSR Indoor Dual Meet 1973,,Richmond,mile-men,final,1
usa-ussr-dual-meet,1973,USA–USSR Indoor Dual Meet 1973,,Richmond,3-miles-men,final,1
usa-ussr-dual-meet,1973,USA–USSR Indoor Dual Meet 1973,,Richmond,60yh-men,final,1
usa-ussr-dual-meet,1974,USA–USSR Indoor Dual Meet 1974,,Moscow,60m-men,final,1
usa-ussr-dual-meet,1974,USA–USSR Indoor Dual Meet 1974,,Moscow,400m-men,final,1
usa-ussr-dual-meet,1974,USA–USSR Indoor Dual Meet 1974,,Moscow,800m-men,final,1
usa-ussr-dual-meet,1974,USA–USSR Indoor Dual Meet 1974,,Moscow,1500m-men,final,1
usa-ussr-dual-meet,1974,USA–USSR Indoor Dual Meet 1974,,Moscow,5000m-men,final,1
usa-ussr-dual-meet,1974,USA–USSR Indoor Dual Meet 1974,,Moscow,60mh-men,final,1
usa-ussr-dual-meet,1975,USA–USSR Indoor Dual Meet 1975,,Richmond,60y-men,final,1
usa-ussr-dual-meet,1975,USA–USSR Indoor Dual Meet 1975,,Richmond,440y-men,final,1
usa-ussr-dual-meet,1975,USA–USSR Indoor Dual Meet 1975,,Richmond,880y-men,final,1
usa-ussr-dual-meet,1975,USA–USSR Indoor Dual Meet 1975,,Richmond,mile-men,final,1
usa-ussr-dual-meet,1975,USA–USSR Indoor Dual Meet 1975,,Richmond,3-miles-men,final,1
usa-ussr-dual-meet,1975,USA–USSR Indoor Dual Meet 1975,,Richmond,60yh-men,final,1
usa-ussr-dual-meet,1975,USA–USSR Indoor Dual Meet 1975,,Richmond,60y-women,final,1
usa-ussr-dual-meet,1975,USA–USSR Indoor Dual Meet 1975,,Richmond,440y-women,final,1
usa-ussr-dual-meet,1975,USA–USSR Indoor Dual Meet 1975,,Richmond,880y-women,final,1
usa-ussr-dual-meet,1975,USA–USSR Indoor Dual Meet 1975,,Richmond,mile-women,final,1
usa-ussr-dual-meet,1975,USA–USSR Indoor Dual Meet 1975,,Richmond,2-miles-women,final,1
usa-ussr-dual-meet,1975,USA–USSR Indoor Dual Meet 1975,,Richmond,60yh-women,final,1
usa-ussr-dual-meet,1976,USA–USSR Indoor Dual Meet 1976,,Leningrad,60m-men,final,1
usa-ussr-dual-meet,1976,USA–USSR Indoor Dual Meet 1976,,Leningrad,400m-men,final,1
usa-ussr-dual-meet,1976,USA–USSR Indoor Dual Meet 1976,,Leningrad,800m-men,final,1
usa-ussr-dual-meet,1976,USA–USSR Indoor Dual Meet 1976,,Leningrad,1500m-men,final,1
usa-ussr-dual-meet,1976,USA–USSR Indoor Dual Meet 1976,,Leningrad,5000m-men,final,1
usa-ussr-dual-meet,1976,USA–USSR Indoor Dual Meet 1976,,Leningrad,60mh-men,final,1
usa-ussr-dual-meet,1976,USA–USSR Indoor Dual Meet 1976,,Leningrad,60m-women,final,1
usa-ussr-dual-meet,1976,USA–USSR Indoor Dual Meet 1976,,Leningrad,400m-women,final,1
usa-ussr-dual-meet,1976,USA–USSR Indoor Dual Meet 1976,,Leningrad,600m-women,final,1
usa-ussr-dual-meet,1976,USA–USSR Indoor Dual Meet 1976,,Leningrad,800m-women,final,1
usa-ussr-dual-meet,1976,USA–USSR Indoor Dual Meet 1976,,Leningrad,1500m-women,final,1
usa-ussr-dual-meet,1976,USA–USSR Indoor Dual Meet 1976,,Leningrad,3000m-women,final,1
usa-ussr-dual-meet,1976,USA–USSR Indoor Dual Meet 1976,,Leningrad,60mh-women,final,1
usa-ussr-dual-meet,1977,USA–USSR–Canada Indoor Meet 1977,,Toronto,50y-men,final,1
usa-ussr-dual-meet,1977,USA–USSR–Canada Indoor Meet 1977,,Toronto,440y-men,final,1
usa-ussr-dual-meet,1977,USA–USSR–Canada Indoor Meet 1977,,Toronto,880y-men,final,1
usa-ussr-dual-meet,1977,USA–USSR–Canada Indoor Meet 1977,,Toronto,mile-men,final,1
usa-ussr-dual-meet,1977,USA–USSR–Canada Indoor Meet 1977,,Toronto,3-miles-men,final,1
usa-ussr-dual-meet,1977,USA–USSR–Canada Indoor Meet 1977,,Toronto,50yh-men,final,1
usa-ussr-dual-meet,1977,USA–USSR–Canada Indoor Meet 1977,,Toronto,50y-women,final,1
usa-ussr-dual-meet,1977,USA–USSR–Canada Indoor Meet 1977,,Toronto,440y-women,final,1
usa-ussr-dual-meet,1977,USA–USSR–Canada Indoor Meet 1977,,Toronto,600y-women,final,1
usa-ussr-dual-meet,1977,USA–USSR–Canada Indoor Meet 1977,,Toronto,880y-women,final,1
usa-ussr-dual-meet,1977,USA–USSR–Canada Indoor Meet 1977,,Toronto,mile-women,final,1
usa-ussr-dual-meet,1977,USA–USSR–Canada Indoor Meet 1977,,Toronto,2-miles-women,final,1
usa-ussr-dual-meet,1977,USA–USSR–Canada Indoor Meet 1977,,Toronto,50yh-women,final,1
usa-ussr-dual-meet,1979,USA–USSR Indoor Dual Meet 1979,,Fort Worth,60y-men,final,1
usa-ussr-dual-meet,1979,USA–USSR Indoor Dual Meet 1979,,Fort Worth,440y-men,final,1
usa-ussr-dual-meet,1979,USA–USSR Indoor Dual Meet 1979,,Fort Worth,880y-men,final,1
usa-ussr-dual-meet,1979,USA–USSR Indoor Dual Meet 1979,,Fort Worth,mile-men,final,1
usa-ussr-dual-meet,1979,USA–USSR Indoor Dual Meet 1979,,Fort Worth,3-miles-men,final,1
usa-ussr-dual-meet,1979,USA–USSR Indoor Dual Meet 1979,,Fort Worth,60yh-men,final,1
usa-ussr-dual-meet,1979,USA–USSR Indoor Dual Meet 1979,,Fort Worth,60y-women,final,1
usa-ussr-dual-meet,1979,USA–USSR Indoor Dual Meet 1979,,Fort Worth,440y-women,final,1
usa-ussr-dual-meet,1979,USA–USSR Indoor Dual Meet 1979,,Fort Worth,880y-women,final,1
usa-ussr-dual-meet,1979,USA–USSR Indoor Dual Meet 1979,,Fort Worth,mile-women,final,1
usa-ussr-dual-meet,1979,USA–USSR Indoor Dual Meet 1979,,Fort Worth,2-miles-women,final,1
usa-ussr-dual-meet,1979,USA–USSR Indoor Dual Meet 1979,,Fort Worth,60yh-women,final,1
iaaf-golden-events,1978,Dubai Golden Mile (IAAF Golden Mile),Tokyo Eight Nations International,Tokyo,mile-men,final,1
iaaf-golden-events,1979,IAAF Golden Mile,Bislett Games,Oslo,mile-men,final,1
iaaf-golden-events,1979,"IAAF Golden 10,000m",Memorial Van Damme,Brussels,10000m-men,final,1
iaaf-golden-events,1980,IAAF Golden Mile,London Grand Prix / Crystal Palace international,London,mile-men,final,1
iaaf-golden-events,1981,IAAF Golden 5000m,Gateshead Games,Gateshead,5000m-men,final,1
iaaf-golden-events,1981,"IAAF Golden 10,000m",,Prague,10000m-men,final,1
iaaf-golden-events,1981,IAAF Golden Mile,Memorial Van Damme,Brussels,mile-men,final,1
olympic-test-events,1967,"III Semana Deportiva Internacional (""Little Olympics"")",,Mexico City,100m-men,heat,3
olympic-test-events,1967,"III Semana Deportiva Internacional (""Little Olympics"")",,Mexico City,100m-men,final,1
olympic-test-events,1967,"III Semana Deportiva Internacional (""Little Olympics"")",,Mexico City,200m-men,heat,2
olympic-test-events,1967,"III Semana Deportiva Internacional (""Little Olympics"")",,Mexico City,200m-men,final,1
olympic-test-events,1967,"III Semana Deportiva Internacional (""Little Olympics"")",,Mexico City,400m-men,heat,2
olympic-test-events,1967,"III Semana Deportiva Internacional (""Little Olympics"")",,Mexico City,400m-men,final,1
olympic-test-events,1967,"III Semana Deportiva Internacional (""Little Olympics"")",,Mexico City,800m-men,heat,3
olympic-test-events,1967,"III Semana Deportiva Internacional (""Little Olympics"")",,Mexico City,800m-men,final,1
olympic-test-events,1967,"III Semana Deportiva Internacional (""Little Olympics"")",,Mexico City,1500m-men,heat,3
olympic-test-events,1967,"III Semana Deportiva Internacional (""Little Olympics"")",,Mexico City,1500m-men,final,1
olympic-test-events,1967,"III Semana Deportiva Internacional (""Little Olympics"")",,Mexico City,5000m-men,heat,3
olympic-test-events,1967,"III Semana Deportiva Internacional (""Little Olympics"")",,Mexico City,5000m-men,final,1
olympic-test-events,1967,"III Semana Deportiva Internacional (""Little Olympics"")",,Mexico City,10000m-men,final,1
olympic-test-events,1967,"III Semana Deportiva Internacional (""Little Olympics"")",,Mexico City,3000msc-men,final,1
olympic-test-events,1967,"III Semana Deportiva Internacional (""Little Olympics"")",,Mexico City,110mh-men,final,1
olympic-test-events,1967,"III Semana Deportiva Internacional (""Little Olympics"")",,Mexico City,400mh-men,final,1
olympic-test-events,1967,"III Semana Deportiva Internacional (""Little Olympics"")",,Mexico City,100m-women,heat,2
olympic-test-events,1967,"III Semana Deportiva Internacional (""Little Olympics"")",,Mexico City,100m-women,final,1
olympic-test-events,1967,"III Semana Deportiva Internacional (""Little Olympics"")",,Mexico City,200m-women,heat,2
olympic-test-events,1967,"III Semana Deportiva Internacional (""Little Olympics"")",,Mexico City,200m-women,final,1
olympic-test-events,1967,"III Semana Deportiva Internacional (""Little Olympics"")",,Mexico City,400m-women,heat,2
olympic-test-events,1967,"III Semana Deportiva Internacional (""Little Olympics"")",,Mexico City,400m-women,final,1
olympic-test-events,1967,"III Semana Deportiva Internacional (""Little Olympics"")",,Mexico City,800m-women,heat,2
olympic-test-events,1967,"III Semana Deportiva Internacional (""Little Olympics"")",,Mexico City,800m-women,final,1
olympic-test-events,1967,"III Semana Deportiva Internacional (""Little Olympics"")",,Mexico City,80mh-women,final,1
olympic-test-events,1971,Munich Pre-Olympic Meet (15th Hanns-Braun-Sportfest),Hanns-Braun-Sportfest,Munich,100m-men,heat,6
olympic-test-events,1971,Munich Pre-Olympic Meet (15th Hanns-Braun-Sportfest),Hanns-Braun-Sportfest,Munich,100m-men,semi-final,2
olympic-test-events,1971,Munich Pre-Olympic Meet (15th Hanns-Braun-Sportfest),Hanns-Braun-Sportfest,Munich,100m-men,final,1
olympic-test-events,1971,Munich Pre-Olympic Meet (15th Hanns-Braun-Sportfest),Hanns-Braun-Sportfest,Munich,200m-men,heat,5
olympic-test-events,1971,Munich Pre-Olympic Meet (15th Hanns-Braun-Sportfest),Hanns-Braun-Sportfest,Munich,200m-men,semi-final,2
olympic-test-events,1971,Munich Pre-Olympic Meet (15th Hanns-Braun-Sportfest),Hanns-Braun-Sportfest,Munich,200m-men,final,1
olympic-test-events,1971,Munich Pre-Olympic Meet (15th Hanns-Braun-Sportfest),Hanns-Braun-Sportfest,Munich,400m-men,heat,4
olympic-test-events,1971,Munich Pre-Olympic Meet (15th Hanns-Braun-Sportfest),Hanns-Braun-Sportfest,Munich,400m-men,semi-final,2
olympic-test-events,1971,Munich Pre-Olympic Meet (15th Hanns-Braun-Sportfest),Hanns-Braun-Sportfest,Munich,400m-men,final,1
olympic-test-events,1971,Munich Pre-Olympic Meet (15th Hanns-Braun-Sportfest),Hanns-Braun-Sportfest,Munich,800m-men,heat,3
olympic-test-events,1971,Munich Pre-Olympic Meet (15th Hanns-Braun-Sportfest),Hanns-Braun-Sportfest,Munich,800m-men,final,1
olympic-test-events,1971,Munich Pre-Olympic Meet (15th Hanns-Braun-Sportfest),Hanns-Braun-Sportfest,Munich,1500m-men,heat,2
olympic-test-events,1971,Munich Pre-Olympic Meet (15th Hanns-Braun-Sportfest),Hanns-Braun-Sportfest,Munich,1500m-men,final,1
olympic-test-events,1971,Munich Pre-Olympic Meet (15th Hanns-Braun-Sportfest),Hanns-Braun-Sportfest,Munich,5000m-men,final,1
olympic-test-events,1971,Munich Pre-Olympic Meet (15th Hanns-Braun-Sportfest),Hanns-Braun-Sportfest,Munich,10000m-men,final,1
olympic-test-events,1971,Munich Pre-Olympic Meet (15th Hanns-Braun-Sportfest),Hanns-Braun-Sportfest,Munich,3000msc-men,final,1
olympic-test-events,1971,Munich Pre-Olympic Meet (15th Hanns-Braun-Sportfest),Hanns-Braun-Sportfest,Munich,110mh-men,heat,3
olympic-test-events,1971,Munich Pre-Olympic Meet (15th Hanns-Braun-Sportfest),Hanns-Braun-Sportfest,Munich,110mh-men,final,1
olympic-test-events,1971,Munich Pre-Olympic Meet (15th Hanns-Braun-Sportfest),Hanns-Braun-Sportfest,Munich,400mh-men,heat,3
olympic-test-events,1971,Munich Pre-Olympic Meet (15th Hanns-Braun-Sportfest),Hanns-Braun-Sportfest,Munich,400mh-men,final,1
olympic-test-events,1971,Munich Pre-Olympic Meet (15th Hanns-Braun-Sportfest),Hanns-Braun-Sportfest,Munich,100m-women,heat,3
olympic-test-events,1971,Munich Pre-Olympic Meet (15th Hanns-Braun-Sportfest),Hanns-Braun-Sportfest,Munich,100m-women,final,1
olympic-test-events,1971,Munich Pre-Olympic Meet (15th Hanns-Braun-Sportfest),Hanns-Braun-Sportfest,Munich,200m-women,heat,4
olympic-test-events,1971,Munich Pre-Olympic Meet (15th Hanns-Braun-Sportfest),Hanns-Braun-Sportfest,Munich,200m-women,final,1
olympic-test-events,1971,Munich Pre-Olympic Meet (15th Hanns-Braun-Sportfest),Hanns-Braun-Sportfest,Munich,400m-women,heat,3
olympic-test-events,1971,Munich Pre-Olympic Meet (15th Hanns-Braun-Sportfest),Hanns-Braun-Sportfest,Munich,400m-women,final,1
olympic-test-events,1971,Munich Pre-Olympic Meet (15th Hanns-Braun-Sportfest),Hanns-Braun-Sportfest,Munich,800m-women,heat,3
olympic-test-events,1971,Munich Pre-Olympic Meet (15th Hanns-Braun-Sportfest),Hanns-Braun-Sportfest,Munich,800m-women,final,1
olympic-test-events,1971,Munich Pre-Olympic Meet (15th Hanns-Braun-Sportfest),Hanns-Braun-Sportfest,Munich,1500m-women,final,1
olympic-test-events,1971,Munich Pre-Olympic Meet (15th Hanns-Braun-Sportfest),Hanns-Braun-Sportfest,Munich,100mh-women,heat,2
olympic-test-events,1971,Munich Pre-Olympic Meet (15th Hanns-Braun-Sportfest),Hanns-Braun-Sportfest,Munich,100mh-women,final,1
exhibition-record-attempts,2020,NN Valencia World Record Day,NN Valencia World Record Day,Valencia,5000m-women,final,1
exhibition-record-attempts,2020,NN Valencia World Record Day,NN Valencia World Record Day,Valencia,10000m-men,final,1
exhibition-record-attempts,2025,Breaking4,Nike Breaking4,Paris,mile-women,final,1
iaaf-grand-prix,1985,Znamensky Memorial,Brothers Znamensky Memorial,Moscow,800m-women,final,2
iaaf-grand-prix,1985,Znamensky Memorial,Brothers Znamensky Memorial,Moscow,1500m-women,final,2
iaaf-grand-prix,1985,Znamensky Memorial,Brothers Znamensky Memorial,Moscow,400mh-women,final,2
iaaf-grand-prix,1985,Nikaia,Meeting Nikaïa,Nice,400m-men,final,2
iaaf-grand-prix,1985,Nikaia,Meeting Nikaïa,Nice,110mh-men,heat,2
iaaf-grand-prix,1985,Nikaia,Meeting Nikaïa,Nice,110mh-men,final,1
iaaf-grand-prix,1985,Peugeot Talbot Games,London Grand Prix,London,110mh-men,final,2
iaaf-grand-prix,1985,Weltklasse,Weltklasse Zürich,Zürich,100m-men,heat,2
iaaf-grand-prix,1985,Weltklasse,Weltklasse Zürich,Zürich,100m-men,final,1
iaaf-grand-prix,1985,Weltklasse,Weltklasse Zürich,Zürich,200m-men,final,2
iaaf-grand-prix,1985,Weltklasse,Weltklasse Zürich,Zürich,400m-men,final,3
iaaf-grand-prix,1985,Weltklasse,Weltklasse Zürich,Zürich,800m-men,final,3
iaaf-grand-prix,1985,Weltklasse,Weltklasse Zürich,Zürich,110mh-men,final,2
iaaf-grand-prix,1985,Weltklasse,Weltklasse Zürich,Zürich,100m-women,heat,3
iaaf-grand-prix,1985,Weltklasse,Weltklasse Zürich,Zürich,100m-women,final,1
iaaf-grand-prix,1985,Weltklasse,Weltklasse Zürich,Zürich,200m-women,final,2
iaaf-grand-prix,1985,Weltklasse,Weltklasse Zürich,Zürich,100mh-women,final,2
iaaf-grand-prix,1985,ISTAF,ISTAF Berlin,Berlin,200m-men,final,2
iaaf-grand-prix,1985,ISTAF,ISTAF Berlin,Berlin,400m-men,final,2
iaaf-grand-prix,1985,ISTAF,ISTAF Berlin,Berlin,800m-men,final,2
iaaf-grand-prix,1985,ISTAF,ISTAF Berlin,Berlin,1500m-men,final,2
iaaf-grand-prix,1985,ISTAF,ISTAF Berlin,Berlin,110mh-men,final,2
iaaf-grand-prix,1985,ISTAF,ISTAF Berlin,Berlin,100m-women,heat,3
iaaf-grand-prix,1985,ISTAF,ISTAF Berlin,Berlin,100m-women,final,1
iaaf-grand-prix,1985,ISTAF,ISTAF Berlin,Berlin,100mh-women,final,2
iaaf-grand-prix,1985,Weltklasse in Köln,Weltklasse in Köln,Köln,400m-men,final,2
iaaf-grand-prix,1985,1st IAAF/Mobil Grand Prix Final,Golden Gala,Rome,110mh-men,heat,2
iaaf-grand-prix,1985,1st IAAF/Mobil Grand Prix Final,Golden Gala,Rome,110mh-men,final,1
iaaf-grand-prix,1986,Pravda-Televízia-Slovnaft (P-T-S),P-T-S Bratislava,Bratislava,100mh-women,heat,2
iaaf-grand-prix,1986,Pravda-Televízia-Slovnaft (P-T-S),P-T-S Bratislava,Bratislava,100mh-women,final,1
iaaf-grand-prix,1986,DN Galan,DN Galan,Stockholm,800m-men,final,2
iaaf-grand-prix,1986,Olympic Day (Olympischer Tag),Olympischer Tag,Dresden,100mh-women,heat,2
iaaf-grand-prix,1986,Olympic Day (Olympischer Tag),Olympischer Tag,Dresden,100mh-women,final,1
iaaf-grand-prix,1986,Goodwill Games,Goodwill Games,Moscow,100m-men,final,2
iaaf-grand-prix,1986,Goodwill Games,Goodwill Games,Moscow,400m-men,final,3
iaaf-grand-prix,1986,Goodwill Games,Goodwill Games,Moscow,800m-men,final,2
iaaf-grand-prix,1986,Goodwill Games,Goodwill Games,Moscow,1500m-men,final,2
iaaf-grand-prix,1986,Goodwill Games,Goodwill Games,Moscow,3000msc-men,final,2
iaaf-grand-prix,1986,Goodwill Games,Goodwill Games,Moscow,110mh-men,final,2
iaaf-grand-prix,1986,Goodwill Games,Goodwill Games,Moscow,400mh-men,final,2
iaaf-grand-prix,1986,Goodwill Games,Goodwill Games,Moscow,200m-women,final,2
iaaf-grand-prix,1986,Goodwill Games,Goodwill Games,Moscow,400m-women,final,2
iaaf-grand-prix,1986,Goodwill Games,Goodwill Games,Moscow,100mh-women,heat,2
iaaf-grand-prix,1986,Goodwill Games,Goodwill Games,Moscow,100mh-women,final,1
iaaf-grand-prix,1986,Goodwill Games,Goodwill Games,Moscow,400mh-women,final,2
iaaf-grand-prix,1986,Peugeot Talbot Games,London Grand Prix,London,400m-men,final,2
iaaf-grand-prix,1986,Nikaia,Meeting Nikaïa,Nice,100m-men,heat,2
iaaf-grand-prix,1986,Nikaia,Meeting Nikaïa,Nice,100m-men,final,1
iaaf-grand-prix,1986,Nikaia,Meeting Nikaïa,Nice,200m-men,final,2
iaaf-grand-prix,1986,Budapest Grand Prix,Budapest Grand Prix,Budapest,100m-men,heat,3
iaaf-grand-prix,1986,Budapest Grand Prix,Budapest Grand Prix,Budapest,100m-men,final,1
iaaf-grand-prix,1986,Budapest Grand Prix,Budapest Grand Prix,Budapest,800m-men,final,2
iaaf-grand-prix,1986,Budapest Grand Prix,Budapest Grand Prix,Budapest,110mh-men,final,2
iaaf-grand-prix,1986,Budapest Grand Prix,Budapest Grand Prix,Budapest,400mh-men,final,3
iaaf-grand-prix,1986,Budapest Grand Prix,Budapest Grand Prix,Budapest,200m-women,final,2
iaaf-grand-prix,1986,Budapest Grand Prix,Budapest Grand Prix,Budapest,400m-women,final,2
iaaf-grand-prix,1986,Budapest Grand Prix,Budapest Grand Prix,Budapest,100mh-women,final,2
iaaf-grand-prix,1986,Weltklasse,Weltklasse Zürich,Zürich,100m-men,final,2
iaaf-grand-prix,1986,Weltklasse,Weltklasse Zürich,Zürich,200m-men,final,2
iaaf-grand-prix,1986,Weltklasse,Weltklasse Zürich,Zürich,400m-men,final,3
iaaf-grand-prix,1986,Weltklasse,Weltklasse Zürich,Zürich,800m-men,final,3
iaaf-grand-prix,1986,Weltklasse,Weltklasse Zürich,Zürich,1500m-men,final,2
iaaf-grand-prix,1986,Weltklasse,Weltklasse Zürich,Zürich,110mh-men,final,2
iaaf-grand-prix,1986,Weltklasse,Weltklasse Zürich,Zürich,400mh-men,final,2
iaaf-grand-prix,1986,Weltklasse,Weltklasse Zürich,Zürich,100m-women,final,2
iaaf-grand-prix,1986,Weltklasse,Weltklasse Zürich,Zürich,200m-women,final,2
iaaf-grand-prix,1986,Weltklasse,Weltklasse Zürich,Zürich,100mh-women,final,2
iaaf-grand-prix,1986,ISTAF,ISTAF Berlin,Berlin,100m-men,final,4
iaaf-grand-prix,1986,ISTAF,ISTAF Berlin,Berlin,400m-men,final,2
iaaf-grand-prix,1986,ISTAF,ISTAF Berlin,Berlin,800m-men,final,2
iaaf-grand-prix,1986,ISTAF,ISTAF Berlin,Berlin,400mh-men,final,2
iaaf-grand-prix,1986,ISTAF,ISTAF Berlin,Berlin,100m-women,final,3
iaaf-grand-prix,1986,ISTAF,ISTAF Berlin,Berlin,400m-women,final,2
iaaf-grand-prix,1986,ISTAF,ISTAF Berlin,Berlin,100mh-women,final,2
iaaf-grand-prix,1986,Weltklasse in Köln,Weltklasse in Köln,Köln,100m-men,heat,3
iaaf-grand-prix,1986,Weltklasse in Köln,Weltklasse in Köln,Köln,100m-men,final,1
iaaf-grand-prix,1986,Weltklasse in Köln,Weltklasse in Köln,Köln,400m-men,final,3
iaaf-grand-prix,1986,Weltklasse in Köln,Weltklasse in Köln,Köln,800m-men,final,3
iaaf-grand-prix,1986,Weltklasse in Köln,Weltklasse in Köln,Köln,400mh-men,final,2
iaaf-grand-prix,1986,Weltklasse in Köln,Weltklasse in Köln,Köln,200m-women,final,3
iaaf-grand-prix,1986,Weltklasse in Köln,Weltklasse in Köln,Köln,400m-women,final,2
iaaf-grand-prix,1986,Weltklasse in Köln,Weltklasse in Köln,Köln,100mh-women,heat,2
iaaf-grand-prix,1986,Weltklasse in Köln,Weltklasse in Köln,Köln,100mh-women,final,1
iaaf-grand-prix,1986,Ivo Van Damme Memorial,Memorial Van Damme,Brussels,100m-men,heat,2
iaaf-grand-prix,1986,Ivo Van Damme Memorial,Memorial Van Damme,Brussels,100m-men,final,1
iaaf-grand-prix,1986,Ivo Van Damme Memorial,Memorial Van Damme,Brussels,100mh-women,heat,2
iaaf-grand-prix,1986,Ivo Van Damme Memorial,Memorial Van Damme,Brussels,100mh-women,final,1
iaaf-grand-prix,1986,2nd IAAF/Mobil Grand Prix Final,Golden Gala,Rome,100m-men,heat,2
iaaf-grand-prix,1986,2nd IAAF/Mobil Grand Prix Final,Golden Gala,Rome,100m-men,final,1
iaaf-grand-prix,1986,2nd IAAF/Mobil Grand Prix Final,Golden Gala,Rome,100mh-women,heat,2
iaaf-grand-prix,1986,2nd IAAF/Mobil Grand Prix Final,Golden Gala,Rome,100mh-women,final,1
iaaf-grand-prix,1987,S&W Modesto Invitational,Modesto Relays,Modesto,100m-men,final,2
iaaf-grand-prix,1987,S&W Modesto Invitational,Modesto Relays,Modesto,200m-men,final,2
iaaf-grand-prix,1987,Znamensky Memorial,Brothers Znamensky Memorial,Moscow,100m-men,heat,6
iaaf-grand-prix,1987,Znamensky Memorial,Brothers Znamensky Memorial,Moscow,100m-men,final,1
iaaf-grand-prix,1987,Znamensky Memorial,Brothers Znamensky Memorial,Moscow,100m-women,heat,4
iaaf-grand-prix,1987,Znamensky Memorial,Brothers Znamensky Memorial,Moscow,100m-women,final,1
iaaf-grand-prix,1987,Znamensky Memorial,Brothers Znamensky Memorial,Moscow,110mh-men,heat,4
iaaf-grand-prix,1987,Znamensky Memorial,Brothers Znamensky Memorial,Moscow,110mh-men,final,1
iaaf-grand-prix,1987,Znamensky Memorial,Brothers Znamensky Memorial,Moscow,400m-women,heat,1
iaaf-grand-prix,1987,Znamensky Memorial,Brothers Znamensky Memorial,Moscow,400m-women,final,1
iaaf-grand-prix,1987,Budapest Grand Prix,Budapest Grand Prix,Budapest,100m-men,final,2
iaaf-grand-prix,1987,Budapest Grand Prix,Budapest Grand Prix,Budapest,100m-women,heat,3
iaaf-grand-prix,1987,Budapest Grand Prix,Budapest Grand Prix,Budapest,100m-women,final,1
iaaf-grand-prix,1987,Budapest Grand Prix,Budapest Grand Prix,Budapest,110mh-men,heat,3
iaaf-grand-prix,1987,Budapest Grand Prix,Budapest Grand Prix,Budapest,110mh-men,final,1
iaaf-grand-prix,1987,Budapest Grand Prix,Budapest Grand Prix,Budapest,200m-men,final,2
iaaf-grand-prix,1987,Budapest Grand Prix,Budapest Grand Prix,Budapest,400m-men,final,2
iaaf-grand-prix,1987,Budapest Grand Prix,Budapest Grand Prix,Budapest,400mh-men,final,2
iaaf-grand-prix,1987,Budapest Grand Prix,Budapest Grand Prix,Budapest,400mh-women,final,2
iaaf-grand-prix,1987,Budapest Grand Prix,Budapest Grand Prix,Budapest,800m-men,final,2
iaaf-grand-prix,1987,Nikaia,Meeting Nikaïa,Nice,200m-men,final,2
iaaf-grand-prix,1987,Weltklasse in Köln,Weltklasse in Köln,Cologne,200m-men,final,2
iaaf-grand-prix,1987,Weltklasse Zürich,Weltklasse Zürich,Zürich,100m-men,heat,2
iaaf-grand-prix,1987,Weltklasse Zürich,Weltklasse Zürich,Zürich,100m-men,final,1
iaaf-grand-prix,1987,Weltklasse Zürich,Weltklasse Zürich,Zürich,100m-women,heat,2
iaaf-grand-prix,1987,Weltklasse Zürich,Weltklasse Zürich,Zürich,100m-women,final,1
iaaf-grand-prix,1987,Weltklasse Zürich,Weltklasse Zürich,Zürich,110mh-men,final,2
iaaf-grand-prix,1987,Weltklasse Zürich,Weltklasse Zürich,Zürich,400m-men,final,2
iaaf-grand-prix,1987,Weltklasse Zürich,Weltklasse Zürich,Zürich,400mh-men,final,2
iaaf-grand-prix,1987,ISTAF,ISTAF Berlin,West Berlin,400m-men,final,2
iaaf-grand-prix,1987,ISTAF,ISTAF Berlin,West Berlin,800m-women,final,2
iaaf-grand-prix,1987,IAAF/Mobil Grand Prix Final,Memorial Van Damme,Brussels,200m-men,final,2
iaaf-grand-prix,1988,Pravda-Televízia-Slovnaft,P-T-S Bratislava,Bratislava,100m-men,heat,3
iaaf-grand-prix,1988,Pravda-Televízia-Slovnaft,P-T-S Bratislava,Bratislava,100m-men,final,1
iaaf-grand-prix,1988,Znamensky Memorial,Brothers Znamensky Memorial,Leningrad,110mh-men,heat,4
iaaf-grand-prix,1988,Znamensky Memorial,Brothers Znamensky Memorial,Leningrad,110mh-men,final,1
iaaf-grand-prix,1988,Znamensky Memorial,Brothers Znamensky Memorial,Leningrad,100m-men,heat,1
iaaf-grand-prix,1988,Znamensky Memorial,Brothers Znamensky Memorial,Leningrad,100m-men,final,1
iaaf-grand-prix,1988,Znamensky Memorial,Brothers Znamensky Memorial,Leningrad,100m-women,heat,3
iaaf-grand-prix,1988,Znamensky Memorial,Brothers Znamensky Memorial,Leningrad,100m-women,final,1
iaaf-grand-prix,1988,Znamensky Memorial,Brothers Znamensky Memorial,Leningrad,100mh-women,heat,3
iaaf-grand-prix,1988,Znamensky Memorial,Brothers Znamensky Memorial,Leningrad,100mh-women,final,1
iaaf-grand-prix,1988,Athletissima '88,Athletissima,Lausanne,100m-men,final,3
iaaf-grand-prix,1988,Athletissima '88,Athletissima,Lausanne,100mh-women,final,2
iaaf-grand-prix,1988,Athletissima '88,Athletissima,Lausanne,200m-women,final,2
iaaf-grand-prix,1988,Athletissima '88,Athletissima,Lausanne,400mh-men,final,2
iaaf-grand-prix,1988,Athletissima '88,Athletissima,Lausanne,800m-men,final,2
iaaf-grand-prix,1988,Golden Gala,Golden Gala,Verona,100m-men,final,2
iaaf-grand-prix,1988,Weltklasse in Zürich,Weltklasse Zürich,Zürich,100m-men,final,3
iaaf-grand-prix,1988,Weltklasse in Zürich,Weltklasse Zürich,Zürich,400m-men,final,2
iaaf-grand-prix,1988,Weltklasse in Zürich,Weltklasse Zürich,Zürich,800m-men,final,2
iaaf-grand-prix,1988,Weltklasse in Zürich,Weltklasse Zürich,Zürich,110mh-men,final,2
iaaf-grand-prix,1988,Weltklasse in Zürich,Weltklasse Zürich,Zürich,200m-men,final,2
iaaf-grand-prix,1988,Weltklasse in Zürich,Weltklasse Zürich,Zürich,400mh-men,final,2
iaaf-grand-prix,1988,Weltklasse in Zürich,Weltklasse Zürich,Zürich,100m-women,final,2
iaaf-grand-prix,1988,Weltklasse in Zürich,Weltklasse Zürich,Zürich,100mh-women,final,2
iaaf-grand-prix,1988,Weltklasse in Zürich,Weltklasse Zürich,Zürich,800m-women,final,2
iaaf-grand-prix,1988,Weltklasse in Zürich,Weltklasse Zürich,Zürich,200m-women,final,2
iaaf-grand-prix,1988,Ivo Van Damme Memorial,Memorial Van Damme,Brussels,1500m-men,final,2
iaaf-grand-prix,1988,Weltklasse in Köln,Weltklasse in Köln,Cologne,400m-men,final,3
iaaf-grand-prix,1988,Weltklasse in Köln,Weltklasse in Köln,Cologne,400m-women,final,2
iaaf-grand-prix,1988,Weltklasse in Köln,Weltklasse in Köln,Cologne,800m-men,final,2
iaaf-grand-prix,1989,Brothers Znamensky Memorial,Brothers Znamensky Memorial,Volgograd,400m-men,heat,2
iaaf-grand-prix,1989,Brothers Znamensky Memorial,Brothers Znamensky Memorial,Volgograd,400m-men,final,1
iaaf-grand-prix,1989,Brothers Znamensky Memorial,Brothers Znamensky Memorial,Volgograd,110mh-men,heat,3
iaaf-grand-prix,1989,Brothers Znamensky Memorial,Brothers Znamensky Memorial,Volgograd,110mh-men,final,1
iaaf-grand-prix,1989,Brothers Znamensky Memorial,Brothers Znamensky Memorial,Volgograd,100m-women,heat,4
iaaf-grand-prix,1989,Brothers Znamensky Memorial,Brothers Znamensky Memorial,Volgograd,100m-women,final,1
iaaf-grand-prix,1989,Brothers Znamensky Memorial,Brothers Znamensky Memorial,Volgograd,200m-women,heat,1
iaaf-grand-prix,1989,Brothers Znamensky Memorial,Brothers Znamensky Memorial,Volgograd,200m-women,final,1
iaaf-grand-prix,1989,Brothers Znamensky Memorial,Brothers Znamensky Memorial,Volgograd,400m-women,heat,1
iaaf-grand-prix,1989,Brothers Znamensky Memorial,Brothers Znamensky Memorial,Volgograd,400m-women,final,1
iaaf-grand-prix,1989,Brothers Znamensky Memorial,Brothers Znamensky Memorial,Volgograd,100mh-women,heat,2
iaaf-grand-prix,1989,Brothers Znamensky Memorial,Brothers Znamensky Memorial,Volgograd,100mh-women,final,1
iaaf-grand-prix,1989,Brothers Znamensky Memorial,Brothers Znamensky Memorial,Volgograd,400mh-women,heat,1
iaaf-grand-prix,1989,Brothers Znamensky Memorial,Brothers Znamensky Memorial,Volgograd,400mh-women,final,1
iaaf-grand-prix,1989,Athletissima '89,Athletissima,Lausanne,800m-men,final,2
iaaf-grand-prix,1989,Athletissima '89,Athletissima,Lausanne,110mh-men,final,2
iaaf-grand-prix,1989,Athletissima '89,Athletissima,Lausanne,100m-women,final,2
iaaf-grand-prix,1989,Athletissima '89,Athletissima,Lausanne,800m-women,final,2
iaaf-grand-prix,1989,Mobil Bislett Games,Bislett Games,Oslo,800m-men,final,2
iaaf-grand-prix,1989,Olympischer Tag,Olympischer Tag East Berlin,East Berlin,400mh-women,final,2
iaaf-grand-prix,1989,Nikaia,Meeting Nikaïa,Nice,200m-men,final,2
iaaf-grand-prix,1989,Nikaia,Meeting Nikaïa,Nice,400m-men,final,2
iaaf-grand-prix,1989,Golden Gala,Golden Gala,Pescara,200m-men,final,2
iaaf-grand-prix,1989,Golden Gala,Golden Gala,Pescara,400m-men,final,2
iaaf-grand-prix,1989,Golden Gala,Golden Gala,Pescara,110mh-men,final,2
iaaf-grand-prix,1989,Golden Gala,Golden Gala,Pescara,100m-women,final,2
iaaf-grand-prix,1989,Hungalu Budapest Grand Prix,Budapest Grand Prix,Budapest,100m-men,final,2
iaaf-grand-prix,1989,Hungalu Budapest Grand Prix,Budapest Grand Prix,Budapest,400m-men,final,2
iaaf-grand-prix,1989,Hungalu Budapest Grand Prix,Budapest Grand Prix,Budapest,800m-women,final,2
iaaf-grand-prix,1989,Weltklasse in Zürich,Weltklasse Zürich,Zürich,100m-men,final,2
iaaf-grand-prix,1989,Weltklasse in Zürich,Weltklasse Zürich,Zürich,200m-men,final,2
iaaf-grand-prix,1989,Weltklasse in Zürich,Weltklasse Zürich,Zürich,400m-men,final,2
iaaf-grand-prix,1989,Weltklasse in Zürich,Weltklasse Zürich,Zürich,800m-men,final,2
iaaf-grand-prix,1989,Weltklasse in Zürich,Weltklasse Zürich,Zürich,1500m-men,final,2
iaaf-grand-prix,1989,Weltklasse in Zürich,Weltklasse Zürich,Zürich,110mh-men,final,2
iaaf-grand-prix,1989,Weltklasse in Zürich,Weltklasse Zürich,Zürich,100m-women,heat,3
iaaf-grand-prix,1989,Weltklasse in Zürich,Weltklasse Zürich,Zürich,100m-women,final,1
iaaf-grand-prix,1989,Weltklasse in Zürich,Weltklasse Zürich,Zürich,100mh-women,final,2
iaaf-grand-prix,1989,Weltklasse in Köln,Weltklasse in Köln,Cologne,400m-men,final,2
iaaf-grand-prix,1989,Weltklasse in Köln,Weltklasse in Köln,Cologne,3000m-men,final,2
iaaf-grand-prix,1989,Weltklasse in Köln,Weltklasse in Köln,Cologne,800m-women,final,2
iaaf-grand-prix,1990,Brothers Znamensky Memorial,Brothers Znamensky Memorial,Moscow,100m-men,heat,3
iaaf-grand-prix,1990,Brothers Znamensky Memorial,Brothers Znamensky Memorial,Moscow,100m-men,final,1
iaaf-grand-prix,1990,Brothers Znamensky Memorial,Brothers Znamensky Memorial,Moscow,110mh-men,heat,1
iaaf-grand-prix,1990,Brothers Znamensky Memorial,Brothers Znamensky Memorial,Moscow,110mh-men,final,1
iaaf-grand-prix,1990,Brothers Znamensky Memorial,Brothers Znamensky Memorial,Moscow,400mh-men,heat,1
iaaf-grand-prix,1990,Brothers Znamensky Memorial,Brothers Znamensky Memorial,Moscow,400mh-men,final,1
iaaf-grand-prix,1990,Brothers Znamensky Memorial,Brothers Znamensky Memorial,Moscow,400m-women,final,2
iaaf-grand-prix,1990,Brothers Znamensky Memorial,Brothers Znamensky Memorial,Moscow,800m-women,final,2
iaaf-grand-prix,1990,Brothers Znamensky Memorial,Brothers Znamensky Memorial,Moscow,1500m-women,final,2
iaaf-grand-prix,1990,Brothers Znamensky Memorial,Brothers Znamensky Memorial,Moscow,100mh-women,heat,1
iaaf-grand-prix,1990,Brothers Znamensky Memorial,Brothers Znamensky Memorial,Moscow,100mh-women,final,1
iaaf-grand-prix,1990,Pravda-Televízia-Slovnaft,P-T-S Bratislava,Bratislava,800m-men,final,2
iaaf-grand-prix,1990,Pravda-Televízia-Slovnaft,P-T-S Bratislava,Bratislava,400mh-men,final,2
iaaf-grand-prix,1990,Pravda-Televízia-Slovnaft,P-T-S Bratislava,Bratislava,100mh-women,heat,1
iaaf-grand-prix,1990,Pravda-Televízia-Slovnaft,P-T-S Bratislava,Bratislava,100mh-women,final,1
iaaf-grand-prix,1990,Pravda-Televízia-Slovnaft,P-T-S Bratislava,Bratislava,400mh-women,final,2
iaaf-grand-prix,1990,Meeting BNP,Meeting de Paris,Villeneuve-d'Ascq,800m-men,final,2
iaaf-grand-prix,1990,Meeting BNP,Meeting de Paris,Villeneuve-d'Ascq,100mh-women,final,2
iaaf-grand-prix,1990,Olympischer Tag,Olympischer Tag East Berlin,East Berlin,110mh-men,final,2
iaaf-grand-prix,1990,Olympischer Tag,Olympischer Tag East Berlin,East Berlin,400m-women,final,2
iaaf-grand-prix,1990,Athletissima '90,Athletissima,Lausanne,100m-men,final,3
iaaf-grand-prix,1990,Athletissima '90,Athletissima,Lausanne,110mh-men,final,2
iaaf-grand-prix,1990,Athletissima '90,Athletissima,Lausanne,400mh-men,final,2
iaaf-grand-prix,1990,Athletissima '90,Athletissima,Lausanne,200m-women,final,2
iaaf-grand-prix,1990,Athletissima '90,Athletissima,Lausanne,100mh-women,final,2
iaaf-grand-prix,1990,Mobil Bislett Games,Bislett Games,Oslo,800m-men,final,2
iaaf-grand-prix,1990,Golden Gala,Golden Gala,Bologna,100m-men,final,3
iaaf-grand-prix,1990,Golden Gala,Golden Gala,Bologna,800m-men,final,2
iaaf-grand-prix,1990,Hungalu Budapest Grand Prix,Budapest Grand Prix,Budapest,100m-men,final,3
iaaf-grand-prix,1990,Hungalu Budapest Grand Prix,Budapest Grand Prix,Budapest,400m-women,final,2
iaaf-grand-prix,1990,Weltklasse in Zürich,Weltklasse Zürich,Zürich,100m-men,final,2
iaaf-grand-prix,1990,Weltklasse in Zürich,Weltklasse Zürich,Zürich,200m-men,final,2
iaaf-grand-prix,1990,Weltklasse in Zürich,Weltklasse Zürich,Zürich,400m-men,final,2
iaaf-grand-prix,1990,Weltklasse in Zürich,Weltklasse Zürich,Zürich,800m-men,final,2
iaaf-grand-prix,1990,Weltklasse in Zürich,Weltklasse Zürich,Zürich,1500m-men,final,2
iaaf-grand-prix,1990,Weltklasse in Zürich,Weltklasse Zürich,Zürich,110mh-men,final,2
iaaf-grand-prix,1990,Weltklasse in Zürich,Weltklasse Zürich,Zürich,400mh-men,final,2
iaaf-grand-prix,1990,Weltklasse in Zürich,Weltklasse Zürich,Zürich,100m-women,final,2
iaaf-grand-prix,1990,Weltklasse in Zürich,Weltklasse Zürich,Zürich,200m-women,final,2
iaaf-grand-prix,1990,Weltklasse in Zürich,Weltklasse Zürich,Zürich,800m-women,final,2
iaaf-grand-prix,1990,Weltklasse in Zürich,Weltklasse Zürich,Zürich,100mh-women,final,2
iaaf-grand-prix,1990,ISTAF '90,ISTAF Berlin,West Berlin,1000m-women,final,2
iaaf-grand-prix,1990,ISTAF '90,ISTAF Berlin,West Berlin,100mh-women,final,2
iaaf-grand-prix,1990,Weltklasse in Köln,Weltklasse in Köln,Cologne,800m-men,final,2
iaaf-grand-prix,1990,Weltklasse in Köln,Weltklasse in Köln,Cologne,200m-women,final,2
iaaf-grand-prix,1990,Weltklasse in Köln,Weltklasse in Köln,Cologne,400m-women,final,2
iaaf-grand-prix,1991,Bratislava '91 (Pravda-Televízia-Slovnaft),P-T-S Bratislava,Bratislava,100mh-women,heat,2
iaaf-grand-prix,1991,Bratislava '91 (Pravda-Televízia-Slovnaft),P-T-S Bratislava,Bratislava,100mh-women,final,1
iaaf-grand-prix,1991,Brothers Znamensky Memorial,Brothers Znamensky Memorial,Moscow,200m-men,final,2
iaaf-grand-prix,1991,Brothers Znamensky Memorial,Brothers Znamensky Memorial,Moscow,110mh-men,final,2
iaaf-grand-prix,1991,Athletissima '91,Athletissima,Lausanne,100m-men,final,2
iaaf-grand-prix,1991,Golden Gala,Golden Gala,Rome,100m-women,final,2
iaaf-grand-prix,1991,Golden Gala,Golden Gala,Rome,400m-men,final,2
iaaf-grand-prix,1991,Weltklasse in Zürich,Weltklasse Zürich,Zürich,100m-men,final,3
iaaf-grand-prix,1991,Weltklasse in Zürich,Weltklasse Zürich,Zürich,200m-men,final,2
iaaf-grand-prix,1991,Weltklasse in Zürich,Weltklasse Zürich,Zürich,800m-men,final,2
iaaf-grand-prix,1991,Weltklasse in Zürich,Weltklasse Zürich,Zürich,1500m-men,final,2
iaaf-grand-prix,1991,Weltklasse in Zürich,Weltklasse Zürich,Zürich,110mh-men,final,2
iaaf-grand-prix,1991,Weltklasse in Zürich,Weltklasse Zürich,Zürich,400mh-men,final,2
iaaf-grand-prix,1991,Weltklasse in Zürich,Weltklasse Zürich,Zürich,100m-women,final,2
iaaf-grand-prix,1991,Weltklasse in Zürich,Weltklasse Zürich,Zürich,200m-women,final,2
iaaf-grand-prix,1991,Weltklasse in Zürich,Weltklasse Zürich,Zürich,100mh-women,final,2
iaaf-grand-prix,1991,Memorial Ivo Van Damme,Memorial Van Damme,Brussels,5000m-men,final,2
iaaf-grand-prix,1992,Meeting Expo '92,Gran Premio Diputación Sevilla,Seville,200m-men,final,2
iaaf-grand-prix,1992,Meeting Expo '92,Gran Premio Diputación Sevilla,Seville,100mh-women,final,2
iaaf-grand-prix,1992,Mobil Bislett Games,Bislett Games,Oslo,800m-men,final,2
iaaf-grand-prix,1992,Athletissima '92,Athletissima,Lausanne,100m-men,final,2
iaaf-grand-prix,1992,Athletissima '92,Athletissima,Lausanne,800m-men,final,2
iaaf-grand-prix,1992,Athletissima '92,Athletissima,Lausanne,1500m-men,final,2
iaaf-grand-prix,1992,Athletissima '92,Athletissima,Lausanne,100mh-women,final,2
iaaf-grand-prix,1992,London IAAF/Mobil Grand Prix (TSB Games),London Grand Prix,London,110mh-men,heat,2
iaaf-grand-prix,1992,London IAAF/Mobil Grand Prix (TSB Games),London Grand Prix,London,110mh-men,final,1
iaaf-grand-prix,1992,Weltklasse in Köln,Weltklasse in Köln,Cologne,800m-men,final,2
iaaf-grand-prix,1992,Weltklasse in Zürich,Weltklasse Zürich,Zürich,100m-men,final,2
iaaf-grand-prix,1992,Weltklasse in Zürich,Weltklasse Zürich,Zürich,200m-men,final,2
iaaf-grand-prix,1992,Weltklasse in Zürich,Weltklasse Zürich,Zürich,800m-men,final,2
iaaf-grand-prix,1992,Weltklasse in Zürich,Weltklasse Zürich,Zürich,110mh-men,final,2
iaaf-grand-prix,1992,Weltklasse in Zürich,Weltklasse Zürich,Zürich,100m-women,final,2
iaaf-grand-prix,1992,Weltklasse in Zürich,Weltklasse Zürich,Zürich,800m-women,final,2
iaaf-grand-prix,1992,Weltklasse in Zürich,Weltklasse Zürich,Zürich,100mh-women,final,2
iaaf-grand-prix,1992,ISTAF '92,ISTAF Berlin,Berlin,100m-men,final,2
iaaf-grand-prix,1993,New York Games,New York Games,New York,110mh-men,final,2
iaaf-grand-prix,1993,Golden Gala,Golden Gala,Rome,400mh-women,final,2
iaaf-grand-prix,1993,Athletissima '93,Athletissima,Lausanne,100m-men,final,2
iaaf-grand-prix,1993,Athletissima '93,Athletissima,Lausanne,200m-men,final,2
iaaf-grand-prix,1993,Athletissima '93,Athletissima,Lausanne,1500m-men,final,2
iaaf-grand-prix,1993,Mobil Bislett Games,Bislett Games,Oslo,100m-men,heat,2
iaaf-grand-prix,1993,Mobil Bislett Games,Bislett Games,Oslo,100m-men,final,1
iaaf-grand-prix,1993,Mobil Bislett Games,Bislett Games,Oslo,800m-men,final,2
iaaf-grand-prix,1993,The TSB Games,London Grand Prix,London,110mh-men,heat,2
iaaf-grand-prix,1993,The TSB Games,London Grand Prix,London,110mh-men,final,1
iaaf-grand-prix,1993,Weltklasse in Köln,Weltklasse in Köln,Cologne,100m-men,final,2
iaaf-grand-prix,1993,Weltklasse in Köln,Weltklasse in Köln,Cologne,1500m-men,final,2
iaaf-grand-prix,1993,Weltklasse in Köln,Weltklasse in Köln,Cologne,100m-women,final,3
iaaf-grand-prix,1993,Weltklasse Zürich,Weltklasse Zürich,Zürich,100m-men,final,3
iaaf-grand-prix,1993,Weltklasse Zürich,Weltklasse Zürich,Zürich,200m-men,final,2
iaaf-grand-prix,1993,Weltklasse Zürich,Weltklasse Zürich,Zürich,400m-men,final,2
iaaf-grand-prix,1993,Weltklasse Zürich,Weltklasse Zürich,Zürich,800m-men,final,2
iaaf-grand-prix,1993,Weltklasse Zürich,Weltklasse Zürich,Zürich,1500m-men,final,2
iaaf-grand-prix,1993,Weltklasse Zürich,Weltklasse Zürich,Zürich,110mh-men,final,2
iaaf-grand-prix,1993,Weltklasse Zürich,Weltklasse Zürich,Zürich,100m-women,final,2
iaaf-grand-prix,1993,Weltklasse Zürich,Weltklasse Zürich,Zürich,800m-women,final,2
iaaf-grand-prix,1993,Weltklasse Zürich,Weltklasse Zürich,Zürich,100mh-women,final,2
iaaf-grand-prix,1993,ISTAF '93,ISTAF Berlin,Berlin,100m-men,final,2
iaaf-grand-prix,1993,ISTAF '93,ISTAF Berlin,Berlin,100m-women,final,2
iaaf-grand-prix,1994,Golden Gala,Golden Gala,Rome,100m-men,final,2
iaaf-grand-prix,1994,Athletissima '94,Athletissima,Lausanne,100m-men,final,3
iaaf-grand-prix,1994,Athletissima '94,Athletissima,Lausanne,200m-men,final,2
iaaf-grand-prix,1994,Athletissima '94,Athletissima,Lausanne,110mh-men,final,2
iaaf-grand-prix,1994,Athletissima '94,Athletissima,Lausanne,100m-women,final,2
iaaf-grand-prix,1994,Athletissima '94,Athletissima,Lausanne,100mh-women,final,2
iaaf-grand-prix,1994,Meeting BNP d'Athlétisme,Meeting de Paris,Villeneuve-d'Ascq,100m-men,final,2
iaaf-grand-prix,1994,Mobil Bislett Games,Bislett Games,Oslo,100m-men,heat,2
iaaf-grand-prix,1994,Mobil Bislett Games,Bislett Games,Oslo,100m-men,final,1
iaaf-grand-prix,1994,Mobil Bislett Games,Bislett Games,Oslo,110mh-men,heat,3
iaaf-grand-prix,1994,Mobil Bislett Games,Bislett Games,Oslo,110mh-men,final,1
iaaf-grand-prix,1994,Mobil Bislett Games,Bislett Games,Oslo,100mh-women,final,2
iaaf-grand-prix,1994,Weltklasse Zürich,Weltklasse Zürich,Zürich,100m-men,heat,3
iaaf-grand-prix,1994,Weltklasse Zürich,Weltklasse Zürich,Zürich,100m-men,final,1
iaaf-grand-prix,1994,Weltklasse Zürich,Weltklasse Zürich,Zürich,800m-men,final,2
iaaf-grand-prix,1994,Weltklasse Zürich,Weltklasse Zürich,Zürich,110mh-men,final,2
iaaf-grand-prix,1994,Weltklasse Zürich,Weltklasse Zürich,Zürich,200m-women,final,2
iaaf-grand-prix,1994,Weltklasse Zürich,Weltklasse Zürich,Zürich,100mh-women,final,2
iaaf-grand-prix,1994,Weltklasse in Köln,Weltklasse in Köln,Cologne,800m-men,final,2
iaaf-grand-prix,1994,Weltklasse in Köln,Weltklasse in Köln,Cologne,1500m-men,final,2
iaaf-grand-prix,1994,ISTAF '94,ISTAF Berlin,Berlin,100m-men,final,2
iaaf-grand-prix,1994,ISTAF '94,ISTAF Berlin,Berlin,800m-men,final,2
iaaf-grand-prix,1994,ISTAF '94,ISTAF Berlin,Berlin,110mh-men,final,2
iaaf-grand-prix,1994,ISTAF '94,ISTAF Berlin,Berlin,200m-women,final,2
iaaf-grand-prix,1994,ISTAF '94,ISTAF Berlin,Berlin,100mh-women,final,2
iaaf-grand-prix,1997,Grand Prix Brasil de Atletismo,Grande Prêmio Brasil,Rio de Janeiro,100m-men,final,1
iaaf-grand-prix,1997,Grand Prix Brasil de Atletismo,Grande Prêmio Brasil,Rio de Janeiro,200m-men,final,1
iaaf-grand-prix,1997,Grand Prix Brasil de Atletismo,Grande Prêmio Brasil,Rio de Janeiro,800m-men,final,1
iaaf-grand-prix,1997,Grand Prix Brasil de Atletismo,Grande Prêmio Brasil,Rio de Janeiro,1500m-men,final,1
iaaf-grand-prix,1997,Grand Prix Brasil de Atletismo,Grande Prêmio Brasil,Rio de Janeiro,3000m-men,final,1
iaaf-grand-prix,1997,Grand Prix Brasil de Atletismo,Grande Prêmio Brasil,Rio de Janeiro,110mh-men,final,1
iaaf-grand-prix,1997,Grand Prix Brasil de Atletismo,Grande Prêmio Brasil,Rio de Janeiro,400mh-men,final,1
iaaf-grand-prix,1997,Grand Prix Brasil de Atletismo,Grande Prêmio Brasil,Rio de Janeiro,100m-women,final,1
iaaf-grand-prix,1997,Grand Prix Brasil de Atletismo,Grande Prêmio Brasil,Rio de Janeiro,200m-women,final,1
iaaf-grand-prix,1997,Grand Prix Brasil de Atletismo,Grande Prêmio Brasil,Rio de Janeiro,800m-women,final,1
iaaf-grand-prix,1997,Grand Prix Brasil de Atletismo,Grande Prêmio Brasil,Rio de Janeiro,400mh-women,final,1
iaaf-grand-prix,1997,Japan Grand Prix in Osaka '97,Osaka Grand Prix,Osaka,100m-men,final,1
iaaf-grand-prix,1997,Japan Grand Prix in Osaka '97,Osaka Grand Prix,Osaka,200m-men,final,1
iaaf-grand-prix,1997,Japan Grand Prix in Osaka '97,Osaka Grand Prix,Osaka,800m-men,final,1
iaaf-grand-prix,1997,Japan Grand Prix in Osaka '97,Osaka Grand Prix,Osaka,5000m-men,final,1
iaaf-grand-prix,1997,Japan Grand Prix in Osaka '97,Osaka Grand Prix,Osaka,110mh-men,final,1
iaaf-grand-prix,1997,Japan Grand Prix in Osaka '97,Osaka Grand Prix,Osaka,400mh-men,final,1
iaaf-grand-prix,1997,Japan Grand Prix in Osaka '97,Osaka Grand Prix,Osaka,100m-women,final,1
iaaf-grand-prix,1997,Japan Grand Prix in Osaka '97,Osaka Grand Prix,Osaka,800m-women,final,1
iaaf-grand-prix,1997,Japan Grand Prix in Osaka '97,Osaka Grand Prix,Osaka,5000m-women,final,1
iaaf-grand-prix,1997,Japan Grand Prix in Osaka '97,Osaka Grand Prix,Osaka,100mh-women,final,1
iaaf-grand-prix,1997,Japan Grand Prix in Osaka '97,Osaka Grand Prix,Osaka,400mh-women,final,1
iaaf-grand-prix,1997,Prefontaine Classic,Prefontaine Classic,Eugene,100m-men,final,1
iaaf-grand-prix,1997,Prefontaine Classic,Prefontaine Classic,Eugene,200m-men,final,1
iaaf-grand-prix,1997,Prefontaine Classic,Prefontaine Classic,Eugene,400m-men,final,1
iaaf-grand-prix,1997,Prefontaine Classic,Prefontaine Classic,Eugene,800m-men,final,1
iaaf-grand-prix,1997,Prefontaine Classic,Prefontaine Classic,Eugene,mile-men,final,1
iaaf-grand-prix,1997,Prefontaine Classic,Prefontaine Classic,Eugene,3000m-men,final,1
iaaf-grand-prix,1997,Prefontaine Classic,Prefontaine Classic,Eugene,110mh-men,final,1
iaaf-grand-prix,1997,Prefontaine Classic,Prefontaine Classic,Eugene,100m-women,final,1
iaaf-grand-prix,1997,Prefontaine Classic,Prefontaine Classic,Eugene,200m-women,final,1
iaaf-grand-prix,1997,Prefontaine Classic,Prefontaine Classic,Eugene,800m-women,final,1
iaaf-grand-prix,1997,Prefontaine Classic,Prefontaine Classic,Eugene,1500m-women,final,1
iaaf-grand-prix,1997,Prefontaine Classic,Prefontaine Classic,Eugene,3000m-women,final,1
iaaf-grand-prix,1997,Prefontaine Classic,Prefontaine Classic,Eugene,400mh-women,final,1
iaaf-grand-prix,1997,Golden Gala,Golden Gala,Rome,100m-men,final,2
iaaf-grand-prix,1997,Golden Gala,Golden Gala,Rome,200m-men,final,1
iaaf-grand-prix,1997,Golden Gala,Golden Gala,Rome,800m-men,final,2
iaaf-grand-prix,1997,Golden Gala,Golden Gala,Rome,1500m-men,final,1
iaaf-grand-prix,1997,Golden Gala,Golden Gala,Rome,5000m-men,final,1
iaaf-grand-prix,1997,Golden Gala,Golden Gala,Rome,110mh-men,final,1
iaaf-grand-prix,1997,Golden Gala,Golden Gala,Rome,400mh-men,final,1
iaaf-grand-prix,1997,Golden Gala,Golden Gala,Rome,3000msc-men,final,1
iaaf-grand-prix,1997,Golden Gala,Golden Gala,Rome,200m-women,final,1
iaaf-grand-prix,1997,Golden Gala,Golden Gala,Rome,800m-women,final,1
iaaf-grand-prix,1997,Golden Gala,Golden Gala,Rome,5000m-women,final,1
iaaf-grand-prix,1997,Golden Gala,Golden Gala,Rome,400mh-women,final,1
iaaf-grand-prix,1997,Znamensky Memorial,Brothers Znamensky Memorial,Moscow,100m-men,final,1
iaaf-grand-prix,1997,Znamensky Memorial,Brothers Znamensky Memorial,Moscow,200m-men,final,1
iaaf-grand-prix,1997,Znamensky Memorial,Brothers Znamensky Memorial,Moscow,800m-men,final,1
iaaf-grand-prix,1997,Znamensky Memorial,Brothers Znamensky Memorial,Moscow,1500m-men,final,1
iaaf-grand-prix,1997,Znamensky Memorial,Brothers Znamensky Memorial,Moscow,3000m-men,final,1
iaaf-grand-prix,1997,Znamensky Memorial,Brothers Znamensky Memorial,Moscow,110mh-men,final,1
iaaf-grand-prix,1997,Znamensky Memorial,Brothers Znamensky Memorial,Moscow,100m-women,final,1
iaaf-grand-prix,1997,Znamensky Memorial,Brothers Znamensky Memorial,Moscow,200m-women,final,1
iaaf-grand-prix,1997,Znamensky Memorial,Brothers Znamensky Memorial,Moscow,400m-women,final,1
iaaf-grand-prix,1997,Znamensky Memorial,Brothers Znamensky Memorial,Moscow,800m-women,final,1
iaaf-grand-prix,1997,Znamensky Memorial,Brothers Znamensky Memorial,Moscow,1500m-women,final,1
iaaf-grand-prix,1997,Znamensky Memorial,Brothers Znamensky Memorial,Moscow,5000m-women,final,1
iaaf-grand-prix,1997,Znamensky Memorial,Brothers Znamensky Memorial,Moscow,400mh-women,final,1
iaaf-grand-prix,1997,Meeting Gaz de France,Meeting de Paris,Paris,100m-men,final,1
iaaf-grand-prix,1997,Meeting Gaz de France,Meeting de Paris,Paris,200m-men,final,1
iaaf-grand-prix,1997,Meeting Gaz de France,Meeting de Paris,Paris,400m-men,final,1
iaaf-grand-prix,1997,Meeting Gaz de France,Meeting de Paris,Paris,800m-men,final,1
iaaf-grand-prix,1997,Meeting Gaz de France,Meeting de Paris,Paris,1500m-men,final,1
iaaf-grand-prix,1997,Meeting Gaz de France,Meeting de Paris,Paris,5000m-men,final,1
iaaf-grand-prix,1997,Meeting Gaz de France,Meeting de Paris,Paris,110mh-men,final,1
iaaf-grand-prix,1997,Meeting Gaz de France,Meeting de Paris,Paris,400mh-men,final,1
iaaf-grand-prix,1997,Meeting Gaz de France,Meeting de Paris,Paris,200m-women,final,1
iaaf-grand-prix,1997,Meeting Gaz de France,Meeting de Paris,Paris,800m-women,final,1
iaaf-grand-prix,1997,Meeting Gaz de France,Meeting de Paris,Paris,1500m-women,final,1
iaaf-grand-prix,1997,Meeting Gaz de France,Meeting de Paris,Paris,3000m-women,final,1
iaaf-grand-prix,1997,Meeting Gaz de France,Meeting de Paris,Paris,400mh-women,final,1
iaaf-grand-prix,1997,British Grand Prix,London Grand Prix,Sheffield,150m-men,final,1
iaaf-grand-prix,1997,British Grand Prix,London Grand Prix,Sheffield,400m-men,final,1
iaaf-grand-prix,1997,British Grand Prix,London Grand Prix,Sheffield,800m-men,final,1
iaaf-grand-prix,1997,British Grand Prix,London Grand Prix,Sheffield,mile-men,final,1
iaaf-grand-prix,1997,British Grand Prix,London Grand Prix,Sheffield,110mh-men,final,1
iaaf-grand-prix,1997,British Grand Prix,London Grand Prix,Sheffield,200m-women,final,1
iaaf-grand-prix,1997,British Grand Prix,London Grand Prix,Sheffield,800m-women,final,1
iaaf-grand-prix,1997,British Grand Prix,London Grand Prix,Sheffield,1500m-women,final,1
iaaf-grand-prix,1997,British Grand Prix,London Grand Prix,Sheffield,5000m-women,final,1
iaaf-grand-prix,1997,British Grand Prix,London Grand Prix,Sheffield,100mh-women,final,1
iaaf-grand-prix,1997,British Grand Prix,London Grand Prix,Sheffield,400mh-women,final,1
iaaf-grand-prix,1997,Athletissima '97,Athletissima,Lausanne,100m-men,final,3
iaaf-grand-prix,1997,Athletissima '97,Athletissima,Lausanne,200m-men,final,1
iaaf-grand-prix,1997,Athletissima '97,Athletissima,Lausanne,400m-men,final,3
iaaf-grand-prix,1997,Athletissima '97,Athletissima,Lausanne,800m-men,final,2
iaaf-grand-prix,1997,Athletissima '97,Athletissima,Lausanne,1500m-men,final,1
iaaf-grand-prix,1997,Athletissima '97,Athletissima,Lausanne,5000m-men,final,1
iaaf-grand-prix,1997,Athletissima '97,Athletissima,Lausanne,110mh-men,final,1
iaaf-grand-prix,1997,Athletissima '97,Athletissima,Lausanne,400mh-men,final,1
iaaf-grand-prix,1997,Athletissima '97,Athletissima,Lausanne,3000msc-men,final,1
iaaf-grand-prix,1997,Athletissima '97,Athletissima,Lausanne,100m-women,final,1
iaaf-grand-prix,1997,Athletissima '97,Athletissima,Lausanne,200m-women,final,2
iaaf-grand-prix,1997,Athletissima '97,Athletissima,Lausanne,400m-women,final,2
iaaf-grand-prix,1997,Athletissima '97,Athletissima,Lausanne,mile-women,final,1
iaaf-grand-prix,1997,Athletissima '97,Athletissima,Lausanne,100mh-women,final,1
iaaf-grand-prix,1997,Athletissima '97,Athletissima,Lausanne,400mh-women,final,1
iaaf-grand-prix,1997,Mobil Bislett Games,Bislett Games,Oslo,100m-men,heat,3
iaaf-grand-prix,1997,Mobil Bislett Games,Bislett Games,Oslo,100m-men,final,1
iaaf-grand-prix,1997,Mobil Bislett Games,Bislett Games,Oslo,200m-men,final,1
iaaf-grand-prix,1997,Mobil Bislett Games,Bislett Games,Oslo,800m-men,final,1
iaaf-grand-prix,1997,Mobil Bislett Games,Bislett Games,Oslo,mile-men,final,1
iaaf-grand-prix,1997,Mobil Bislett Games,Bislett Games,Oslo,3000m-men,final,1
iaaf-grand-prix,1997,Mobil Bislett Games,Bislett Games,Oslo,10000m-men,final,1
iaaf-grand-prix,1997,Mobil Bislett Games,Bislett Games,Oslo,110mh-men,final,1
iaaf-grand-prix,1997,Mobil Bislett Games,Bislett Games,Oslo,100m-women,final,1
iaaf-grand-prix,1997,Mobil Bislett Games,Bislett Games,Oslo,400m-women,final,1
iaaf-grand-prix,1997,Mobil Bislett Games,Bislett Games,Oslo,5000m-women,final,1
iaaf-grand-prix,1997,Mobil Bislett Games,Bislett Games,Oslo,100mh-women,final,1
iaaf-grand-prix,1997,Mobil Bislett Games,Bislett Games,Oslo,400mh-women,final,1
iaaf-grand-prix,1997,DN Galan,DN Galan,Stockholm,100m-men,final,2
iaaf-grand-prix,1997,DN Galan,DN Galan,Stockholm,200m-men,final,2
iaaf-grand-prix,1997,DN Galan,DN Galan,Stockholm,800m-men,final,1
iaaf-grand-prix,1997,DN Galan,DN Galan,Stockholm,1500m-men,final,1
iaaf-grand-prix,1997,DN Galan,DN Galan,Stockholm,5000m-men,final,1
iaaf-grand-prix,1997,DN Galan,DN Galan,Stockholm,110mh-men,final,1
iaaf-grand-prix,1997,DN Galan,DN Galan,Stockholm,400mh-men,final,1
iaaf-grand-prix,1997,DN Galan,DN Galan,Stockholm,3000msc-men,final,1
iaaf-grand-prix,1997,DN Galan,DN Galan,Stockholm,200m-women,final,1
iaaf-grand-prix,1997,DN Galan,DN Galan,Stockholm,800m-women,final,1
iaaf-grand-prix,1997,DN Galan,DN Galan,Stockholm,100mh-women,final,1
iaaf-grand-prix,1997,Nikaia,Meeting Nikaïa,Nice,200m-men,final,1
iaaf-grand-prix,1997,Nikaia,Meeting Nikaïa,Nice,1000m-men,final,1
iaaf-grand-prix,1997,Nikaia,Meeting Nikaïa,Nice,1500m-men,final,1
iaaf-grand-prix,1997,Nikaia,Meeting Nikaïa,Nice,mile-men,final,1
iaaf-grand-prix,1997,Nikaia,Meeting Nikaïa,Nice,3000m-men,final,1
iaaf-grand-prix,1997,Nikaia,Meeting Nikaïa,Nice,110mh-men,final,1
iaaf-grand-prix,1997,Nikaia,Meeting Nikaïa,Nice,400mh-men,final,1
iaaf-grand-prix,1997,Nikaia,Meeting Nikaïa,Nice,3000msc-men,final,1
iaaf-grand-prix,1997,Nikaia,Meeting Nikaïa,Nice,200m-women,final,1
iaaf-grand-prix,1997,Nikaia,Meeting Nikaïa,Nice,800m-women,final,1
iaaf-grand-prix,1997,Nikaia,Meeting Nikaïa,Nice,mile-women,final,1
iaaf-grand-prix,1997,Nikaia,Meeting Nikaïa,Nice,3000m-women,final,1
iaaf-grand-prix,1997,Nikaia,Meeting Nikaïa,Nice,100mh-women,final,1
iaaf-grand-prix,1997,Nikaia,Meeting Nikaïa,Nice,400mh-women,final,1
iaaf-grand-prix,1997,Weltklasse in Zürich,Weltklasse Zürich,Zürich,100m-men,final,3
iaaf-grand-prix,1997,Weltklasse in Zürich,Weltklasse Zürich,Zürich,200m-men,final,1
iaaf-grand-prix,1997,Weltklasse in Zürich,Weltklasse Zürich,Zürich,400m-men,final,2
iaaf-grand-prix,1997,Weltklasse in Zürich,Weltklasse Zürich,Zürich,800m-men,final,2
iaaf-grand-prix,1997,Weltklasse in Zürich,Weltklasse Zürich,Zürich,1500m-men,final,2
iaaf-grand-prix,1997,Weltklasse in Zürich,Weltklasse Zürich,Zürich,5000m-men,final,1
iaaf-grand-prix,1997,Weltklasse in Zürich,Weltklasse Zürich,Zürich,110mh-men,final,2
iaaf-grand-prix,1997,Weltklasse in Zürich,Weltklasse Zürich,Zürich,400mh-men,final,1
iaaf-grand-prix,1997,Weltklasse in Zürich,Weltklasse Zürich,Zürich,3000msc-men,final,1
iaaf-grand-prix,1997,Weltklasse in Zürich,Weltklasse Zürich,Zürich,100m-women,final,2
iaaf-grand-prix,1997,Weltklasse in Zürich,Weltklasse Zürich,Zürich,200m-women,final,1
iaaf-grand-prix,1997,Weltklasse in Zürich,Weltklasse Zürich,Zürich,800m-women,final,1
iaaf-grand-prix,1997,Weltklasse in Zürich,Weltklasse Zürich,Zürich,3000m-women,final,1
iaaf-grand-prix,1997,Weltklasse in Zürich,Weltklasse Zürich,Zürich,100mh-women,final,1
iaaf-grand-prix,1997,Weltklasse in Zürich,Weltklasse Zürich,Zürich,400mh-women,final,2
iaaf-grand-prix,1997,Herculis '97,Herculis,Monaco,100m-men,final,1
iaaf-grand-prix,1997,Herculis '97,Herculis,Monaco,200m-men,final,1
iaaf-grand-prix,1997,Herculis '97,Herculis,Monaco,800m-men,final,1
iaaf-grand-prix,1997,Herculis '97,Herculis,Monaco,1500m-men,final,1
iaaf-grand-prix,1997,Herculis '97,Herculis,Monaco,3000m-men,final,1
iaaf-grand-prix,1997,Herculis '97,Herculis,Monaco,110mh-men,final,1
iaaf-grand-prix,1997,Herculis '97,Herculis,Monaco,400mh-men,final,1
iaaf-grand-prix,1997,Herculis '97,Herculis,Monaco,3000msc-men,final,1
iaaf-grand-prix,1997,Herculis '97,Herculis,Monaco,200m-women,final,1
iaaf-grand-prix,1997,Herculis '97,Herculis,Monaco,400m-women,final,1
iaaf-grand-prix,1997,Herculis '97,Herculis,Monaco,800m-women,final,1
iaaf-grand-prix,1997,Herculis '97,Herculis,Monaco,1500m-women,final,1
iaaf-grand-prix,1997,Herculis '97,Herculis,Monaco,3000m-women,final,1
iaaf-grand-prix,1997,Herculis '97,Herculis,Monaco,100mh-women,final,1
iaaf-grand-prix,1997,Herculis '97,Herculis,Monaco,400mh-women,final,1
iaaf-grand-prix,1997,Memorial Van Damme,Memorial Van Damme,Brussels,100m-men,final,1
iaaf-grand-prix,1997,Memorial Van Damme,Memorial Van Damme,Brussels,200m-men,final,1
iaaf-grand-prix,1997,Memorial Van Damme,Memorial Van Damme,Brussels,800m-men,final,1
iaaf-grand-prix,1997,Memorial Van Damme,Memorial Van Damme,Brussels,1500m-men,final,1
iaaf-grand-prix,1997,Memorial Van Damme,Memorial Van Damme,Brussels,3000m-men,final,1
iaaf-grand-prix,1997,Memorial Van Damme,Memorial Van Damme,Brussels,5000m-men,final,1
iaaf-grand-prix,1997,Memorial Van Damme,Memorial Van Damme,Brussels,10000m-men,final,1
iaaf-grand-prix,1997,Memorial Van Damme,Memorial Van Damme,Brussels,110mh-men,final,1
iaaf-grand-prix,1997,Memorial Van Damme,Memorial Van Damme,Brussels,400mh-men,final,1
iaaf-grand-prix,1997,Memorial Van Damme,Memorial Van Damme,Brussels,3000msc-men,final,1
iaaf-grand-prix,1997,Memorial Van Damme,Memorial Van Damme,Brussels,100m-women,final,1
iaaf-grand-prix,1997,Memorial Van Damme,Memorial Van Damme,Brussels,800m-women,final,1
iaaf-grand-prix,1997,Memorial Van Damme,Memorial Van Damme,Brussels,5000m-women,final,1
iaaf-grand-prix,1997,Memorial Van Damme,Memorial Van Damme,Brussels,400mh-women,final,1
iaaf-grand-prix,1997,Weltklasse in Köln,Weltklasse in Köln,Cologne,100m-men,final,1
iaaf-grand-prix,1997,Weltklasse in Köln,Weltklasse in Köln,Cologne,800m-men,final,1
iaaf-grand-prix,1997,Weltklasse in Köln,Weltklasse in Köln,Cologne,1500m-men,final,1
iaaf-grand-prix,1997,Weltklasse in Köln,Weltklasse in Köln,Cologne,3000m-men,final,1
iaaf-grand-prix,1997,Weltklasse in Köln,Weltklasse in Köln,Cologne,110mh-men,final,1
iaaf-grand-prix,1997,Weltklasse in Köln,Weltklasse in Köln,Cologne,400mh-men,final,1
iaaf-grand-prix,1997,Weltklasse in Köln,Weltklasse in Köln,Cologne,3000msc-men,final,1
iaaf-grand-prix,1997,Weltklasse in Köln,Weltklasse in Köln,Cologne,200m-women,final,1
iaaf-grand-prix,1997,Weltklasse in Köln,Weltklasse in Köln,Cologne,800m-women,final,1
iaaf-grand-prix,1997,Weltklasse in Köln,Weltklasse in Köln,Cologne,5000m-women,final,1
iaaf-grand-prix,1997,Weltklasse in Köln,Weltklasse in Köln,Cologne,100mh-women,final,1
iaaf-grand-prix,1997,Weltklasse in Köln,Weltklasse in Köln,Cologne,400mh-women,final,1
iaaf-grand-prix,1997,ISTAF '97,ISTAF Berlin,Berlin,100m-men,final,3
iaaf-grand-prix,1997,ISTAF '97,ISTAF Berlin,Berlin,200m-men,final,1
iaaf-grand-prix,1997,ISTAF '97,ISTAF Berlin,Berlin,400m-men,final,1
iaaf-grand-prix,1997,ISTAF '97,ISTAF Berlin,Berlin,mile-men,final,1
iaaf-grand-prix,1997,ISTAF '97,ISTAF Berlin,Berlin,5000m-men,final,1
iaaf-grand-prix,1997,ISTAF '97,ISTAF Berlin,Berlin,110mh-men,final,1
iaaf-grand-prix,1997,ISTAF '97,ISTAF Berlin,Berlin,100m-women,final,1
iaaf-grand-prix,1997,ISTAF '97,ISTAF Berlin,Berlin,400m-women,final,1
iaaf-grand-prix,1997,ISTAF '97,ISTAF Berlin,Berlin,800m-women,final,1
iaaf-grand-prix,1997,ISTAF '97,ISTAF Berlin,Berlin,5000m-women,final,1
iaaf-grand-prix,1997,ISTAF '97,ISTAF Berlin,Berlin,400mh-women,final,1
iaaf-grand-prix,1997,13th IAAF Grand Prix Final,IAAF Grand Prix Final,Fukuoka,200m-men,final,1
iaaf-grand-prix,1997,13th IAAF Grand Prix Final,IAAF Grand Prix Final,Fukuoka,800m-men,final,1
iaaf-grand-prix,1997,13th IAAF Grand Prix Final,IAAF Grand Prix Final,Fukuoka,mile-men,final,1
iaaf-grand-prix,1997,13th IAAF Grand Prix Final,IAAF Grand Prix Final,Fukuoka,5000m-men,final,1
iaaf-grand-prix,1997,13th IAAF Grand Prix Final,IAAF Grand Prix Final,Fukuoka,110mh-men,final,1
iaaf-grand-prix,1997,13th IAAF Grand Prix Final,IAAF Grand Prix Final,Fukuoka,400mh-men,final,1
iaaf-grand-prix,1997,13th IAAF Grand Prix Final,IAAF Grand Prix Final,Fukuoka,3000msc-men,final,1
iaaf-grand-prix,1997,13th IAAF Grand Prix Final,IAAF Grand Prix Final,Fukuoka,200m-women,final,1
iaaf-grand-prix,1997,13th IAAF Grand Prix Final,IAAF Grand Prix Final,Fukuoka,800m-women,final,1
iaaf-grand-prix,1997,13th IAAF Grand Prix Final,IAAF Grand Prix Final,Fukuoka,mile-women,final,1
iaaf-grand-prix,1997,13th IAAF Grand Prix Final,IAAF Grand Prix Final,Fukuoka,5000m-women,final,1
iaaf-grand-prix,1997,13th IAAF Grand Prix Final,IAAF Grand Prix Final,Fukuoka,100mh-women,final,1
iaaf-grand-prix,1997,13th IAAF Grand Prix Final,IAAF Grand Prix Final,Fukuoka,400mh-women,final,1
iaaf-grand-prix,1998,Grand Prix Brasil de Atletismo,Grande Prêmio Brasil,Rio de Janeiro,100m-men,final,1
iaaf-grand-prix,1998,Grand Prix Brasil de Atletismo,Grande Prêmio Brasil,Rio de Janeiro,200m-men,final,1
iaaf-grand-prix,1998,Grand Prix Brasil de Atletismo,Grande Prêmio Brasil,Rio de Janeiro,400m-men,final,1
iaaf-grand-prix,1998,Grand Prix Brasil de Atletismo,Grande Prêmio Brasil,Rio de Janeiro,800m-men,final,1
iaaf-grand-prix,1998,Grand Prix Brasil de Atletismo,Grande Prêmio Brasil,Rio de Janeiro,1500m-men,final,1
iaaf-grand-prix,1998,Grand Prix Brasil de Atletismo,Grande Prêmio Brasil,Rio de Janeiro,3000m-men,final,1
iaaf-grand-prix,1998,Grand Prix Brasil de Atletismo,Grande Prêmio Brasil,Rio de Janeiro,400mh-men,final,1
iaaf-grand-prix,1998,Grand Prix Brasil de Atletismo,Grande Prêmio Brasil,Rio de Janeiro,100m-women,final,1
iaaf-grand-prix,1998,Grand Prix Brasil de Atletismo,Grande Prêmio Brasil,Rio de Janeiro,200m-women,final,1
iaaf-grand-prix,1998,Grand Prix Brasil de Atletismo,Grande Prêmio Brasil,Rio de Janeiro,400m-women,final,1
iaaf-grand-prix,1998,Grand Prix Brasil de Atletismo,Grande Prêmio Brasil,Rio de Janeiro,100mh-women,final,2
iaaf-grand-prix,1998,Grand Prix Brasil de Atletismo,Grande Prêmio Brasil,Rio de Janeiro,400mh-women,final,1
iaaf-grand-prix,1998,Japan Grand Prix,Osaka Grand Prix,Osaka,100m-men,final,1
iaaf-grand-prix,1998,Japan Grand Prix,Osaka Grand Prix,Osaka,400m-men,final,1
iaaf-grand-prix,1998,Japan Grand Prix,Osaka Grand Prix,Osaka,1500m-men,final,1
iaaf-grand-prix,1998,Japan Grand Prix,Osaka Grand Prix,Osaka,5000m-men,final,1
iaaf-grand-prix,1998,Japan Grand Prix,Osaka Grand Prix,Osaka,400mh-men,final,1
iaaf-grand-prix,1998,Japan Grand Prix,Osaka Grand Prix,Osaka,100m-women,final,1
iaaf-grand-prix,1998,Japan Grand Prix,Osaka Grand Prix,Osaka,400m-women,final,1
iaaf-grand-prix,1998,Japan Grand Prix,Osaka Grand Prix,Osaka,5000m-women,final,1
iaaf-grand-prix,1998,Japan Grand Prix,Osaka Grand Prix,Osaka,100mh-women,final,1
iaaf-grand-prix,1998,Prefontaine Classic,Prefontaine Classic,Eugene,100m-men,final,1
iaaf-grand-prix,1998,Prefontaine Classic,Prefontaine Classic,Eugene,200m-men,final,1
iaaf-grand-prix,1998,Prefontaine Classic,Prefontaine Classic,Eugene,400m-men,final,1
iaaf-grand-prix,1998,Prefontaine Classic,Prefontaine Classic,Eugene,mile-men,final,2
iaaf-grand-prix,1998,Prefontaine Classic,Prefontaine Classic,Eugene,5000m-men,final,1
iaaf-grand-prix,1998,Prefontaine Classic,Prefontaine Classic,Eugene,110mh-men,final,1
iaaf-grand-prix,1998,Prefontaine Classic,Prefontaine Classic,Eugene,400mh-men,final,1
iaaf-grand-prix,1998,Prefontaine Classic,Prefontaine Classic,Eugene,100m-women,final,1
iaaf-grand-prix,1998,Prefontaine Classic,Prefontaine Classic,Eugene,400m-women,final,1
iaaf-grand-prix,1998,Prefontaine Classic,Prefontaine Classic,Eugene,800m-women,final,1
iaaf-grand-prix,1998,Prefontaine Classic,Prefontaine Classic,Eugene,1500m-women,final,1
iaaf-grand-prix,1998,Prefontaine Classic,Prefontaine Classic,Eugene,5000m-women,final,1
iaaf-grand-prix,1998,Prefontaine Classic,Prefontaine Classic,Eugene,100mh-women,final,1
iaaf-grand-prix,1998,Nikaia'98,Meeting Nikaïa,Nice,100m-men,final,1
iaaf-grand-prix,1998,Nikaia'98,Meeting Nikaïa,Nice,800m-men,final,1
iaaf-grand-prix,1998,Nikaia'98,Meeting Nikaïa,Nice,mile-men,final,1
iaaf-grand-prix,1998,Nikaia'98,Meeting Nikaïa,Nice,3000m-men,final,1
iaaf-grand-prix,1998,Nikaia'98,Meeting Nikaïa,Nice,110mh-men,final,1
iaaf-grand-prix,1998,Nikaia'98,Meeting Nikaïa,Nice,400mh-men,final,1
iaaf-grand-prix,1998,Nikaia'98,Meeting Nikaïa,Nice,3000msc-men,final,1
iaaf-grand-prix,1998,Nikaia'98,Meeting Nikaïa,Nice,100m-women,final,1
iaaf-grand-prix,1998,Nikaia'98,Meeting Nikaïa,Nice,800m-women,final,1
iaaf-grand-prix,1998,Nikaia'98,Meeting Nikaïa,Nice,1500m-women,final,1
iaaf-grand-prix,1998,Nikaia'98,Meeting Nikaïa,Nice,3000m-women,final,1
iaaf-grand-prix,1998,Nikaia'98,Meeting Nikaïa,Nice,100mh-women,final,1
iaaf-grand-prix,1998,Nikaia'98,Meeting Nikaïa,Nice,400mh-women,final,1
iaaf-grand-prix,1998,US Open Meet,US Open Meet,Edwardsville,100m-men,final,1
iaaf-grand-prix,1998,US Open Meet,US Open Meet,Edwardsville,400m-men,final,1
iaaf-grand-prix,1998,US Open Meet,US Open Meet,Edwardsville,mile-men,final,1
iaaf-grand-prix,1998,US Open Meet,US Open Meet,Edwardsville,3000m-men,final,1
iaaf-grand-prix,1998,US Open Meet,US Open Meet,Edwardsville,110mh-men,final,1
iaaf-grand-prix,1998,US Open Meet,US Open Meet,Edwardsville,400mh-men,final,1
iaaf-grand-prix,1998,US Open Meet,US Open Meet,Edwardsville,100m-women,final,1
iaaf-grand-prix,1998,US Open Meet,US Open Meet,Edwardsville,400m-women,final,1
iaaf-grand-prix,1998,US Open Meet,US Open Meet,Edwardsville,1500m-women,final,1
iaaf-grand-prix,1998,US Open Meet,US Open Meet,Edwardsville,3000m-women,final,1
iaaf-grand-prix,1998,US Open Meet,US Open Meet,Edwardsville,100mh-women,final,1
iaaf-grand-prix,1998,Meeting Gaz de France,Meeting de Paris,Paris,100m-men,final,1
iaaf-grand-prix,1998,Meeting Gaz de France,Meeting de Paris,Paris,400m-men,final,1
iaaf-grand-prix,1998,Meeting Gaz de France,Meeting de Paris,Paris,800m-men,final,1
iaaf-grand-prix,1998,Meeting Gaz de France,Meeting de Paris,Paris,mile-men,final,1
iaaf-grand-prix,1998,Meeting Gaz de France,Meeting de Paris,Paris,3000m-men,final,1
iaaf-grand-prix,1998,Meeting Gaz de France,Meeting de Paris,Paris,110mh-men,final,1
iaaf-grand-prix,1998,Meeting Gaz de France,Meeting de Paris,Paris,400mh-men,final,1
iaaf-grand-prix,1998,Meeting Gaz de France,Meeting de Paris,Paris,3000msc-men,final,1
iaaf-grand-prix,1998,Meeting Gaz de France,Meeting de Paris,Paris,100m-women,final,2
iaaf-grand-prix,1998,Meeting Gaz de France,Meeting de Paris,Paris,800m-women,final,1
iaaf-grand-prix,1998,Meeting Gaz de France,Meeting de Paris,Paris,3000m-women,final,1
iaaf-grand-prix,1998,Meeting Gaz de France,Meeting de Paris,Paris,100mh-women,final,1
iaaf-grand-prix,1998,Meeting Gaz de France,Meeting de Paris,Paris,400mh-women,final,1
iaaf-grand-prix,1998,British Grand Prix,London Grand Prix,Sheffield,100m-men,final,1
iaaf-grand-prix,1998,British Grand Prix,London Grand Prix,Sheffield,200m-men,final,1
iaaf-grand-prix,1998,British Grand Prix,London Grand Prix,Sheffield,400m-men,final,1
iaaf-grand-prix,1998,British Grand Prix,London Grand Prix,Sheffield,800m-men,final,1
iaaf-grand-prix,1998,British Grand Prix,London Grand Prix,Sheffield,mile-men,final,1
iaaf-grand-prix,1998,British Grand Prix,London Grand Prix,Sheffield,3000m-men,final,1
iaaf-grand-prix,1998,British Grand Prix,London Grand Prix,Sheffield,110mh-men,final,1
iaaf-grand-prix,1998,British Grand Prix,London Grand Prix,Sheffield,400mh-men,final,1
iaaf-grand-prix,1998,British Grand Prix,London Grand Prix,Sheffield,200m-women,final,1
iaaf-grand-prix,1998,British Grand Prix,London Grand Prix,Sheffield,400m-women,final,1
iaaf-grand-prix,1998,British Grand Prix,London Grand Prix,Sheffield,mile-women,final,1
iaaf-grand-prix,1998,British Grand Prix,London Grand Prix,Sheffield,3000m-women,final,1
iaaf-grand-prix,1998,British Grand Prix,London Grand Prix,Sheffield,100mh-women,final,1
iaaf-grand-prix,1998,DN Galan,DN Galan,Stockholm,100m-men,heat,2
iaaf-grand-prix,1998,DN Galan,DN Galan,Stockholm,100m-men,final,1
iaaf-grand-prix,1998,DN Galan,DN Galan,Stockholm,400m-men,final,1
iaaf-grand-prix,1998,DN Galan,DN Galan,Stockholm,1000m-men,final,1
iaaf-grand-prix,1998,DN Galan,DN Galan,Stockholm,mile-men,final,1
iaaf-grand-prix,1998,DN Galan,DN Galan,Stockholm,5000m-men,final,1
iaaf-grand-prix,1998,DN Galan,DN Galan,Stockholm,3000msc-men,final,1
iaaf-grand-prix,1998,DN Galan,DN Galan,Stockholm,100m-women,final,2
iaaf-grand-prix,1998,DN Galan,DN Galan,Stockholm,800m-women,final,1
iaaf-grand-prix,1998,DN Galan,DN Galan,Stockholm,5000m-women,final,1
iaaf-grand-prix,1998,DN Galan,DN Galan,Stockholm,100mh-women,final,1
iaaf-grand-prix,1998,Athletissima'98,Athletissima,Lausanne,100m-men,final,3
iaaf-grand-prix,1998,Athletissima'98,Athletissima,Lausanne,400m-men,final,1
iaaf-grand-prix,1998,Athletissima'98,Athletissima,Lausanne,800m-men,final,1
iaaf-grand-prix,1998,Athletissima'98,Athletissima,Lausanne,1500m-men,final,1
iaaf-grand-prix,1998,Athletissima'98,Athletissima,Lausanne,3000m-men,final,1
iaaf-grand-prix,1998,Athletissima'98,Athletissima,Lausanne,110mh-men,final,1
iaaf-grand-prix,1998,Athletissima'98,Athletissima,Lausanne,400mh-men,final,1
iaaf-grand-prix,1998,Athletissima'98,Athletissima,Lausanne,100m-women,final,1
iaaf-grand-prix,1998,Athletissima'98,Athletissima,Lausanne,400m-women,final,1
iaaf-grand-prix,1998,Athletissima'98,Athletissima,Lausanne,mile-women,final,1
iaaf-grand-prix,1998,Athletissima'98,Athletissima,Lausanne,100mh-women,final,1
iaaf-grand-prix,1998,Athletissima'98,Athletissima,Lausanne,400mh-women,final,1
iaaf-grand-prix,1998,IAAF Golden League/Grand Prix Final,IAAF Grand Prix Final,Moscow,100m-men,final,1
iaaf-grand-prix,1998,IAAF Golden League/Grand Prix Final,IAAF Grand Prix Final,Moscow,400m-men,final,1
iaaf-grand-prix,1998,IAAF Golden League/Grand Prix Final,IAAF Grand Prix Final,Moscow,1500m-men,final,1
iaaf-grand-prix,1998,IAAF Golden League/Grand Prix Final,IAAF Grand Prix Final,Moscow,3000m-men,final,1
iaaf-grand-prix,1998,IAAF Golden League/Grand Prix Final,IAAF Grand Prix Final,Moscow,400mh-men,final,1
iaaf-grand-prix,1998,IAAF Golden League/Grand Prix Final,IAAF Grand Prix Final,Moscow,100m-women,final,1
iaaf-grand-prix,1998,IAAF Golden League/Grand Prix Final,IAAF Grand Prix Final,Moscow,400m-women,final,1
iaaf-grand-prix,1998,IAAF Golden League/Grand Prix Final,IAAF Grand Prix Final,Moscow,1500m-women,final,1
iaaf-grand-prix,1998,IAAF Golden League/Grand Prix Final,IAAF Grand Prix Final,Moscow,3000m-women,final,1
iaaf-grand-prix,1998,IAAF Golden League/Grand Prix Final,IAAF Grand Prix Final,Moscow,100mh-women,final,1
iaaf-grand-prix,1999,Melbourne Track Classic,Melbourne Track Classic,Melbourne,100m-men,final,2
iaaf-grand-prix,1999,Melbourne Track Classic,Melbourne Track Classic,Melbourne,400m-men,final,2
iaaf-grand-prix,1999,Melbourne Track Classic,Melbourne Track Classic,Melbourne,800m-men,final,2
iaaf-grand-prix,1999,Melbourne Track Classic,Melbourne Track Classic,Melbourne,400mh-men,final,2
iaaf-grand-prix,1999,16 Gran Premio Diputacion de Sevilla,Gran Premio Diputación Sevilla,Seville,200m-men,final,2
iaaf-grand-prix,1999,16 Gran Premio Diputacion de Sevilla,Gran Premio Diputación Sevilla,Seville,400m-men,final,2
iaaf-grand-prix,1999,16 Gran Premio Diputacion de Sevilla,Gran Premio Diputación Sevilla,Seville,200m-women,final,2
iaaf-grand-prix,1999,16 Gran Premio Diputacion de Sevilla,Gran Premio Diputación Sevilla,Seville,400m-women,final,2
iaaf-grand-prix,1999,"IAAF Grand Prix II ""Tsiklitiria""",Athens Grand Prix Tsiklitiria,Athens,100m-men,final,3
iaaf-grand-prix,1999,"IAAF Grand Prix II ""Tsiklitiria""",Athens Grand Prix Tsiklitiria,Athens,200m-men,final,2
iaaf-grand-prix,1999,"IAAF Grand Prix II ""Tsiklitiria""",Athens Grand Prix Tsiklitiria,Athens,110mh-men,final,2
iaaf-grand-prix,1999,"IAAF Grand Prix II ""Tsiklitiria""",Athens Grand Prix Tsiklitiria,Athens,200m-women,final,2
iaaf-grand-prix,1999,British IAAF Grand Prix II,British Grand Prix,Gateshead,100m-men,final,2
iaaf-grand-prix,1999,Mobil Bislett Games,Bislett Games,Oslo,800m-men,final,2
iaaf-grand-prix,1999,Mobil Bislett Games,Bislett Games,Oslo,110mh-men,heat,3
iaaf-grand-prix,1999,Mobil Bislett Games,Bislett Games,Oslo,110mh-men,final,1
iaaf-grand-prix,1999,Mobil Bislett Games,Bislett Games,Oslo,800m-women,final,2
iaaf-grand-prix,1999,Athletissima,Athletissima,Lausanne,100m-men,final,3
iaaf-grand-prix,1999,Athletissima,Athletissima,Lausanne,400m-men,final,2
iaaf-grand-prix,1999,Athletissima,Athletissima,Lausanne,800m-men,final,2
iaaf-grand-prix,1999,Athletissima,Athletissima,Lausanne,110mh-men,final,2
iaaf-grand-prix,1999,Athletissima,Athletissima,Lausanne,100mh-women,final,2
iaaf-grand-prix,1999,Meeting Gaz de France/St Denis,Meeting Gaz de France Saint-Denis,Saint-Denis,200m-men,final,2
iaaf-grand-prix,1999,Golden Gala,Golden Gala,Rome,800m-men,final,2
iaaf-grand-prix,1999,Meeting de Paris,Meeting de Paris,Paris,800m-women,final,2
iaaf-grand-prix,1999,Zipfer Gugl Grand Prix,Gugl Grand Prix Linz,Linz,100m-men,final,2
iaaf-grand-prix,1999,DN Galan,DN Galan,Stockholm,100m-men,heat,2
iaaf-grand-prix,1999,DN Galan,DN Galan,Stockholm,100m-men,final,1
iaaf-grand-prix,1999,British Grand Prix,London Grand Prix,London,100m-men,final,2
iaaf-grand-prix,1999,British Grand Prix,London Grand Prix,London,400m-men,final,2
iaaf-grand-prix,1999,Weltklasse Zürich,Weltklasse Zürich,Zürich,400m-men,final,2
iaaf-grand-prix,1999,Weltklasse Zürich,Weltklasse Zürich,Zürich,800m-men,final,2
iaaf-grand-prix,1999,Weltklasse Zürich,Weltklasse Zürich,Zürich,1500m-men,final,2
iaaf-grand-prix,1999,Weltklasse Zürich,Weltklasse Zürich,Zürich,110mh-men,final,2
iaaf-grand-prix,1999,Weltklasse Zürich,Weltklasse Zürich,Zürich,400mh-men,final,2
iaaf-grand-prix,1999,ISTAF'99,ISTAF Berlin,Berlin,100m-men,final,2
iaaf-grand-prix,2000,Melbourne Track Classic,Melbourne Track Classic,Melbourne,100m-men,final,2
iaaf-grand-prix,2000,Melbourne Track Classic,Melbourne Track Classic,Melbourne,800m-men,final,2
iaaf-grand-prix,2000,Engen Grand Prix,Engen Grand Prix (South Africa),Pretoria,100m-men,final,2
iaaf-grand-prix,2000,Engen Grand Prix,Engen Grand Prix (South Africa),Pretoria,800m-men,final,2
iaaf-grand-prix,2000,Engen Grand Prix,Engen Grand Prix (South Africa),Pretoria,400mh-men,final,2
iaaf-grand-prix,2000,IAAF Japan Grand Prix in Osaka 2000,Osaka Grand Prix,Osaka,100m-men,heat,2
iaaf-grand-prix,2000,IAAF Japan Grand Prix in Osaka 2000,Osaka Grand Prix,Osaka,100m-men,final,1
iaaf-grand-prix,2000,IAAF Japan Grand Prix in Osaka 2000,Osaka Grand Prix,Osaka,400m-men,final,2
iaaf-grand-prix,2000,Meeting Atletismo Sevilla 2000,Gran Premio Diputación Sevilla,Seville,100m-men,final,2
iaaf-grand-prix,2000,Meeting Atletismo Sevilla 2000,Gran Premio Diputación Sevilla,Seville,200m-men,final,2
iaaf-grand-prix,2000,Ericsson GP Helsinki,Helsinki Grand Prix,Helsinki,100m-men,heat,2
iaaf-grand-prix,2000,Ericsson GP Helsinki,Helsinki Grand Prix,Helsinki,100m-men,final,1
iaaf-grand-prix,2000,Cena Slovenska - Slovak Gold,P-T-S Bratislava,Bratislava,100m-men,final,2
iaaf-grand-prix,2000,Cena Slovenska - Slovak Gold,P-T-S Bratislava,Bratislava,200m-men,final,2
iaaf-grand-prix,2000,Cena Slovenska - Slovak Gold,P-T-S Bratislava,Bratislava,400m-men,final,3
iaaf-grand-prix,2000,Cena Slovenska - Slovak Gold,P-T-S Bratislava,Bratislava,800m-men,final,2
iaaf-grand-prix,2000,Tsiklitiria Meeting,Athens Grand Prix Tsiklitiria,Athens,100m-men,final,3
iaaf-grand-prix,2000,Tsiklitiria Meeting,Athens Grand Prix Tsiklitiria,Athens,200m-men,final,2
iaaf-grand-prix,2000,Tsiklitiria Meeting,Athens Grand Prix Tsiklitiria,Athens,400m-men,final,2
iaaf-grand-prix,2000,Tsiklitiria Meeting,Athens Grand Prix Tsiklitiria,Athens,110mh-men,final,2
iaaf-grand-prix,2000,Tsiklitiria Meeting,Athens Grand Prix Tsiklitiria,Athens,400mh-men,final,2
iaaf-grand-prix,2000,Tsiklitiria Meeting,Athens Grand Prix Tsiklitiria,Athens,100m-women,final,2
iaaf-grand-prix,2000,Tsiklitiria Meeting,Athens Grand Prix Tsiklitiria,Athens,400m-women,final,2
iaaf-grand-prix,2000,Golden Gala,Golden Gala,Rome,100m-men,final,3
iaaf-grand-prix,2000,Golden Gala,Golden Gala,Rome,100m-women,final,2
iaaf-grand-prix,2000,IAAF Meeting Zagreb,Hanžeković Memorial,Zagreb,110mh-men,final,2
iaaf-grand-prix,2000,IAAF Meeting Zagreb,Hanžeković Memorial,Zagreb,400mh-men,final,2
iaaf-grand-prix,2000,IAAF Meeting Zagreb,Hanžeković Memorial,Zagreb,100mh-women,final,2
iaaf-grand-prix,2000,Athletissima 2000,Athletissima,Lausanne,100m-men,final,2
iaaf-grand-prix,2000,Athletissima 2000,Athletissima,Lausanne,800m-men,final,2
iaaf-grand-prix,2000,Athletissima 2000,Athletissima,Lausanne,110mh-men,final,2
iaaf-grand-prix,2000,Athletissima 2000,Athletissima,Lausanne,400mh-men,final,2
iaaf-grand-prix,2000,Athletissima 2000,Athletissima,Lausanne,100m-women,final,2
iaaf-grand-prix,2000,Athletissima 2000,Athletissima,Lausanne,100mh-women,final,3
iaaf-grand-prix,2000,Mobil Bislett Games,Bislett Games,Oslo,100m-men,final,2
iaaf-grand-prix,2000,Mobil Bislett Games,Bislett Games,Oslo,800m-men,final,2
iaaf-grand-prix,2000,DN Galan,DN Galan,Stockholm,100m-men,heat,2
iaaf-grand-prix,2000,DN Galan,DN Galan,Stockholm,100m-men,final,1
iaaf-grand-prix,2000,DN Galan,DN Galan,Stockholm,100m-women,final,2
iaaf-grand-prix,2000,Norwich Union British Grand Prix,London Grand Prix,London,100m-men,final,2
iaaf-grand-prix,2000,Gugl Grand Prix,Gugl Grand Prix Linz,Linz,100m-men,final,2
iaaf-grand-prix,2000,Gugl Grand Prix,Gugl Grand Prix Linz,Linz,110mh-men,heat,2
iaaf-grand-prix,2000,Gugl Grand Prix,Gugl Grand Prix Linz,Linz,110mh-men,final,1
iaaf-grand-prix,2000,Gugl Grand Prix,Gugl Grand Prix Linz,Linz,100m-women,final,2
iaaf-grand-prix,2000,Weltklasse Zürich,Weltklasse Zürich,Zürich,100m-men,heat,2
iaaf-grand-prix,2000,Weltklasse Zürich,Weltklasse Zürich,Zürich,100m-men,final,1
iaaf-grand-prix,2000,Weltklasse Zürich,Weltklasse Zürich,Zürich,400m-men,final,2
iaaf-grand-prix,2000,Weltklasse Zürich,Weltklasse Zürich,Zürich,800m-men,final,2
iaaf-grand-prix,2000,Weltklasse Zürich,Weltklasse Zürich,Zürich,1500m-men,final,2
iaaf-grand-prix,2000,Weltklasse Zürich,Weltklasse Zürich,Zürich,110mh-men,final,2
iaaf-grand-prix,2000,Weltklasse Zürich,Weltklasse Zürich,Zürich,400mh-men,final,2
iaaf-grand-prix,2000,Weltklasse Zürich,Weltklasse Zürich,Zürich,100m-women,final,2
iaaf-grand-prix,2000,Weltklasse Zürich,Weltklasse Zürich,Zürich,100mh-women,final,2
iaaf-grand-prix,2000,Herculis Zepter,Herculis,Monaco,100m-women,final,2
iaaf-grand-prix,2000,Memorial Van Damme,Memorial Van Damme,Brussels,800m-men,final,2
iaaf-grand-prix,2000,Memorial Van Damme,Memorial Van Damme,Brussels,100m-women,final,2
iaaf-grand-prix,2000,ISTAF 2000,ISTAF Berlin,Berlin,100m-men,final,3
iaaf-grand-prix,2000,ISTAF 2000,ISTAF Berlin,Berlin,100m-women,final,2
iaaf-grand-prix,2000,Rieti 2000,Rieti Meeting,Rieti,100m-men,final,2
iaaf-grand-prix,2000,Rieti 2000,Rieti Meeting,Rieti,800m-men,final,2
iaaf-grand-prix,2007,Osaka GP 2007,Osaka Grand Prix,Osaka,100m-men,final,2
iaaf-grand-prix,2007,Qatar IAAF World Super Tour 2007,Doha Meeting,Doha,100m-men,heat,2
iaaf-grand-prix,2007,Qatar IAAF World Super Tour 2007,Doha Meeting,Doha,100m-men,final,1
iaaf-grand-prix,2007,Reebok Grand Prix,adidas Grand Prix New York,New York,400m-men,final,2
iaaf-grand-prix,2007,Exxon Mobil Bislett Games,Bislett Games,Oslo,100m-men,final,2
iaaf-grand-prix,2007,Exxon Mobil Bislett Games,Bislett Games,Oslo,110mh-men,final,2
iaaf-grand-prix,2007,Exxon Mobil Bislett Games,Bislett Games,Oslo,100m-women,final,2
iaaf-grand-prix,2007,Exxon Mobil Bislett Games,Bislett Games,Oslo,100mh-women,final,2
iaaf-grand-prix,2007,Exxon Mobil Bislett Games,Bislett Games,Oslo,400m-women,final,2
iaaf-grand-prix,2007,46th Zlata Tetra - Golden Spike,Golden Spike Ostrava,Ostrava,110mh-men,heat,2
iaaf-grand-prix,2007,46th Zlata Tetra - Golden Spike,Golden Spike Ostrava,Ostrava,110mh-men,final,1
iaaf-grand-prix,2007,Athletissima,Athletissima,Lausanne,100m-men,final,2
iaaf-grand-prix,2007,Athletissima,Athletissima,Lausanne,110mh-men,final,2
iaaf-grand-prix,2007,Athletissima,Athletissima,Lausanne,800m-men,final,2
iaaf-grand-prix,2007,Athletissima,Athletissima,Lausanne,100mh-women,final,2
iaaf-grand-prix,2007,Athletissima,Athletissima,Lausanne,1500m-women,final,2
iaaf-grand-prix,2007,Golden Gala,Golden Gala,Rome,800m-men,final,2
iaaf-grand-prix,2007,26 Meeting de Atletismo Madrid 2007,Meeting de Atletismo Madrid,Madrid,100m-men,heat,2
iaaf-grand-prix,2007,26 Meeting de Atletismo Madrid 2007,Meeting de Atletismo Madrid,Madrid,100m-men,final,1
iaaf-grand-prix,2007,26 Meeting de Atletismo Madrid 2007,Meeting de Atletismo Madrid,Madrid,110mh-men,heat,2
iaaf-grand-prix,2007,26 Meeting de Atletismo Madrid 2007,Meeting de Atletismo Madrid,Madrid,110mh-men,final,1
iaaf-grand-prix,2007,26 Meeting de Atletismo Madrid 2007,Meeting de Atletismo Madrid,Madrid,1500m-men,final,2
iaaf-grand-prix,2007,26 Meeting de Atletismo Madrid 2007,Meeting de Atletismo Madrid,Madrid,400m-men,final,2
iaaf-grand-prix,2007,26 Meeting de Atletismo Madrid 2007,Meeting de Atletismo Madrid,Madrid,800m-men,final,3
iaaf-grand-prix,2007,26 Meeting de Atletismo Madrid 2007,Meeting de Atletismo Madrid,Madrid,200m-women,final,2
iaaf-grand-prix,2007,26 Meeting de Atletismo Madrid 2007,Meeting de Atletismo Madrid,Madrid,400mh-women,final,2
iaaf-grand-prix,2007,26 Meeting de Atletismo Madrid 2007,Meeting de Atletismo Madrid,Madrid,800m-women,final,2
iaaf-grand-prix,2007,Rieti 2007,Rieti Meeting,Rieti,100m-men,heat,2
iaaf-grand-prix,2007,Rieti 2007,Rieti Meeting,Rieti,100m-men,final,1
iaaf-grand-prix,2007,Rieti 2007,Rieti Meeting,Rieti,800m-men,final,2
iaaf-grand-prix,2007,Rieti 2007,Rieti Meeting,Rieti,800m-women,final,2
iaaf-golden-league,1998,Mobil Bislett Games,Bislett Games,Oslo,100m-men,heat,3
iaaf-golden-league,1998,Mobil Bislett Games,Bislett Games,Oslo,100m-men,final,1
iaaf-golden-league,1998,Mobil Bislett Games,Bislett Games,Oslo,200m-men,final,1
iaaf-golden-league,1998,Mobil Bislett Games,Bislett Games,Oslo,400m-men,final,1
iaaf-golden-league,1998,Mobil Bislett Games,Bislett Games,Oslo,800m-men,final,2
iaaf-golden-league,1998,Mobil Bislett Games,Bislett Games,Oslo,1500m-men,final,1
iaaf-golden-league,1998,Mobil Bislett Games,Bislett Games,Oslo,3000m-men,final,1
iaaf-golden-league,1998,Mobil Bislett Games,Bislett Games,Oslo,400mh-men,final,1
iaaf-golden-league,1998,Mobil Bislett Games,Bislett Games,Oslo,100m-women,final,1
iaaf-golden-league,1998,Mobil Bislett Games,Bislett Games,Oslo,400m-women,final,1
iaaf-golden-league,1998,Mobil Bislett Games,Bislett Games,Oslo,1500m-women,final,1
iaaf-golden-league,1998,Mobil Bislett Games,Bislett Games,Oslo,100mh-women,final,1
iaaf-golden-league,1998,Golden Gala,Golden Gala,Rome,100m-men,final,1
iaaf-golden-league,1998,Golden Gala,Golden Gala,Rome,400m-men,final,1
iaaf-golden-league,1998,Golden Gala,Golden Gala,Rome,800m-men,final,1
iaaf-golden-league,1998,Golden Gala,Golden Gala,Rome,1500m-men,final,1
iaaf-golden-league,1998,Golden Gala,Golden Gala,Rome,5000m-men,final,1
iaaf-golden-league,1998,Golden Gala,Golden Gala,Rome,3000msc-men,final,1
iaaf-golden-league,1998,Golden Gala,Golden Gala,Rome,400mh-men,final,1
iaaf-golden-league,1998,Golden Gala,Golden Gala,Rome,100m-women,final,1
iaaf-golden-league,1998,Golden Gala,Golden Gala,Rome,400m-women,final,1
iaaf-golden-league,1998,Golden Gala,Golden Gala,Rome,800m-women,final,1
iaaf-golden-league,1998,Golden Gala,Golden Gala,Rome,1500m-women,final,1
iaaf-golden-league,1998,Golden Gala,Golden Gala,Rome,5000m-women,final,1
iaaf-golden-league,1998,Golden Gala,Golden Gala,Rome,100mh-women,final,1
iaaf-golden-league,1998,Herculis Zepter 98,Herculis,Monaco,100m-men,final,1
iaaf-golden-league,1998,Herculis Zepter 98,Herculis,Monaco,400m-men,final,1
iaaf-golden-league,1998,Herculis Zepter 98,Herculis,Monaco,800m-men,final,1
iaaf-golden-league,1998,Herculis Zepter 98,Herculis,Monaco,1500m-men,final,1
iaaf-golden-league,1998,Herculis Zepter 98,Herculis,Monaco,3000m-men,final,1
iaaf-golden-league,1998,Herculis Zepter 98,Herculis,Monaco,3000msc-men,final,1
iaaf-golden-league,1998,Herculis Zepter 98,Herculis,Monaco,110mh-men,final,1
iaaf-golden-league,1998,Herculis Zepter 98,Herculis,Monaco,400mh-men,final,1
iaaf-golden-league,1998,Herculis Zepter 98,Herculis,Monaco,100m-women,final,1
iaaf-golden-league,1998,Herculis Zepter 98,Herculis,Monaco,400m-women,final,1
iaaf-golden-league,1998,Herculis Zepter 98,Herculis,Monaco,800m-women,final,1
iaaf-golden-league,1998,Herculis Zepter 98,Herculis,Monaco,1500m-women,final,1
iaaf-golden-league,1998,Herculis Zepter 98,Herculis,Monaco,100mh-women,final,1
iaaf-golden-league,1998,Herculis Zepter 98,Herculis,Monaco,400mh-women,final,1
iaaf-golden-league,1998,Weltklasse Zürich,Weltklasse Zürich,Zürich,100m-men,heat,3
iaaf-golden-league,1998,Weltklasse Zürich,Weltklasse Zürich,Zürich,100m-men,final,1
iaaf-golden-league,1998,Weltklasse Zürich,Weltklasse Zürich,Zürich,400m-men,final,2
iaaf-golden-league,1998,Weltklasse Zürich,Weltklasse Zürich,Zürich,800m-men,final,2
iaaf-golden-league,1998,Weltklasse Zürich,Weltklasse Zürich,Zürich,1500m-men,final,2
iaaf-golden-league,1998,Weltklasse Zürich,Weltklasse Zürich,Zürich,5000m-men,final,1
iaaf-golden-league,1998,Weltklasse Zürich,Weltklasse Zürich,Zürich,3000msc-men,final,1
iaaf-golden-league,1998,Weltklasse Zürich,Weltklasse Zürich,Zürich,110mh-men,final,2
iaaf-golden-league,1998,Weltklasse Zürich,Weltklasse Zürich,Zürich,400mh-men,final,2
iaaf-golden-league,1998,Weltklasse Zürich,Weltklasse Zürich,Zürich,100m-women,final,2
iaaf-golden-league,1998,Weltklasse Zürich,Weltklasse Zürich,Zürich,400m-women,final,1
iaaf-golden-league,1998,Weltklasse Zürich,Weltklasse Zürich,Zürich,800m-women,final,1
iaaf-golden-league,1998,Weltklasse Zürich,Weltklasse Zürich,Zürich,1500m-women,final,1
iaaf-golden-league,1998,Weltklasse Zürich,Weltklasse Zürich,Zürich,100mh-women,heat,2
iaaf-golden-league,1998,Weltklasse Zürich,Weltklasse Zürich,Zürich,100mh-women,final,1
iaaf-golden-league,1998,Weltklasse Zürich,Weltklasse Zürich,Zürich,400mh-women,final,1
iaaf-golden-league,1998,Memorial Van Damme,Memorial Van Damme,Brussels,100m-men,final,1
iaaf-golden-league,1998,Memorial Van Damme,Memorial Van Damme,Brussels,200m-men,final,1
iaaf-golden-league,1998,Memorial Van Damme,Memorial Van Damme,Brussels,400m-men,final,1
iaaf-golden-league,1998,Memorial Van Damme,Memorial Van Damme,Brussels,800m-men,final,1
iaaf-golden-league,1998,Memorial Van Damme,Memorial Van Damme,Brussels,1500m-men,final,1
iaaf-golden-league,1998,Memorial Van Damme,Memorial Van Damme,Brussels,3000m-men,final,1
iaaf-golden-league,1998,Memorial Van Damme,Memorial Van Damme,Brussels,5000m-men,final,1
iaaf-golden-league,1998,Memorial Van Damme,Memorial Van Damme,Brussels,10000m-men,final,1
iaaf-golden-league,1998,Memorial Van Damme,Memorial Van Damme,Brussels,110mh-men,final,1
iaaf-golden-league,1998,Memorial Van Damme,Memorial Van Damme,Brussels,400mh-men,final,1
iaaf-golden-league,1998,Memorial Van Damme,Memorial Van Damme,Brussels,100m-women,final,1
iaaf-golden-league,1998,Memorial Van Damme,Memorial Van Damme,Brussels,200m-women,final,1
iaaf-golden-league,1998,Memorial Van Damme,Memorial Van Damme,Brussels,400m-women,final,1
iaaf-golden-league,1998,Memorial Van Damme,Memorial Van Damme,Brussels,1000m-women,final,1
iaaf-golden-league,1998,Memorial Van Damme,Memorial Van Damme,Brussels,1500m-women,final,1
iaaf-golden-league,1998,Memorial Van Damme,Memorial Van Damme,Brussels,100mh-women,final,1
iaaf-golden-league,1998,Memorial Van Damme,Memorial Van Damme,Brussels,400mh-women,final,1
iaaf-golden-league,1998,ISTAF 98,ISTAF Berlin,Berlin,100m-men,final,3
iaaf-golden-league,1998,ISTAF 98,ISTAF Berlin,Berlin,400m-men,final,1
iaaf-golden-league,1998,ISTAF 98,ISTAF Berlin,Berlin,1500m-men,final,1
iaaf-golden-league,1998,ISTAF 98,ISTAF Berlin,Berlin,5000m-men,final,1
iaaf-golden-league,1998,ISTAF 98,ISTAF Berlin,Berlin,110mh-men,final,1
iaaf-golden-league,1998,ISTAF 98,ISTAF Berlin,Berlin,400mh-men,final,1
iaaf-golden-league,1998,ISTAF 98,ISTAF Berlin,Berlin,100m-women,final,1
iaaf-golden-league,1998,ISTAF 98,ISTAF Berlin,Berlin,400m-women,final,1
iaaf-golden-league,1998,ISTAF 98,ISTAF Berlin,Berlin,1500m-women,final,1
iaaf-golden-league,1998,ISTAF 98,ISTAF Berlin,Berlin,5000m-women,final,1
iaaf-golden-league,1998,ISTAF 98,ISTAF Berlin,Berlin,100mh-women,final,1
iaaf-golden-league,1998,IAAF Golden League/Grand Prix Final,IAAF Grand Prix Final,Moscow,100m-men,final,1
iaaf-golden-league,1998,IAAF Golden League/Grand Prix Final,IAAF Grand Prix Final,Moscow,400m-men,final,1
iaaf-golden-league,1998,IAAF Golden League/Grand Prix Final,IAAF Grand Prix Final,Moscow,1500m-men,final,1
iaaf-golden-league,1998,IAAF Golden League/Grand Prix Final,IAAF Grand Prix Final,Moscow,3000m-men,final,1
iaaf-golden-league,1998,IAAF Golden League/Grand Prix Final,IAAF Grand Prix Final,Moscow,400mh-men,final,1
iaaf-golden-league,1998,IAAF Golden League/Grand Prix Final,IAAF Grand Prix Final,Moscow,100m-women,final,1
iaaf-golden-league,1998,IAAF Golden League/Grand Prix Final,IAAF Grand Prix Final,Moscow,400m-women,final,1
iaaf-golden-league,1998,IAAF Golden League/Grand Prix Final,IAAF Grand Prix Final,Moscow,1500m-women,final,1
iaaf-golden-league,1998,IAAF Golden League/Grand Prix Final,IAAF Grand Prix Final,Moscow,3000m-women,final,1
iaaf-golden-league,1998,IAAF Golden League/Grand Prix Final,IAAF Grand Prix Final,Moscow,100mh-women,final,1
iaaf-golden-league,1999,Mobil Bislett Games,Bislett Games,Oslo,100m-men,final,1
iaaf-golden-league,1999,Mobil Bislett Games,Bislett Games,Oslo,200m-men,final,1
iaaf-golden-league,1999,Mobil Bislett Games,Bislett Games,Oslo,400m-men,final,1
iaaf-golden-league,1999,Mobil Bislett Games,Bislett Games,Oslo,800m-men,final,2
iaaf-golden-league,1999,Mobil Bislett Games,Bislett Games,Oslo,5000m-men,final,1
iaaf-golden-league,1999,Mobil Bislett Games,Bislett Games,Oslo,3000msc-men,final,1
iaaf-golden-league,1999,Mobil Bislett Games,Bislett Games,Oslo,110mh-men,heat,3
iaaf-golden-league,1999,Mobil Bislett Games,Bislett Games,Oslo,110mh-men,final,1
iaaf-golden-league,1999,Mobil Bislett Games,Bislett Games,Oslo,200m-women,final,1
iaaf-golden-league,1999,Mobil Bislett Games,Bislett Games,Oslo,800m-women,final,2
iaaf-golden-league,1999,Mobil Bislett Games,Bislett Games,Oslo,3000m-women,final,1
iaaf-golden-league,1999,Mobil Bislett Games,Bislett Games,Oslo,400mh-women,final,1
iaaf-golden-league,1999,Golden Gala,Golden Gala,Rome,100m-men,final,1
iaaf-golden-league,1999,Golden Gala,Golden Gala,Rome,200m-men,final,1
iaaf-golden-league,1999,Golden Gala,Golden Gala,Rome,800m-men,final,2
iaaf-golden-league,1999,Golden Gala,Golden Gala,Rome,mile-men,final,1
iaaf-golden-league,1999,Golden Gala,Golden Gala,Rome,5000m-men,final,1
iaaf-golden-league,1999,Golden Gala,Golden Gala,Rome,3000msc-men,final,1
iaaf-golden-league,1999,Golden Gala,Golden Gala,Rome,110mh-men,final,1
iaaf-golden-league,1999,Golden Gala,Golden Gala,Rome,200m-women,final,1
iaaf-golden-league,1999,Golden Gala,Golden Gala,Rome,800m-women,final,1
iaaf-golden-league,1999,Golden Gala,Golden Gala,Rome,3000m-women,final,1
iaaf-golden-league,1999,Golden Gala,Golden Gala,Rome,400mh-women,final,1
iaaf-golden-league,1999,Meeting Gaz de France,Meeting de Paris,Saint-Denis,200m-men,final,1
iaaf-golden-league,1999,Meeting Gaz de France,Meeting de Paris,Saint-Denis,800m-men,final,1
iaaf-golden-league,1999,Meeting Gaz de France,Meeting de Paris,Saint-Denis,1500m-men,final,1
iaaf-golden-league,1999,Meeting Gaz de France,Meeting de Paris,Saint-Denis,3000m-men,final,1
iaaf-golden-league,1999,Meeting Gaz de France,Meeting de Paris,Saint-Denis,3000msc-men,final,1
iaaf-golden-league,1999,Meeting Gaz de France,Meeting de Paris,Saint-Denis,110mh-men,final,1
iaaf-golden-league,1999,Meeting Gaz de France,Meeting de Paris,Saint-Denis,200m-women,final,1
iaaf-golden-league,1999,Meeting Gaz de France,Meeting de Paris,Saint-Denis,800m-women,final,2
iaaf-golden-league,1999,Meeting Gaz de France,Meeting de Paris,Saint-Denis,3000m-women,final,1
iaaf-golden-league,1999,Meeting Gaz de France,Meeting de Paris,Saint-Denis,100mh-women,final,1
iaaf-golden-league,1999,Meeting Gaz de France,Meeting de Paris,Saint-Denis,400mh-women,final,1
iaaf-golden-league,1999,Herculis Zepter,Herculis,Monaco,200m-men,final,1
iaaf-golden-league,1999,Herculis Zepter,Herculis,Monaco,800m-men,final,1
iaaf-golden-league,1999,Herculis Zepter,Herculis,Monaco,1500m-men,final,1
iaaf-golden-league,1999,Herculis Zepter,Herculis,Monaco,3000m-men,final,1
iaaf-golden-league,1999,Herculis Zepter,Herculis,Monaco,3000msc-men,final,1
iaaf-golden-league,1999,Herculis Zepter,Herculis,Monaco,110mh-men,final,1
iaaf-golden-league,1999,Herculis Zepter,Herculis,Monaco,400mh-men,final,1
iaaf-golden-league,1999,Herculis Zepter,Herculis,Monaco,200m-women,final,1
iaaf-golden-league,1999,Herculis Zepter,Herculis,Monaco,400m-women,final,1
iaaf-golden-league,1999,Herculis Zepter,Herculis,Monaco,800m-women,final,1
iaaf-golden-league,1999,Herculis Zepter,Herculis,Monaco,1500m-women,final,1
iaaf-golden-league,1999,Herculis Zepter,Herculis,Monaco,3000m-women,final,1
iaaf-golden-league,1999,Herculis Zepter,Herculis,Monaco,100mh-women,final,1
iaaf-golden-league,1999,Herculis Zepter,Herculis,Monaco,400mh-women,final,1
iaaf-golden-league,1999,Weltklasse Zürich,Weltklasse Zürich,Zürich,100m-men,final,1
iaaf-golden-league,1999,Weltklasse Zürich,Weltklasse Zürich,Zürich,200m-men,final,1
iaaf-golden-league,1999,Weltklasse Zürich,Weltklasse Zürich,Zürich,400m-men,final,2
iaaf-golden-league,1999,Weltklasse Zürich,Weltklasse Zürich,Zürich,800m-men,final,2
iaaf-golden-league,1999,Weltklasse Zürich,Weltklasse Zürich,Zürich,1500m-men,final,2
iaaf-golden-league,1999,Weltklasse Zürich,Weltklasse Zürich,Zürich,5000m-men,final,1
iaaf-golden-league,1999,Weltklasse Zürich,Weltklasse Zürich,Zürich,3000msc-men,final,1
iaaf-golden-league,1999,Weltklasse Zürich,Weltklasse Zürich,Zürich,110mh-men,final,2
iaaf-golden-league,1999,Weltklasse Zürich,Weltklasse Zürich,Zürich,400mh-men,final,2
iaaf-golden-league,1999,Weltklasse Zürich,Weltklasse Zürich,Zürich,100m-women,final,1
iaaf-golden-league,1999,Weltklasse Zürich,Weltklasse Zürich,Zürich,200m-women,final,1
iaaf-golden-league,1999,Weltklasse Zürich,Weltklasse Zürich,Zürich,800m-women,final,1
iaaf-golden-league,1999,Weltklasse Zürich,Weltklasse Zürich,Zürich,1500m-women,final,1
iaaf-golden-league,1999,Weltklasse Zürich,Weltklasse Zürich,Zürich,3000m-women,final,1
iaaf-golden-league,1999,Weltklasse Zürich,Weltklasse Zürich,Zürich,100mh-women,final,1
iaaf-golden-league,1999,Weltklasse Zürich,Weltklasse Zürich,Zürich,400mh-women,final,1
iaaf-golden-league,1999,Memorial Van Damme,Memorial Van Damme,Brussels,100m-men,final,1
iaaf-golden-league,1999,Memorial Van Damme,Memorial Van Damme,Brussels,200m-men,final,1
iaaf-golden-league,1999,Memorial Van Damme,Memorial Van Damme,Brussels,800m-men,final,1
iaaf-golden-league,1999,Memorial Van Damme,Memorial Van Damme,Brussels,1500m-men,final,1
iaaf-golden-league,1999,Memorial Van Damme,Memorial Van Damme,Brussels,3000m-men,final,1
iaaf-golden-league,1999,Memorial Van Damme,Memorial Van Damme,Brussels,10000m-men,final,1
iaaf-golden-league,1999,Memorial Van Damme,Memorial Van Damme,Brussels,3000msc-men,final,1
iaaf-golden-league,1999,Memorial Van Damme,Memorial Van Damme,Brussels,110mh-men,final,1
iaaf-golden-league,1999,Memorial Van Damme,Memorial Van Damme,Brussels,200m-women,final,1
iaaf-golden-league,1999,Memorial Van Damme,Memorial Van Damme,Brussels,800m-women,final,1
iaaf-golden-league,1999,Memorial Van Damme,Memorial Van Damme,Brussels,3000m-women,final,1
iaaf-golden-league,1999,Memorial Van Damme,Memorial Van Damme,Brussels,400mh-women,final,1
iaaf-golden-league,1999,ISTAF '99,ISTAF Berlin,Berlin,100m-men,final,2
iaaf-golden-league,1999,ISTAF '99,ISTAF Berlin,Berlin,200m-men,final,1
iaaf-golden-league,1999,ISTAF '99,ISTAF Berlin,Berlin,800m-men,final,1
iaaf-golden-league,1999,ISTAF '99,ISTAF Berlin,Berlin,2000m-men,final,1
iaaf-golden-league,1999,ISTAF '99,ISTAF Berlin,Berlin,5000m-men,final,1
iaaf-golden-league,1999,ISTAF '99,ISTAF Berlin,Berlin,3000msc-men,final,1
iaaf-golden-league,1999,ISTAF '99,ISTAF Berlin,Berlin,110mh-men,final,1
iaaf-golden-league,1999,ISTAF '99,ISTAF Berlin,Berlin,200m-women,final,1
iaaf-golden-league,1999,ISTAF '99,ISTAF Berlin,Berlin,800m-women,final,1
iaaf-golden-league,1999,ISTAF '99,ISTAF Berlin,Berlin,5000m-women,final,1
iaaf-golden-league,1999,ISTAF '99,ISTAF Berlin,Berlin,400mh-women,final,1
iaaf-golden-league,2000,Meeting Gaz de France Paris Saint-Denis,Meeting de Paris,Saint-Denis,100m-men,final,1
iaaf-golden-league,2000,Meeting Gaz de France Paris Saint-Denis,Meeting de Paris,Saint-Denis,800m-men,final,1
iaaf-golden-league,2000,Meeting Gaz de France Paris Saint-Denis,Meeting de Paris,Saint-Denis,1500m-men,final,1
iaaf-golden-league,2000,Meeting Gaz de France Paris Saint-Denis,Meeting de Paris,Saint-Denis,3000m-men,final,1
iaaf-golden-league,2000,Meeting Gaz de France Paris Saint-Denis,Meeting de Paris,Saint-Denis,3000msc-men,final,1
iaaf-golden-league,2000,Meeting Gaz de France Paris Saint-Denis,Meeting de Paris,Saint-Denis,400mh-men,final,1
iaaf-golden-league,2000,Meeting Gaz de France Paris Saint-Denis,Meeting de Paris,Saint-Denis,100m-women,final,1
iaaf-golden-league,2000,Meeting Gaz de France Paris Saint-Denis,Meeting de Paris,Saint-Denis,200m-women,final,1
iaaf-golden-league,2000,Meeting Gaz de France Paris Saint-Denis,Meeting de Paris,Saint-Denis,800m-women,final,1
iaaf-golden-league,2000,Meeting Gaz de France Paris Saint-Denis,Meeting de Paris,Saint-Denis,1500m-women,final,1
iaaf-golden-league,2000,Meeting Gaz de France Paris Saint-Denis,Meeting de Paris,Saint-Denis,3000m-women,final,1
iaaf-golden-league,2000,Meeting Gaz de France Paris Saint-Denis,Meeting de Paris,Saint-Denis,100mh-women,final,1
iaaf-golden-league,2000,Meeting Gaz de France Paris Saint-Denis,Meeting de Paris,Saint-Denis,400mh-women,final,1
iaaf-golden-league,2000,Golden Gala,Golden Gala,Rome,100m-men,final,3
iaaf-golden-league,2000,Golden Gala,Golden Gala,Rome,200m-men,final,1
iaaf-golden-league,2000,Golden Gala,Golden Gala,Rome,800m-men,final,1
iaaf-golden-league,2000,Golden Gala,Golden Gala,Rome,1500m-men,final,1
iaaf-golden-league,2000,Golden Gala,Golden Gala,Rome,5000m-men,final,1
iaaf-golden-league,2000,Golden Gala,Golden Gala,Rome,3000msc-men,final,1
iaaf-golden-league,2000,Golden Gala,Golden Gala,Rome,110mh-men,final,1
iaaf-golden-league,2000,Golden Gala,Golden Gala,Rome,400mh-men,final,1
iaaf-golden-league,2000,Golden Gala,Golden Gala,Rome,100m-women,final,2
iaaf-golden-league,2000,Golden Gala,Golden Gala,Rome,1500m-women,final,1
iaaf-golden-league,2000,Golden Gala,Golden Gala,Rome,100mh-women,final,1
iaaf-golden-league,2000,Golden Gala,Golden Gala,Rome,400mh-women,final,1
iaaf-golden-league,2000,Exxon Mobil Bislett Games,Bislett Games,Oslo,100m-men,final,2
iaaf-golden-league,2000,Exxon Mobil Bislett Games,Bislett Games,Oslo,200m-men,final,1
iaaf-golden-league,2000,Exxon Mobil Bislett Games,Bislett Games,Oslo,800m-men,final,2
iaaf-golden-league,2000,Exxon Mobil Bislett Games,Bislett Games,Oslo,mile-men,final,1
iaaf-golden-league,2000,Exxon Mobil Bislett Games,Bislett Games,Oslo,5000m-men,final,1
iaaf-golden-league,2000,Exxon Mobil Bislett Games,Bislett Games,Oslo,400mh-men,final,1
iaaf-golden-league,2000,Exxon Mobil Bislett Games,Bislett Games,Oslo,100m-women,final,1
iaaf-golden-league,2000,Exxon Mobil Bislett Games,Bislett Games,Oslo,400m-women,final,1
iaaf-golden-league,2000,Exxon Mobil Bislett Games,Bislett Games,Oslo,1500m-women,final,1
iaaf-golden-league,2000,Exxon Mobil Bislett Games,Bislett Games,Oslo,100mh-women,final,1
iaaf-golden-league,2000,Weltklasse Zürich,Weltklasse Zürich,Zürich,100m-men,heat,2
iaaf-golden-league,2000,Weltklasse Zürich,Weltklasse Zürich,Zürich,100m-men,final,1
iaaf-golden-league,2000,Weltklasse Zürich,Weltklasse Zürich,Zürich,400m-men,final,2
iaaf-golden-league,2000,Weltklasse Zürich,Weltklasse Zürich,Zürich,800m-men,final,2
iaaf-golden-league,2000,Weltklasse Zürich,Weltklasse Zürich,Zürich,1500m-men,final,2
iaaf-golden-league,2000,Weltklasse Zürich,Weltklasse Zürich,Zürich,5000m-men,final,1
iaaf-golden-league,2000,Weltklasse Zürich,Weltklasse Zürich,Zürich,3000msc-men,final,1
iaaf-golden-league,2000,Weltklasse Zürich,Weltklasse Zürich,Zürich,110mh-men,final,2
iaaf-golden-league,2000,Weltklasse Zürich,Weltklasse Zürich,Zürich,400mh-men,final,2
iaaf-golden-league,2000,Weltklasse Zürich,Weltklasse Zürich,Zürich,100m-women,final,2
iaaf-golden-league,2000,Weltklasse Zürich,Weltklasse Zürich,Zürich,800m-women,final,1
iaaf-golden-league,2000,Weltklasse Zürich,Weltklasse Zürich,Zürich,1500m-women,final,1
iaaf-golden-league,2000,Weltklasse Zürich,Weltklasse Zürich,Zürich,3000m-women,final,1
iaaf-golden-league,2000,Weltklasse Zürich,Weltklasse Zürich,Zürich,100mh-women,final,2
iaaf-golden-league,2000,Herculis Zepter,Herculis,Monaco,100m-men,final,1
iaaf-golden-league,2000,Herculis Zepter,Herculis,Monaco,800m-men,final,1
iaaf-golden-league,2000,Herculis Zepter,Herculis,Monaco,1500m-men,final,1
iaaf-golden-league,2000,Herculis Zepter,Herculis,Monaco,3000m-men,final,1
iaaf-golden-league,2000,Herculis Zepter,Herculis,Monaco,3000msc-men,final,1
iaaf-golden-league,2000,Herculis Zepter,Herculis,Monaco,110mh-men,final,1
iaaf-golden-league,2000,Herculis Zepter,Herculis,Monaco,400mh-men,final,1
iaaf-golden-league,2000,Herculis Zepter,Herculis,Monaco,100m-women,final,2
iaaf-golden-league,2000,Herculis Zepter,Herculis,Monaco,400m-women,final,1
iaaf-golden-league,2000,Herculis Zepter,Herculis,Monaco,1500m-women,final,1
iaaf-golden-league,2000,Herculis Zepter,Herculis,Monaco,3000m-women,final,1
iaaf-golden-league,2000,Herculis Zepter,Herculis,Monaco,100mh-women,final,1
iaaf-golden-league,2000,Herculis Zepter,Herculis,Monaco,400mh-women,final,1
iaaf-golden-league,2000,Memorial Van Damme,Memorial Van Damme,Brussels,100m-men,final,1
iaaf-golden-league,2000,Memorial Van Damme,Memorial Van Damme,Brussels,200m-men,final,1
iaaf-golden-league,2000,Memorial Van Damme,Memorial Van Damme,Brussels,400m-men,final,1
iaaf-golden-league,2000,Memorial Van Damme,Memorial Van Damme,Brussels,800m-men,final,2
iaaf-golden-league,2000,Memorial Van Damme,Memorial Van Damme,Brussels,mile-men,final,1
iaaf-golden-league,2000,Memorial Van Damme,Memorial Van Damme,Brussels,5000m-men,final,1
iaaf-golden-league,2000,Memorial Van Damme,Memorial Van Damme,Brussels,10000m-men,final,1
iaaf-golden-league,2000,Memorial Van Damme,Memorial Van Damme,Brussels,110mh-men,final,1
iaaf-golden-league,2000,Memorial Van Damme,Memorial Van Damme,Brussels,400mh-men,final,1
iaaf-golden-league,2000,Memorial Van Damme,Memorial Van Damme,Brussels,100m-women,final,2
iaaf-golden-league,2000,Memorial Van Damme,Memorial Van Damme,Brussels,400m-women,final,1
iaaf-golden-league,2000,Memorial Van Damme,Memorial Van Damme,Brussels,800m-women,final,1
iaaf-golden-league,2000,Memorial Van Damme,Memorial Van Damme,Brussels,1500m-women,final,1
iaaf-golden-league,2000,Memorial Van Damme,Memorial Van Damme,Brussels,100mh-women,final,1
iaaf-golden-league,2000,ISTAF 2000,ISTAF Berlin,Berlin,100m-men,final,3
iaaf-golden-league,2000,ISTAF 2000,ISTAF Berlin,Berlin,400m-men,final,1
iaaf-golden-league,2000,ISTAF 2000,ISTAF Berlin,Berlin,1500m-men,final,1
iaaf-golden-league,2000,ISTAF 2000,ISTAF Berlin,Berlin,3000m-men,final,1
iaaf-golden-league,2000,ISTAF 2000,ISTAF Berlin,Berlin,110mh-men,final,1
iaaf-golden-league,2000,ISTAF 2000,ISTAF Berlin,Berlin,400mh-men,final,1
iaaf-golden-league,2000,ISTAF 2000,ISTAF Berlin,Berlin,100m-women,final,2
iaaf-golden-league,2000,ISTAF 2000,ISTAF Berlin,Berlin,1500m-women,final,1
iaaf-golden-league,2000,ISTAF 2000,ISTAF Berlin,Berlin,5000m-women,final,1
iaaf-golden-league,2000,ISTAF 2000,ISTAF Berlin,Berlin,100mh-women,final,1
iaaf-golden-league,2001,Golden Gala,Golden Gala,Rome,100m-men,final,2
iaaf-golden-league,2001,Golden Gala,Golden Gala,Rome,800m-men,final,1
iaaf-golden-league,2001,Golden Gala,Golden Gala,Rome,mile-men,final,1
iaaf-golden-league,2001,Golden Gala,Golden Gala,Rome,5000m-men,final,1
iaaf-golden-league,2001,Golden Gala,Golden Gala,Rome,3000msc-men,final,1
iaaf-golden-league,2001,Golden Gala,Golden Gala,Rome,110mh-men,final,1
iaaf-golden-league,2001,Golden Gala,Golden Gala,Rome,400mh-men,final,1
iaaf-golden-league,2001,Golden Gala,Golden Gala,Rome,100m-women,final,2
iaaf-golden-league,2001,Golden Gala,Golden Gala,Rome,800m-women,final,1
iaaf-golden-league,2001,Golden Gala,Golden Gala,Rome,1500m-women,final,1
iaaf-golden-league,2001,Golden Gala,Golden Gala,Rome,3000m-women,final,1
iaaf-golden-league,2001,Golden Gala,Golden Gala,Rome,400mh-women,final,1
iaaf-golden-league,2001,Meeting Gaz de France Paris Saint-Denis,Meeting de Paris,Saint-Denis,100m-men,final,1
iaaf-golden-league,2001,Meeting Gaz de France Paris Saint-Denis,Meeting de Paris,Saint-Denis,800m-men,final,1
iaaf-golden-league,2001,Meeting Gaz de France Paris Saint-Denis,Meeting de Paris,Saint-Denis,1500m-men,final,1
iaaf-golden-league,2001,Meeting Gaz de France Paris Saint-Denis,Meeting de Paris,Saint-Denis,5000m-men,final,1
iaaf-golden-league,2001,Meeting Gaz de France Paris Saint-Denis,Meeting de Paris,Saint-Denis,3000msc-men,final,1
iaaf-golden-league,2001,Meeting Gaz de France Paris Saint-Denis,Meeting de Paris,Saint-Denis,110mh-men,final,1
iaaf-golden-league,2001,Meeting Gaz de France Paris Saint-Denis,Meeting de Paris,Saint-Denis,400mh-men,final,1
iaaf-golden-league,2001,Meeting Gaz de France Paris Saint-Denis,Meeting de Paris,Saint-Denis,100m-women,final,1
iaaf-golden-league,2001,Meeting Gaz de France Paris Saint-Denis,Meeting de Paris,Saint-Denis,800m-women,final,1
iaaf-golden-league,2001,Meeting Gaz de France Paris Saint-Denis,Meeting de Paris,Saint-Denis,1500m-women,final,1
iaaf-golden-league,2001,Meeting Gaz de France Paris Saint-Denis,Meeting de Paris,Saint-Denis,3000m-women,final,1
iaaf-golden-league,2001,Meeting Gaz de France Paris Saint-Denis,Meeting de Paris,Saint-Denis,100mh-women,final,1
iaaf-golden-league,2001,Meeting Gaz de France Paris Saint-Denis,Meeting de Paris,Saint-Denis,400mh-women,final,1
iaaf-golden-league,2001,Exxon Mobil Bislett Games,Bislett Games,Oslo,100m-men,heat,3
iaaf-golden-league,2001,Exxon Mobil Bislett Games,Bislett Games,Oslo,100m-men,final,1
iaaf-golden-league,2001,Exxon Mobil Bislett Games,Bislett Games,Oslo,800m-men,final,1
iaaf-golden-league,2001,Exxon Mobil Bislett Games,Bislett Games,Oslo,mile-men,final,1
iaaf-golden-league,2001,Exxon Mobil Bislett Games,Bislett Games,Oslo,5000m-men,final,1
iaaf-golden-league,2001,Exxon Mobil Bislett Games,Bislett Games,Oslo,3000msc-men,final,1
iaaf-golden-league,2001,Exxon Mobil Bislett Games,Bislett Games,Oslo,110mh-men,final,1
iaaf-golden-league,2001,Exxon Mobil Bislett Games,Bislett Games,Oslo,100m-women,final,1
iaaf-golden-league,2001,Exxon Mobil Bislett Games,Bislett Games,Oslo,800m-women,final,1
iaaf-golden-league,2001,Exxon Mobil Bislett Games,Bislett Games,Oslo,1500m-women,final,1
iaaf-golden-league,2001,Exxon Mobil Bislett Games,Bislett Games,Oslo,5000m-women,final,1
iaaf-golden-league,2001,Exxon Mobil Bislett Games,Bislett Games,Oslo,400mh-women,final,1
iaaf-golden-league,2001,Herculis,Herculis,Monaco,100m-men,final,1
iaaf-golden-league,2001,Herculis,Herculis,Monaco,800m-men,final,1
iaaf-golden-league,2001,Herculis,Herculis,Monaco,1500m-men,final,1
iaaf-golden-league,2001,Herculis,Herculis,Monaco,3000m-men,final,1
iaaf-golden-league,2001,Herculis,Herculis,Monaco,3000msc-men,final,1
iaaf-golden-league,2001,Herculis,Herculis,Monaco,110mh-men,final,1
iaaf-golden-league,2001,Herculis,Herculis,Monaco,400mh-men,final,1
iaaf-golden-league,2001,Herculis,Herculis,Monaco,100m-women,final,1
iaaf-golden-league,2001,Herculis,Herculis,Monaco,400m-women,final,1
iaaf-golden-league,2001,Herculis,Herculis,Monaco,800m-women,final,1
iaaf-golden-league,2001,Herculis,Herculis,Monaco,1500m-women,final,1
iaaf-golden-league,2001,Herculis,Herculis,Monaco,3000m-women,final,1
iaaf-golden-league,2001,Herculis,Herculis,Monaco,100mh-women,final,1
iaaf-golden-league,2001,Herculis,Herculis,Monaco,400mh-women,final,1
iaaf-golden-league,2001,Weltklasse Zürich,Weltklasse Zürich,Zürich,100m-men,heat,2
iaaf-golden-league,2001,Weltklasse Zürich,Weltklasse Zürich,Zürich,100m-men,final,1
iaaf-golden-league,2001,Weltklasse Zürich,Weltklasse Zürich,Zürich,200m-men,final,1
iaaf-golden-league,2001,Weltklasse Zürich,Weltklasse Zürich,Zürich,800m-men,final,2
iaaf-golden-league,2001,Weltklasse Zürich,Weltklasse Zürich,Zürich,1500m-men,final,2
iaaf-golden-league,2001,Weltklasse Zürich,Weltklasse Zürich,Zürich,5000m-men,final,1
iaaf-golden-league,2001,Weltklasse Zürich,Weltklasse Zürich,Zürich,3000msc-men,final,1
iaaf-golden-league,2001,Weltklasse Zürich,Weltklasse Zürich,Zürich,110mh-men,final,2
iaaf-golden-league,2001,Weltklasse Zürich,Weltklasse Zürich,Zürich,400mh-men,final,2
iaaf-golden-league,2001,Weltklasse Zürich,Weltklasse Zürich,Zürich,100m-women,final,2
iaaf-golden-league,2001,Weltklasse Zürich,Weltklasse Zürich,Zürich,800m-women,final,1
iaaf-golden-league,2001,Weltklasse Zürich,Weltklasse Zürich,Zürich,1500m-women,final,1
iaaf-golden-league,2001,Weltklasse Zürich,Weltklasse Zürich,Zürich,3000m-women,final,1
iaaf-golden-league,2001,Weltklasse Zürich,Weltklasse Zürich,Zürich,100mh-women,final,1
iaaf-golden-league,2001,Weltklasse Zürich,Weltklasse Zürich,Zürich,400mh-women,final,1
iaaf-golden-league,2001,Memorial Van Damme,Memorial Van Damme,Brussels,100m-men,final,1
iaaf-golden-league,2001,Memorial Van Damme,Memorial Van Damme,Brussels,200m-men,final,1
iaaf-golden-league,2001,Memorial Van Damme,Memorial Van Damme,Brussels,800m-men,final,1
iaaf-golden-league,2001,Memorial Van Damme,Memorial Van Damme,Brussels,1500m-men,final,1
iaaf-golden-league,2001,Memorial Van Damme,Memorial Van Damme,Brussels,3000m-men,final,1
iaaf-golden-league,2001,Memorial Van Damme,Memorial Van Damme,Brussels,10000m-men,final,1
iaaf-golden-league,2001,Memorial Van Damme,Memorial Van Damme,Brussels,3000msc-men,final,1
iaaf-golden-league,2001,Memorial Van Damme,Memorial Van Damme,Brussels,110mh-men,final,1
iaaf-golden-league,2001,Memorial Van Damme,Memorial Van Damme,Brussels,100m-women,final,1
iaaf-golden-league,2001,Memorial Van Damme,Memorial Van Damme,Brussels,200m-women,final,1
iaaf-golden-league,2001,Memorial Van Damme,Memorial Van Damme,Brussels,800m-women,final,1
iaaf-golden-league,2001,Memorial Van Damme,Memorial Van Damme,Brussels,1500m-women,final,1
iaaf-golden-league,2001,Memorial Van Damme,Memorial Van Damme,Brussels,3000m-women,final,1
iaaf-golden-league,2001,Memorial Van Damme,Memorial Van Damme,Brussels,400mh-women,final,1
iaaf-golden-league,2001,ISTAF '01,ISTAF Berlin,Berlin,100m-men,final,1
iaaf-golden-league,2001,ISTAF '01,ISTAF Berlin,Berlin,800m-men,final,1
iaaf-golden-league,2001,ISTAF '01,ISTAF Berlin,Berlin,2000m-men,final,1
iaaf-golden-league,2001,ISTAF '01,ISTAF Berlin,Berlin,3000m-men,final,1
iaaf-golden-league,2001,ISTAF '01,ISTAF Berlin,Berlin,3000msc-men,final,1
iaaf-golden-league,2001,ISTAF '01,ISTAF Berlin,Berlin,110mh-men,final,1
iaaf-golden-league,2001,ISTAF '01,ISTAF Berlin,Berlin,100m-women,final,1
iaaf-golden-league,2001,ISTAF '01,ISTAF Berlin,Berlin,400m-women,final,1
iaaf-golden-league,2001,ISTAF '01,ISTAF Berlin,Berlin,800m-women,final,1
iaaf-golden-league,2001,ISTAF '01,ISTAF Berlin,Berlin,1500m-women,final,1
iaaf-golden-league,2001,ISTAF '01,ISTAF Berlin,Berlin,5000m-women,final,1
iaaf-golden-league,2001,ISTAF '01,ISTAF Berlin,Berlin,400mh-women,final,1
iaaf-permit-meetings,1989,Rieti '89,Rieti Meeting,Rieti,100m-men,final,2
iaaf-permit-meetings,1990,Rieti '90,Rieti Meeting,Rieti,110mh-men,final,2
iaaf-permit-meetings,1990,Rieti '90,Rieti Meeting,Rieti,200m-men,final,2
iaaf-permit-meetings,1990,Rieti '90,Rieti Meeting,Rieti,800m-men,final,2
iaaf-permit-meetings,1992,Rieti '92,Rieti Meeting,Rieti,400m-women,final,2
iaaf-permit-meetings,1992,Mazda Gugl Internationales,Gugl Grand Prix,Linz,100m-men,heat,2
iaaf-permit-meetings,1992,Intl Leichtathletik-Abendsportfest,Koblenz international meeting,Koblenz,400mh-men,final,2
iaaf-permit-meetings,1993,Znamensky Memorial,Znamensky Memorial,Moscow,100mh-women,heat,1
iaaf-permit-meetings,1993,International Invitation Meeting,Budapest International Invitation Meeting,Budapest,100m-men,heat,1
iaaf-permit-meetings,1993,Sestriere,International Meeting Sestriere,Sestriere,110mh-men,final,2
iaaf-permit-meetings,1993,Sestriere,International Meeting Sestriere,Sestriere,200m-men,final,2
iaaf-permit-meetings,1993,IAAF International Invitation Meeting,Gateshead Games,Gateshead,800m-men,final,2
iaaf-permit-meetings,1993,IAAF Invitation Meeting,Sheffield Grand Prix,Sheffield,110mh-men,final,3
iaaf-permit-meetings,1994,International Invitation Meeting,Budapest International Invitation Meeting,Budapest,100m-men,heat,3
iaaf-permit-meetings,1994,International Invitation Meeting,Budapest International Invitation Meeting,Budapest,100m-women,heat,1
iaaf-permit-meetings,1994,6th International Meeting Sestriere,International Meeting Sestriere,Sestriere,110mh-men,final,2
iaaf-permit-meetings,1995,Budapest International Invitation Meeting,Budapest International Invitation Meeting,Budapest,100m-men,heat,1
iaaf-permit-meetings,1995,Budapest International Invitation Meeting,Budapest International Invitation Meeting,Budapest,100m-women,final,2
iaaf-permit-meetings,1995,Budapest International Invitation Meeting,Budapest International Invitation Meeting,Budapest,400m-women,final,2
iaaf-permit-meetings,1995,7th International Meeting Sestriere,International Meeting Sestriere,Sestriere,100m-men,final,2
iaaf-permit-meetings,1995,'95 Toto International Super Meet,Toto International Super Meet,Tokyo,100m-men,heat,2
iaaf-permit-meetings,1995,'95 Toto International Super Meet,Toto International Super Meet,Tokyo,110mh-men,heat,2
iaaf-grand-prix-ii,2002,Meeting de Atletismo Sevilla 2002,Gran Premio Diputación de Sevilla,Seville,100m-men,heat,2
iaaf-grand-prix-ii,2002,Meeting de Atletismo Sevilla 2002,Gran Premio Diputación de Sevilla,Seville,400m-men,final,2
iaaf-grand-prix-ii,2002,Meeting de Atletismo Sevilla 2002,Gran Premio Diputación de Sevilla,Seville,1500m-men,final,2
iaaf-grand-prix-ii,2002,Meeting de Atletismo Sevilla 2002,Gran Premio Diputación de Sevilla,Seville,100m-women,final,2
iaaf-grand-prix-ii,2002,Cena Slovenska – Slovak Gold,P-T-S Meeting (Slovak Gold),Bratislava,100m-men,final,2
iaaf-grand-prix-ii,2002,Cena Slovenska – Slovak Gold,P-T-S Meeting (Slovak Gold),Bratislava,100m-women,final,2
iaaf-grand-prix-ii,2002,IAAF Meeting Zagreb,Hanžeković Memorial,Zagreb,100m-men,final,2
iaaf-grand-prix-ii,2002,IAAF Meeting Zagreb,Hanžeković Memorial,Zagreb,110mh-men,heat,2
iaaf-grand-prix-ii,2003,Meeting du Conseil General de la Martinique,Meeting de Fort-de-France,Fort-de-France,100m-men,heat,2
iaaf-grand-prix-ii,2003,Meeting du Conseil General de la Martinique,Meeting de Fort-de-France,Fort-de-France,200m-men,final,2
iaaf-grand-prix-ii,2003,Meeting du Conseil General de la Martinique,Meeting de Fort-de-France,Fort-de-France,110mh-men,final,2
iaaf-grand-prix-ii,2003,Meeting du Conseil General de la Martinique,Meeting de Fort-de-France,Fort-de-France,100m-women,heat,2
iaaf-grand-prix-ii,2003,Meeting du Conseil General de la Martinique,Meeting de Fort-de-France,Fort-de-France,200m-women,final,2
iaaf-grand-prix-ii,2003,Meeting du Conseil General de la Martinique,Meeting de Fort-de-France,Fort-de-France,100mh-women,final,2
iaaf-grand-prix-ii,2003,Notturna di Milano,Notturna di Milano,Milan,100m-men,heat,2
iaaf-grand-prix-ii,2003,Meeting Memorial Primo Nebiolo,Memorial Primo Nebiolo,Turin,100m-men,heat,2
iaaf-grand-prix-ii,2003,Znamenski Memorial,Brothers Znamensky Memorial,Tula,400m-men,final,3
iaaf-grand-prix-ii,2003,Znamenski Memorial,Brothers Znamensky Memorial,Tula,100m-women,heat,2
iaaf-grand-prix-ii,2003,Znamenski Memorial,Brothers Znamensky Memorial,Tula,200m-women,final,2
iaaf-grand-prix-ii,2003,Znamenski Memorial,Brothers Znamensky Memorial,Tula,400m-women,final,3
iaaf-grand-prix-ii,2003,Cena Slovenska / Slovak Gold,P-T-S Meeting (Slovak Gold),Bratislava,100m-men,final,2
iaaf-grand-prix-ii,2003,Cena Slovenska / Slovak Gold,P-T-S Meeting (Slovak Gold),Bratislava,400m-men,final,2
iaaf-grand-prix-ii,2003,Cena Slovenska / Slovak Gold,P-T-S Meeting (Slovak Gold),Bratislava,800m-men,final,2
iaaf-grand-prix-ii,2003,Cena Slovenska / Slovak Gold,P-T-S Meeting (Slovak Gold),Bratislava,400mh-men,final,2
iaaf-grand-prix-ii,2003,Cena Slovenska / Slovak Gold,P-T-S Meeting (Slovak Gold),Bratislava,200m-women,final,2
iaaf-grand-prix-ii,2003,Cena Slovenska / Slovak Gold,P-T-S Meeting (Slovak Gold),Bratislava,400m-women,final,2
iaaf-grand-prix-ii,2003,Cena Slovenska / Slovak Gold,P-T-S Meeting (Slovak Gold),Bratislava,100mh-women,final,2
iaaf-grand-prix-ii,2003,Cena Slovenska / Slovak Gold,P-T-S Meeting (Slovak Gold),Bratislava,400mh-women,final,2
iaaf-grand-prix-ii,2003,Memorial Josefa Odlozila,Josef Odložil Memorial,Prague,100m-men,heat,2
iaaf-grand-prix-ii,2003,Memorial Josefa Odlozila,Josef Odložil Memorial,Prague,100mh-women,final,2
iaaf-grand-prix-ii,2003,International Meeting Thessaloniki,International Meeting Thessaloniki,Thessaloniki,100m-men,final,2
iaaf-grand-prix-ii,2003,International Meeting Thessaloniki,International Meeting Thessaloniki,Thessaloniki,400m-men,final,2
iaaf-grand-prix-ii,2004,Meeting IAAF du Conseil General,Meeting de Fort-de-France,Fort-de-France,100m-men,heat,3
iaaf-grand-prix-ii,2004,Meeting IAAF du Conseil General,Meeting de Fort-de-France,Fort-de-France,200m-men,final,2
iaaf-grand-prix-ii,2004,Meeting IAAF du Conseil General,Meeting de Fort-de-France,Fort-de-France,100m-women,heat,2
iaaf-grand-prix-ii,2004,Meeting IAAF du Conseil General,Meeting de Fort-de-France,Fort-de-France,200m-women,final,2
iaaf-grand-prix-ii,2004,Memorial Josefa Odlozila,Josef Odložil Memorial,Prague,100m-men,heat,2
iaaf-grand-prix-ii,2004,Znamensky Memorial,Brothers Znamensky Memorial,Kazan,400m-women,final,2
iaaf-grand-prix-ii,2004,Znamensky Memorial,Brothers Znamensky Memorial,Kazan,800m-women,final,3
iaaf-grand-prix-ii,2004,Znamensky Memorial,Brothers Znamensky Memorial,Kazan,100mh-women,heat,2
iaaf-grand-prix-ii,2004,Thessaloníki 2004,International Meeting Thessaloniki,Thessaloniki,100m-men,final,2
iaaf-grand-prix-ii,2004,Thessaloníki 2004,International Meeting Thessaloniki,Thessaloniki,400m-men,final,2
iaaf-grand-prix-ii,2004,Thessaloníki 2004,International Meeting Thessaloniki,Thessaloniki,100m-women,final,2
iaaf-grand-prix-ii,2004,Thessaloníki 2004,International Meeting Thessaloniki,Thessaloniki,400m-women,final,2
iaaf-grand-prix-ii,2004,KBC Night of Athletics,KBC Night of Athletics,Heusden-Zolder,100m-men,heat,3
iaaf-grand-prix-ii,2004,KBC Night of Athletics,KBC Night of Athletics,Heusden-Zolder,400m-men,final,2
iaaf-grand-prix-ii,2004,KBC Night of Athletics,KBC Night of Athletics,Heusden-Zolder,800m-men,final,2
iaaf-grand-prix-ii,2004,KBC Night of Athletics,KBC Night of Athletics,Heusden-Zolder,100m-women,final,2
iaaf-grand-prix-ii,2004,KBC Night of Athletics,KBC Night of Athletics,Heusden-Zolder,800m-women,final,2
millrose-games,1913,Millrose Games,,New York,600y-men,final,2
millrose-games,1914,Millrose Games,,New York,600y-men,final,2
millrose-games,1919,Millrose Games,,New York,1000y-men,final,2
millrose-games,1920,Millrose Games,,New York,1000y-men,final,2
millrose-games,1921,Millrose Games,,New York,600y-men,final,2
millrose-games,1924,Millrose Games,,New York,1000y-men,final,3
millrose-games,1925,Millrose Games,,New York,880y-men,final,2
millrose-games,1933,Millrose Games,,New York,800m-men,final,2
iaaf-grand-prix,2001,Melbourne Track Classic,Melbourne Track Classic,Melbourne,100m-men,final,2
iaaf-grand-prix,2001,Melbourne Track Classic,Melbourne Track Classic,Melbourne,400m-men,final,2
iaaf-grand-prix,2001,Melbourne Track Classic,Melbourne Track Classic,Melbourne,800m-men,final,2
iaaf-grand-prix,2001,Melbourne Track Classic,Melbourne Track Classic,Melbourne,100m-women,final,2
iaaf-grand-prix,2001,Engen Grand Prix,Engen Grand Prix (Pretoria),Pretoria,100m-men,heat,2
iaaf-grand-prix,2001,Engen Grand Prix,Engen Grand Prix (Pretoria),Pretoria,100m-men,final,1
iaaf-grand-prix,2001,Engen Grand Prix,Engen Grand Prix (Pretoria),Pretoria,200m-men,final,2
iaaf-grand-prix,2001,Prefontaine Classic,Prefontaine Classic,Eugene,200m-women,final,2
iaaf-grand-prix,2001,Atletismo Sevilla 2001,Gran Premio Diputación Sevilla,Seville,100m-men,heat,2
iaaf-grand-prix,2001,Atletismo Sevilla 2001,Gran Premio Diputación Sevilla,Seville,100m-men,final,1
iaaf-grand-prix,2001,Atletismo Sevilla 2001,Gran Premio Diputación Sevilla,Seville,400m-men,final,2
iaaf-grand-prix,2001,Atletismo Sevilla 2001,Gran Premio Diputación Sevilla,Seville,100m-women,heat,2
iaaf-grand-prix,2001,Atletismo Sevilla 2001,Gran Premio Diputación Sevilla,Seville,100m-women,final,1
iaaf-grand-prix,2001,Atletismo Sevilla 2001,Gran Premio Diputación Sevilla,Seville,100mh-women,final,2
iaaf-grand-prix,2001,Athens Grand Prix,Athens Grand Prix Tsiklitiria,Athens,100m-men,heat,2
iaaf-grand-prix,2001,Athens Grand Prix,Athens Grand Prix Tsiklitiria,Athens,100m-men,final,1
iaaf-grand-prix,2001,Athens Grand Prix,Athens Grand Prix Tsiklitiria,Athens,200m-men,final,2
iaaf-grand-prix,2001,Athens Grand Prix,Athens Grand Prix Tsiklitiria,Athens,100m-women,final,2
iaaf-grand-prix,2001,Cena Slovenska – Slovak Gold,P-T-S Bratislava,Bratislava,800m-men,final,2
iaaf-grand-prix,2001,Asics Grand Prix Helsinki,Helsinki Grand Prix,Helsinki,100m-men,final,2
iaaf-grand-prix,2001,Golden Gala,Golden Gala,Rome,100m-men,final,2
iaaf-grand-prix,2001,Golden Gala,Golden Gala,Rome,100m-women,final,2
iaaf-grand-prix,2001,Zagreb 2001 (IAAF Meeting Zagreb),Hanžeković Memorial,Zagreb,100m-men,final,2
iaaf-grand-prix,2001,Athletissima 2001,Athletissima,Lausanne,100m-men,final,2
iaaf-grand-prix,2001,Athletissima 2001,Athletissima,Lausanne,110mh-men,final,2
iaaf-grand-prix,2001,Athletissima 2001,Athletissima,Lausanne,400mh-men,final,2
iaaf-grand-prix,2001,Athletissima 2001,Athletissima,Lausanne,100m-women,final,2
iaaf-grand-prix,2001,Athletissima 2001,Athletissima,Lausanne,100mh-women,final,2
iaaf-grand-prix,2001,Nikaia,Meeting Nikaïa,Nice,200m-women,final,2
iaaf-grand-prix,2001,Exxon Mobil Bislett Games,Bislett Games,Oslo,100m-men,heat,3
iaaf-grand-prix,2001,Exxon Mobil Bislett Games,Bislett Games,Oslo,100m-men,final,1
iaaf-grand-prix,2001,DN Galan,DN Galan,Stockholm,100m-men,heat,2
iaaf-grand-prix,2001,DN Galan,DN Galan,Stockholm,100m-men,final,1
iaaf-grand-prix,2001,DN Galan,DN Galan,Stockholm,200m-women,final,2
iaaf-grand-prix,2001,Norwich Union British Grand Prix,London Grand Prix,London,100m-men,final,2
iaaf-grand-prix,2001,Norwich Union British Grand Prix,London Grand Prix,London,100m-women,heat,2
iaaf-grand-prix,2001,Norwich Union British Grand Prix,London Grand Prix,London,100m-women,final,1
iaaf-grand-prix,2001,Weltklasse Zürich,Weltklasse Zürich,Zürich,100m-men,heat,2
iaaf-grand-prix,2001,Weltklasse Zürich,Weltklasse Zürich,Zürich,100m-men,final,1
iaaf-grand-prix,2001,Weltklasse Zürich,Weltklasse Zürich,Zürich,800m-men,final,2
iaaf-grand-prix,2001,Weltklasse Zürich,Weltklasse Zürich,Zürich,1500m-men,final,2
iaaf-grand-prix,2001,Weltklasse Zürich,Weltklasse Zürich,Zürich,110mh-men,final,2
iaaf-grand-prix,2001,Weltklasse Zürich,Weltklasse Zürich,Zürich,400mh-men,final,2
iaaf-grand-prix,2001,Weltklasse Zürich,Weltklasse Zürich,Zürich,100m-women,final,2
iaaf-grand-prix,2001,IAAF Grand Prix Gugl-Meeting,Gugl Grand Prix Linz,Linz,100m-men,heat,2
iaaf-grand-prix,2001,IAAF Grand Prix Gugl-Meeting,Gugl Grand Prix Linz,Linz,100m-men,final,1
iaaf-grand-prix,2002,Meeting de Atletismo Sevilla 2002,Gran Premio Diputación Sevilla,Seville,100m-men,heat,2
iaaf-grand-prix,2002,Meeting de Atletismo Sevilla 2002,Gran Premio Diputación Sevilla,Seville,100m-men,final,1
iaaf-grand-prix,2002,Meeting de Atletismo Sevilla 2002,Gran Premio Diputación Sevilla,Seville,400m-men,final,2
iaaf-grand-prix,2002,Meeting de Atletismo Sevilla 2002,Gran Premio Diputación Sevilla,Seville,1500m-men,final,2
iaaf-grand-prix,2002,Meeting de Atletismo Sevilla 2002,Gran Premio Diputación Sevilla,Seville,100m-women,final,2
iaaf-grand-prix,2002,Athens Grand Prix Tsiklitiria,Athens Grand Prix Tsiklitiria,Athens,100m-men,final,2
iaaf-grand-prix,2002,Athens Grand Prix Tsiklitiria,Athens Grand Prix Tsiklitiria,Athens,200m-men,final,2
iaaf-grand-prix,2002,Athens Grand Prix Tsiklitiria,Athens Grand Prix Tsiklitiria,Athens,100m-women,final,2
iaaf-grand-prix,2002,Athens Grand Prix Tsiklitiria,Athens Grand Prix Tsiklitiria,Athens,100mh-women,final,2
iaaf-grand-prix,2002,Cena Slovenska – Slovak Gold,P-T-S Bratislava,Bratislava,100m-men,final,2
iaaf-grand-prix,2002,Cena Slovenska – Slovak Gold,P-T-S Bratislava,Bratislava,100m-women,final,2
iaaf-grand-prix,2002,Exxon Mobil Bislett Games,Bislett Games,Oslo,100m-men,final,3
iaaf-grand-prix,2002,Exxon Mobil Bislett Games,Bislett Games,Oslo,100mh-women,final,2
iaaf-grand-prix,2002,Athletissima 2002,Athletissima,Lausanne,100m-men,final,3
iaaf-grand-prix,2002,Athletissima 2002,Athletissima,Lausanne,1500m-men,final,2
iaaf-grand-prix,2002,Athletissima 2002,Athletissima,Lausanne,110mh-men,final,3
iaaf-grand-prix,2002,Athletissima 2002,Athletissima,Lausanne,400mh-men,final,2
iaaf-grand-prix,2002,Athletissima 2002,Athletissima,Lausanne,100m-women,final,2
iaaf-grand-prix,2002,Athletissima 2002,Athletissima,Lausanne,800m-women,final,2
iaaf-grand-prix,2002,Athletissima 2002,Athletissima,Lausanne,100mh-women,final,2
iaaf-grand-prix,2002,IAAF Meeting Zagreb,Hanžeković Memorial,Zagreb,100m-men,final,2
iaaf-grand-prix,2002,IAAF Meeting Zagreb,Hanžeković Memorial,Zagreb,110mh-men,heat,2
iaaf-grand-prix,2002,IAAF Meeting Zagreb,Hanžeković Memorial,Zagreb,110mh-men,final,1
iaaf-grand-prix,2002,Golden Gala,Golden Gala,Rome,100m-men,final,2
iaaf-grand-prix,2002,Golden Gala,Golden Gala,Rome,100m-women,final,2
iaaf-grand-prix,2002,DN Galan,DN Galan,Stockholm,100m-men,heat,2
iaaf-grand-prix,2002,DN Galan,DN Galan,Stockholm,100m-men,final,1
iaaf-grand-prix,2002,DN Galan,DN Galan,Stockholm,100m-women,final,2
iaaf-grand-prix,2002,Weltklasse Zürich,Weltklasse Zürich,Zürich,100m-men,heat,2
iaaf-grand-prix,2002,Weltklasse Zürich,Weltklasse Zürich,Zürich,100m-men,final,1
iaaf-grand-prix,2002,Weltklasse Zürich,Weltklasse Zürich,Zürich,800m-men,final,2
iaaf-grand-prix,2002,Weltklasse Zürich,Weltklasse Zürich,Zürich,400mh-men,final,2
iaaf-grand-prix,2002,Weltklasse Zürich,Weltklasse Zürich,Zürich,100m-women,final,2
iaaf-grand-prix,2002,Norwich Union British Grand Prix,London Grand Prix,London,100m-men,heat,2
iaaf-grand-prix,2002,Norwich Union British Grand Prix,London Grand Prix,London,100m-men,final,1
